sample_id,unit_id,unit_type,stratum,text,text_sha256
training-20260915-s1,31167658:p00199,paragraph,random,"• Finally, the project will contribute to Objective 7: Building resilience at the community level. Unpredictable weather patterns, unreliable pricing information and crop failure due to diseases are a few of the issues that digital services could tackle in Benin. The project will directly support the objective of improving resilience to these shocks by promoting digital solutions that will enhance the ability of smallholder farmers to anticipate and mitigate the impacts of adverse events.",a9576b525a70305b9e87aa1cae11b0fb88aa0e1a6578e3c10640a5df4e564f52
training-20260915-s1,31167658:p00524,paragraph,random,• Development of digital applications and services for agriculture;,09e089ee9d09890389dfc7a361cf5425df8e209489bf9987390c6e2ea317a87c
training-20260915-s1,31167658:p00551,paragraph,near|mobile_towers,"(i) infrastructure-mapping and service-mapping, with the current status of the ICT infrastructure itself (i.e. mobile sites, power electricity availability, trackway access, backhauling availability) and the service availability (i.e. 2G and 3G availability, bandwidth, retail prices). The mapping will include the climate change dimension by highlighting those pockets in the project areas that are highly susceptible to climate changes in future. This activity will consult with Operators and MENC on best options for the provisioning of rural electricity as part of connectivity solutions and also explore synergies with other related projects from the Energy sector;",78a068f36c868e823f4708f69ee609914c57ebfbba6fa9512d793bd7d02b5359
training-20260915-s1,31167658:p00571,paragraph,near|mobile_towers,"(ii) The type of wireless network access infrastructure to be supported by the public funds, which can consist of: passive telecom towers to facilitate the deployment of active mobile antennas by mobile network operators; a fully active Radio Access Network deployed by a mobile network operator, who provides a local roaming access to other mobile network operators; low-cost 'microsite' alternative deployed by third-parties for rural areas targeted by the project who then sell their services to mobile network operators; other types of wireless access such as satellite access.",cf4ce8cef7adde751b18d9eae760dab02700437d94a9ea2aa1c689a53c0a1646
training-20260915-s1,31167658:p00647,paragraph,near|mobile_towers,"• On the supply-side (cost). To ensure the coverage of the offline population in the northern region (approximately 1.87 million inhabitants), the project foresee the deployment of 380 fully operational sites, each site covering around 2,500 inhabitants on average and costing US$200,000 for installation and commissioning (CAPEX). The RAN infrastructure will consist of both passive and active components. The passive components include land acquisition and preparation, structure deployment (50-metre lattice tower), shelters, and power solution with solar panels or generators; active components include 2G/3G-ready active equipment, and backhaul to connect to the core network infrastructure, including installation and commissioning. The operation expenditures (OPEX) are evaluated as a percentage of the CAPEX and represent 18 percent of the cumulated CAPEX. OPEX include land and structure maintenance and site security with decentralized and local staff, backhaul fees, power generator or solar panel maintenance and use of deep-cycle batteries.",5c6db34550538da4f4e922cac98de3254609b92ff803c89994af59df0cb169fd
training-20260915-s1,31338295:p00161,paragraph,near|dpi,"21. Together with the digitization of key government records, three cross-cutting digital platforms that constitute the building blocks for the development of a WoG digital government platform are selected for delivery under this component:",ac4341c722580c6fec82d97deea8761221f91958ccdffaec89d4ebd59c7eb9f4
training-20260915-s1,31338295:p00285,paragraph,near|dpi,"8. This component also will finance activities for the design, deployment, and operation of the cross-cutting platforms to enable digital service delivery. The EA will serve as the basis for the design and implementation of these platforms. These unified and common platforms - sometimes referred to as ""back-end systems"" - can be used across multiple entities. As such, they constitute the building blocks for the delivery of a wide range of e-services. They also underpin the continued and effective delivery of the critical administrative functions of a government during normal times and in the aftermath of a disaster. Three platforms are selected for delivery under this component: an electronic payment system; a single sign-on digital identifier platform; and a spatial data platform.",fb92f4038c56fb400614554b64282ed920a4e32129e702f18dea89fbb66da7d4
training-20260915-s1,31338295:p00287,paragraph,near|dpi,"10. Single Sign-on Digital Identifier Platform. The facility for digital identification of users constitutes the backbone for the provision of e-government services as they allow safe, secure and legally verifiable access to these services. This facility creates the legal foundations for the validation of contractual and non-contractual interactions between the government and citizens. Digital identification allows governments to move services online, resulting in improvements in efficiency, productivity, and user satisfaction. In a post-disaster situation, this facility is critical to facilitate the transactions to which citizens typically need access (e.g. social transfers and citizen records such as deeds and birth certificates). Grenada currently has multiple and disparate systems for identification verification that impede ease of interaction with the government. The objective of this activity is to enable GOG to consolidate the different citizen identity systems that it currently employs into a unique, cloud-based digital identifier platform, which, together with the electronic payment system, will facilitate the provision of e-services that require authentication and authorization.",30d6c3aa9bde1331f9a4c7d997aff1a74118660000d873af8c515bea1209600e
training-20260915-s1,31747152:p00203,paragraph,random,(b) No person eligible for enrollment shall be prevented from obtaining a NIN due to an inability to produce a physical breeder document.,8fd65a3ac125a189d6837f169731dc996f7282103ca2e6c60bf91c39a5e25856
training-20260915-s1,31747152:p00229,paragraph,random,"(k) Other privacy protection mechanisms that may enhance data protection and privacy of registrants and NIN holders are detailed in the following paragraphs, including in annex 2.",4feb0bede48f14e6b2a818992b173f03bc0d793cd7931aee2e412995812215dd
training-20260915-s1,31747152:p00235,paragraph,near|cybersecurity,"(iv) Subcomponent 2.4: Reinforcing information security and privacy. To strengthen the safeguarding of private data and ID systems, activities to provide the necessary information security and cybersecurity will be supported under the project. Security at the back end will be bolstered to appropriately protect the integrity of the database and personal data against breaches, attacks, and human/physical vulnerabilities. The project will establish information security and cybersecurity compliance standards, conduct privacy audits and information technology (IT) security audits and maintain certifications, reinforce cybersecurity capacity and establish a National Identification Sectorial Computer Emergency Response Team (ID- CERT) with a Security Operations Center (ID-SOC), reinforce Public Key Infrastructure (PKI) for ID, and provide capacity building on information security.",9fc63c640db384715f8a7aeccc4137c0e88888a322b7a406604a363c764509c4
training-20260915-s1,31747152:p00371,paragraph,random,111. The overall risk for the operation is High. The systematic operations risk rating tool (SORT) in the datasheet of this document presents programmatic risks by category. Primary risks arise from (a) unstable politics and governance; (b) sector strategies and policies related to IDs; (c) technical design; (d) low institutional capacity for implementation; and (e) fiduciary factors.,31ef4b959c39ee809c98fff76ae3cc5e960f46a00d98d14c045d0d49034e75bb
training-20260915-s1,31747152:p00503,paragraph,random,"13. Legal framework for cybersecurity. Nigeria has a Cybercrime Act (2015) which aimed to also cover issues related to cybersecurity. However, a legislative review, conducted in 2018, found that this combined legislation does not provide for sufficient treatment of cybersecurity and recommended that Nigeria consider maintaining separate laws for each of these areas. It further recommended that amended cybersecurity legislation should clearly state the penalties for breaches of obligations by CNII holders rather than empowering the respective sectorial regulators—not all of which are yet in place—to define the penalties for cybersecurity breaches in their sector and potentially cause misalignment of penalties across sectors. An amended law should also define the time line for the reporting of cybersecurity incidents, contain provisions for requiring cybersecurity service providers and products to be licensed, and establish clear powers of the national CERT to prevent and investigate cybersecurity breaches. The amended cybersecurity legal framework should also set standards for IT security of government information systems and databases.",afb651463aad6c5ab48a12a443552a93d13451818a3c4dbeca6e8b083ac4c26d
training-20260915-s1,31747152:p00524,paragraph,random,"23. This subcomponent will finance the reinforcement of the NIMS. Managed by NIMC, the NIMS, lies at the heart of the foundational ID ecosystem and provides a comprehensive database of all persons in Nigeria and all Nigerians abroad, with uniqueness guaranteed by biometrics. By linking with the digital CR system (at NPopC), the robustness, coverage and legal validity of the foundational ID ecosystem will be ensured in the long term. The NIMS will also support authentication of unique identity at the point of service delivery or client/beneficiary onboarding (see Component 3 for details.)",7aaa15cc8407b7541df5ec0a150f5c1305d012132604f8a2a6bbe3a72fe3c72a
training-20260915-s1,31747152:p00578,paragraph,random,Activity 2.3.5: Licensing and assurance of enrollment partners,b058d98218188390619cd6f95e744781601254d6b29a29e08db01b1b8e19c4dd
training-20260915-s1,31747152:p00715,paragraph,random,"(c) End line study to understand the development impacts of foundational ID on household economic and welfare outcomes. The final round of data collection will be geared toward measuring the development impacts of foundational ID once it is connected to other public and private systems, including the impacts on access to public and private services, social safety nets, financial inclusion, and so on, as well as downstream impacts on access to credit, jobs, income, and subjective well- being. The study will conduct heterogeneous analysis to measure the impacts on particular groups of interest including women, ethnic minorities, and the poor.",50b2d4770ebf61696fc8350b7f90d13757d65549dc2e1c8d229b95d5f39a99df
training-20260915-s1,31866361:p00137,paragraph,near|submarine_cable,"5. FSM has made substantial progress over the past decade to rollout new infrastructure and create the market conditions necessary to support investments in digital services. The passage of the Telecommunications Act of 2014 liberalized the telecommunications sector and removed the monopoly conferred on FSM Telecommunications Corporation (FSMTC) as the state-owned incumbent operator. The law also provided for the creation of the FSM Open Access Entity (OAE), also known as FSM Telecommunications Cable Corporation (FSMTCC), as a wholesale- only provider of backbone services. In addition, the law established the Telecommunication Regulation Authority (TRA) as the independent sector regulator. In terms of broadband infrastructure, with the support of the United States Rural Utilities Service (RUS), Pohnpei was connected via the HANTRU-1 submarine cable system in 2010. With the support of the ongoing World Bank FSM Connectivity Project (P130592), submarine cable systems now connect Yap (since mid-2018) and Chuuk (mid-2019). Work is also significantly advanced to connect Kosrae to the East Micronesia Cable (EMC) system, which is expected to enter service by mid-2021. The EMC system is a collaboration between FSM, Kiribati (financed by IDA) and Nauru (financed by the Asian Development Bank). FSM's IDA-financed submarine cable systems are owned and operated by the OAE. Access to capacity on the submarine cable systems is guaranteed on transparent, non-discriminatory and cost-based terms.",f0f7217af917e9286e7a014693f1cede955cbe2ca8ba928c0eec98a17822e789
training-20260915-s1,31866361:p00158,paragraph,near|drm_ews,"(i) sectoral planning tools informed by climate change and natural disasters; (ii) more climate resilient communications infrastructure; (iii) measures to strengthen the enabling environment to improve climate resilience; and (iv) contingent emergency response. The overarching objective is to improve the climate resilience of communications infrastructure, including early warning and emergency response systems. The Digital FSM project will contribute to improving disaster relief efforts by increasing the likelihood that communications are available in the aftermath of a disaster, helping Government, non-governmental organizations and first responders assess the impact and coordinate aid.",38db3438af42baf7888ab85d43fbce53f7690289dd6090d07bafab6d32633003
training-20260915-s1,31866361:p00257,paragraph,near|fiber|submarine_cable,"45. The access networks on Kosrae, Pohnpei, Chuuk and Yap require an upgrade to bring the high capacity bandwidth provided by the submarine cables to the end-users. The development of the access networks requires terrestrial fiber optic roll-out on each of the State islands. The core fiber optic network and drops to individual premises will be deployed by the OAE. The final connections delivering retail services for end users (government, business and homes) will be done by the service providers. The services providers will be responsible for customer relations, customer service, etc., and will access the wholesale fiber services from the OAE on an open access and non- discriminatory basis. The total cost for the FTTH rollout is estimated at US$8.8 million plus the costs of transport of all materials to the four states and general project overhead to manage the contractors implementing the passive infrastructure. The indicative costs are calculated based on the anticipated mix of aerial and underground deployment (excluding transport and overhead) and the estimated costs that will be incurred by the OAE (core fiber network and individual drops) and the service providers (active infrastructure such as customer premises equipment (CPEs) and optical line terminals (OLTs) and passive splitters).",f7ee0cc8f63bd39759f173db275b5ff0e023ac0ccec90fcd77dbe6afcbedbfa4
training-20260915-s1,31866361:p00259,paragraph,near|mobile_towers,"46. The active infrastructure layer will be deployed and financed by the service providers. These costs include the modems, active optical equipment and installation costs to deliver services to customers as summarized in the following table.",a7f4ebbe38cf28a66e08f5e4cb29724575dec5dd34d2d3596587bafbedbdd333
training-20260915-s1,31866361:p00261,paragraph,near|fiber|submarine_cable,"47. The blend of underground and aerial infrastructure for terrestrial fiber optic infrastructure will be determined during the final technical design and specification of the bidding documents. Aerial infrastructure capital expenditures (CAPEX) costs are almost two times lower and OPEX costs are slightly lower compared to underground infrastructure. However, aerial infrastructure is more vulnerable to natural disasters. Natural disasters such as typhoons occur regularly in FSM. With 8,400 mm of precipitation per year, Pohnpei is also one of the wettest regions in the world. This climate can damage an aerial network. If a disaster happens, aerial infrastructure may be damaged leading to outages and significant replacement costs. However, underground infrastructure faces other risks as well. Uncontrolled digging can damage the cables while people will be careful to stay away from the aerial cables since they would be adjacent to the power lines. Repair of underground infrastructure is more costly and more time- consuming. Flooding is also a particular threat to underground fiber infrastructure. It is assumed that the core fiber on each of the main islands (Pohnpei, Yap and Kosrae) will be buried underground. The periphery of the networks, including drops to individual premises, will be aerial utilizing existing infrastructure, particularly existing poles for electricity distribution. The cost of the fiber drops to individual premises is a relatively small proportion of total costs, comprising approximately US$1.1M of the US$8.8M total needed to install the on-island fiber infrastructure.",6e4c37a91cfbcc91616f60c56f58428ea7591f5db51d6bd271873e45c616bb6f
training-20260915-s1,31866361:p00262,paragraph,near|mobile_towers,"48. The deployment of the terrestrial fiber networks will also make possible the rollout of LTE networks on a cost- efficient basis. The installation of the LTE networks 14 will be done by competing mobile operators. Existing towers can be shared and most of the new cell sites can be very simple pole/small mast type of sites. There is no need for the new deployment of costly large towers. Adding more small and simple cell sites using fiber optic fronthaul capacity supplied by the OAE is more efficient—and utilizing the wholesale only OAE network on an open access and non-discriminatory and cost basis reduces the problems commonly associated with regulating access to essential facility infrastructure owned and controlled by vertically integrated operators. Each operator will establish and maintain a mobile core network, which may be located either within FSM or elsewhere in the region to improve utilization and economies of scale. On each island a local LTE radio access network (RAN) will be required for access to end-user mobile services. The estimated cost of each LTE RAN is approximately US$1.9 million for all 4 States, which assumes operators use existing towers, small fill-in sites and an existing mobile core network.",beb57f890613a535a43f0c9d87a99c71b276dfd7fd730516b843d5a00bc75f7a
training-20260915-s1,31866361:p00269,paragraph,near|dpi,"54. An integrated Government digital platform will need to be developed to consolidate multiple independent systems. As part of the development of the Digital Government Strategic Framework, government will identify how to consolidate systems and the highest priority frontline digital services that could be deployed in the next 2-3 years. Business registration, land registration, social systems, taxation and education, for example, are not accessible online. The interface between these existing systems will need to be developed, particularly around common standards and coding to promote interoperability between datasets, in addition to the Government ICT architecture to support the more widespread and systematic rollout of digital services. Such architecture would provide common enablers needed by most electronic and mobile services such as identity authentication, business authentication, digital ID integration, content management, electronic payment services, data services, notification services etc. Using such enabling tools, government departments could potentially save 30-40 percent of the time needed for online service implementation and could reduce their overall ICT cost by 20-30 percent, based on experiences in other countries. As part of the development of the Digital Government Strategic Framework, government will identify its highest priority frontline services that could be deployed in the next 2-3 years.",34860667ad16d53664df4a1742c8cf5b8b0b4c4493032e6c1924509839f9af66
training-20260915-s1,31889872:p00190,paragraph,near|drm_ews,"30. The 911 Platform will also enable data analytics and planning of future emergency response, identification of high-risk areas, and potential solutions to reduce the risk of emergencies or disasters in the future. Furthermore, the project will promote the link to SISMATE through the establishment of protocols that will enable a better coordinated and efficient response in case of natural disasters or other crises.",92d6f7fbf338a32c79379a5eeee38e5db4b24300c071faa277fd27b8ede4ce7c
training-20260915-s1,31889872:p00194,paragraph,near|fiber,providers through already deployed underground fiber-optic cables and will include alternative and redundant routes.,b4fa62c505555b61845ed11de97ea82c18bd3d69a67c22d09acf95efa9295081
training-20260915-s1,31889872:p00225,paragraph,near|drm_ews,"50. The World Bank Group has a solid and long-standing disaster risk management (DRM) engagement in Peru and has recently contributed support to the GoP through the Technical Study for the Development of an Early Warning Messaging System (SISMATE) (P170566). 28 This includes the use of digital technologies for improving disaster management and preventing losses from disasters. Through the establishment of SISMATE, the population of Peru will be alerted and guided when a disaster occurs through free mobile text messages. Furthermore, the project will address critical DRM capacity and institutional constraints that will contribute to enhancing resilience at the subnational level.",48bc5474da2f223f5b89f694cad16c221cafc0203b688a6dc1c6e5c52da29a1d
training-20260915-s1,31889872:p00454,paragraph,near|drm_ews,"(d) Increase coordination and efficiency in responding to emergencies through improved collection, delivery, and processing of information. These activities will enhance the capacity of the entities to adequately attend to users and citizens and collect the necessary information to respond to emergencies following a set of established protocols. This includes the introduction of innovative solutions for building institutional capacity on emergency response.",23bb998a98e17c7c50457cba88b1e028f80ea64e5a298be238368af3251b1437
training-20260915-s1,32108178:p00207,paragraph,near|cybersecurity,"33. This subcomponent aims to build trust in online transactions and strengthen the security and resilience of digital infrastructure and systems. It will promote cybersecurity awareness and capacity building as well as create an enabling environment and institutions needed to protect the public and private sector from cyber vulnerabilities. The project will utilize a combination of regional and national level approaches to share knowledge, and resources and to respond to shared threats. The subcomponent will also include support to develop harmonized data protection and privacy frameworks across the region to ensure a unified space for investment and deployment of data-driven services. Specific activities will include:",b9b8ee50ccb58740262308ed118edeff9992650e513ad9fe32d81ea8a4d5ec00
training-20260915-s1,32108178:p00279,paragraph,random,"(b) Grenada: A dedicated PIU has been established in the Ministry of National Security, Public Administration, Home Affairs, and ICT for implementation of all digital transformation projects. Project financing will be utilized to augment existing capacity of the PIU or other supporting units as needed. The Central Procurement Unit of the Ministry of Finance will be responsible for procurement support under the project and the Accountant General's office will be responsible for FM. Environmental and Social Safeguards oversight will be managed by the central unit covering all World Bank-financed projects. The Permanent Secretary of Public Administration, Ministry of National Security, Public Administration, Home Affairs, and ICT will undertake coordination responsibilities for project implementation until a full-time project manager is recruited.",469d0175757d425fafe843a105310b74b5d7d74ae87fbab43e2c046917845d61
training-20260915-s1,32108178:p00690,paragraph,near|data_hosting,"(i) Support for development of a government datacenter or use of commercial cloud services to host government data and services, including migration from existing arrangements of fragmented storage at the level of individual ministries and agencies to the selected platform/infrastructure. All storage solutions (whether new infrastructure or services) will follow best practices for green energy, mitigation of climate-related risks (siting servers out of flood plains, etc.) and ensuring automated backup and disaster recovery of data; and",efe00983487a47b327032f30d3941298a30cc88dc64d19560bad9808991d9e8d
training-20260915-s1,32108178:p00792,paragraph,near|drm_ews,"(c) An integrated geospatial data platform linked with land records can inform both advanced planning and impact modeling for climate or health events, while also enabling decision making and rapid assistance targeting impacted households (for example, government can identify the impacted households or agricultural plots, know who they belong to, and make compensatory payments digitally);",f201ab1a3ecd0de0d7c9f9480cc3b7d6c6f02b89ee12b5890ccb236f3a984333
training-20260915-s1,32159893:p00122,paragraph,near|access_connectivity,"10. Several factors help explain the dismal performance of digital infrastructures: notably a high share of the population living in rural areas (84 percent of the total population compared to 60 percent for SSA - see Figure 1.3), limited access to electricity (11 percent of the rural population have access to electricity compared to 23 percent for SSA10), and high mobile prices (a basket of mobile services represents 33 percent of monthly Gross National Income (GNI) per capita compared to 14 percent for Africa). The lack of affordability can be partly attributed to a high level of sector taxation, while inadequate mobile applications and services (that are not always available in local languages) and low international connectivity contribute to a relatively low level of usage by regional standards.",815172b477bf426e27e69335c0561ccb1b730b8f9c7972db123241d33e77e4d6
training-20260915-s1,32159893:p00363,paragraph,near|mobile_towers,"a. infrastructure-mapping and service-mapping, with the current status of the digital infrastructure itself (i.e. mobile sites, power electricity availability, backhauling availability) and the service availability (i.e. 2G, 3G and 4G availability, bandwidth, retail prices);",c999349e7617482d86f4fd51aacc0eef8a18fc97214a3814b7ed3c5f67602da2
training-20260915-s1,32159893:p00368,paragraph,near|mobile_towers,"b. The type of wireless network access infrastructure to be supported by the project funds would be selected by the private sector, based on their own assessment of the best available and most cost effective technology to use. Examples of what this may comprise include: i) passive telecom towers to facilitate the deployment of active mobile antennas by mobile network operators; ii) a fully active Radio Access Network deployed by a mobile network operator, which provides national roaming access to other mobile network operators (perhaps after a brief exclusivity period of, say, one year); iii) a low-cost 'microsite' alternative deployed by third-parties for rural areas targeted by the project who then sell their services to mobile network operators; iv) other types of fiber, wireless or satellite access.",1c6ad81cec8e270856add5b440082193e124d73b1ef1790d21b9db928c153782
training-20260915-s1,32159893:p00506,paragraph,near|mobile_towers,"a. On the supply-side (cost). To ensure the coverage of the offline population in the 2,100 or so villages, the projects foresee the deployment of 2,100 fully operational sites, each site covering one village (i.e. around 600 inhabitants per site). Each site cost in average US$60,000 for installation and commissioning (CAPEX). The RAN infrastructure will consist of both passive and active components. The passive components include land acquisition and preparation, structure deployment (small 4 to 6 meter lattice tower), and power solution with solar panels or generators; active components include mobile telephony and broadband active equipment, and backhaul to connect to the core network infrastructure, including installation and commissioning. The OPEX are evaluated as a percentage of the CAPEX and represent 15 percent of the cumulated CAPEX. OPEX include land and structure maintenance and site security with decentralized and local staff, backhaul fees, power generator or solar panel maintenance and use of deep-cycle batteries.",c51ad3bfc605634bd9c76c170f91e4185b6e249bc7ba97b20cdd58394465c198
training-20260915-s1,32159893:p00544,paragraph,near|drm_ews,"6. Under Component 3 - Activity 3.1.1. sites at higher risk of natural disasters (e.g., storms or flooding) will be identified, and the resilience of the digital centers in these areas will be enhanced, by designing data backup and recovery systems to prevent data loss in the event of climatic shocks.",a3067af6e5137196885d36fbf414ef98f3c5a816b34d9b1fd0787f670d5b2a2a
training-20260915-s1,32321387:p00273,paragraph,random,"81. Weak institutional capacity for implementing and sustaining the operation poses a Substantial risk and may adversely impact achievement of the PDO. Sustaining the outcomes of the Project holds some uncertainty due to Open Net NNLE's limited track record. Risk mitigation measures include technical assistance for network construction—especially in the initial phases—and operations, and implementation capacity building provided under Subcomponents 1.1 and 3, as needed. The Project will also consider the possibility of an alternative arrangement where Open Net NNLE will outsource network management and operation in case of sustained issues in capacity development and mobilization, or limited progress towards meeting the PDO. Furthermore, a risk of unforeseen shifts in demand, causing SPs to stop or reduce their connectivity purchases and undermine the financial sustainability of the network, subsists. Component 2, which seeks to build sustained demand for broadband services, combined with extensive and regular stakeholder engagement with the SPs through mechanisms identified in the POM, are intended to mitigate some part of the risk of demand shifts.",dac114c6ee35dc8f0eec80e2ada4e2ae883cfaa514554f777100a3fe64cb784e
training-20260915-s1,32321387:p00395,paragraph,near|fiber|mobile_towers,"12. The primary technology for the network, given the capacity requirements to deliver the targets of the NBDS, will be OFC infrastructure. In the coming years, newer technologies (especially 5G wireless networks) might emerge as options, but currently they do not offer the same balance of quality and reliability as OFC networks.94 Where the costs of underground OFC deployment might prove to be prohibitive (e.g., in high-mountainous regions), or where cost savings are possible by using existing utility or public infrastructure, the network can be deployed using poles (e.g., for street lighting or electricity) and aerial cable.95 The costs of these deployments are lower, but they are more susceptible to some natural disasters such as landslides that are more likely in some regions. On the other hand, underground fiber networks are susceptible to flooding. Hence, in both cases, the design of the network shall seek to enhance climate resilience given the specific location. The precise mix of underground and aerial infrastructure for the network will be determined during the final technical design and reflected in the specifications of the bidding documents; at this time, the Project assumes about a third of the network will be aerial.",0caa88902e0b0ad9fe2199d57b07214eabb908f9f576e2db8b722272e02a1a78
training-20260915-s1,32527137:p00201,paragraph,random,"34. In the context of the COVID-19 crisis, a Contingent Emergency Response Component (CERC) is added to the project structure to provide support to the GoCV to respond to emergencies, including the COVID-19 crisis It will have an initial zero value but may be financed during the implementation of the project to allow for agile response to emerging events, with funds redirected from other components. Including CERC at the preparation stage, albeit with zero funding, provides for flexibility to respond to an imminent or actual emergency (such as COVID-19). The crisis response expenditures could cover, for instance, the facilitation of emergency payments to vulnerable groups of population using mobile money; ensuring business continuity of core government functions, when civil servants are required to continue home-based work; or supporting of MSMEs, particularly the most",974dd8a636b3c7047e333395a1284febbf43cd44ca56e52032012b2be8593bdc
training-20260915-s1,32527137:p00335,paragraph,random,"(d) Integrated e-ID Doing Business Unit, Prime",5b8e528ecb3bc6b08af56277e4f10d002ed364b0e5681f3244ef48f21593160b
training-20260915-s1,32626249:p00139,paragraph,near|mobile_towers,"12. ). The towers, power and buildings are owned individually by Digicel and Natcom, with very limited sharing of infrastructure. The geo-localization of 1,700 institutions and public service sites across the country shows that between 80 to 90 percent of them are already covered by the current 3G or 4G networks. Wireless local loop and fiber to the last mile (FTTx), however, are less prevalent across the country. Although satellite connectivity is most suitable for remote areas, it is not fully leveraged as it is still not cost effective for individual usage. Due to years of natural disasters, the fiber optic backbone infrastructure networks have been disrupted in some areas and rely, where needed, on wireless technologies. The country is linked to two submarine cables (see below), and each mobile operator has access to one of the cables, while ISPs access international capacity through the mobile operators.",5bbf68b237e98a4db0ab34a4e79096210b646872e4564626a937b6a3a16b0833
training-20260915-s1,32626249:p00168,paragraph,near|drm_ews,"iv. Developing and adopting action plans for improving the resilience of broadband networks (i.e., ensuring they are built according to resilience international standards and norms) and digital services to support post- disaster recovery and emergency communications, including the master Geographical Information System (GIS) infrastructure system and GIS data recovery support, in line with GoH's overall DRM strategy.",0d22518a5d67950e75c88dedc43696333e9c96f862b37b318d54a8482ca1370b
training-20260915-s1,32626249:p00359,paragraph,near|cybersecurity,"ii. Data governance and cybersecurity strategies and capacity building: Review and update of the data governance environment including data infrastructure and data privacy, regulatory and institutional arrangements, and open data. Review and update the national cybersecurity and cybercrime policy, legislation, regulation, and institutional arrangements, and support the development of a national cybersecurity strategy. This will be accompanied by capacity building for GoH cyber professionals and cyber awareness campaigns for civil servants and the general public. The capacity-building program will make a meaningful effort to target female cyber professionals. Furthermore, the review and development of cybersecurity policies will involve the Ministry for the Status and Rights of Women (MCFDF) and other Non-Governmental Organizations (NGOs) to enable their participation in the policy development process and develop a policy framework that integrates concerns about online violence and harmful digital content.",0d585fcac5ff57a0f7f43efadb9a64551346c1e722e989b9b5912c5323e455d7
training-20260915-s1,32971756:p00314,paragraph,near|mobile_towers,"(a) Terrestrial habitat alteration (land clearing for installation of telecommunication facilities). Terrestrial habitats may be altered primarily during the construction of communications infrastructure depending on the type of infrastructure component and proposed location. Potential impacts to habitat may be more significant during construction and installation of linear infrastructure, such as long-distance fixed line cables, as well as access roads to other types of infrastructure along previously undeveloped land.",bc1548fd1eb507e2e0c96192dacc5a40de62f737688d26494a112826c1152867
training-20260915-s1,32971756:p00393,paragraph,random,"6. This FM assessment covered the MInT, ECA, and MoSHE. The MInT will be responsible for the overall FM of the project. This includes, but is not limited to, the management of the designated account and the ETB account, the transferring of funds to other implementing entities, the responsibility for producing regular financial reports, and facilitating the annual audit of the project account. It will ensure that acceptable FM arrangements and systems are in place and are well documented in the FMM. It will also be responsible for oversight and coordination of the project FM aspect and for the funds transferred to it. Federal-level implementing entities (that is, ECA and MoSHE) will be responsible for the funds transferred to them, and will set up systems and account for the funds they manage and will report on fund utilization to the MInT.",d16406db8f01a7a827c9353d9bcadfd0dbd0acbc58c4c37f02493592af0630d0
training-20260915-s1,32971756:p00523,paragraph,random,"a) Among the 'quick wins' for digital government are the development of a consolidated portal for government MDAs and the digitization of selected eServices. Although, the MoF maintains an up-to-date website (www.mofed.gov.et), this is the exception among government MDAs, and there is no single point of entry for citizens or SMEs. One of the 22 priority projects set out in the Digital Ethiopia 2025 strategy document is to ""Employ a human centered approach to designing portals, helping maximize uptake and utilization,"" with the MInT taking the lead. Other priority projects include piloting an electronic portal that will allow online transactions and developing eCommerce marketplaces. The project will support MInT in achieving these short-term priority projects, with the aim of linking existing government applications (such as eVisa) to a central government website and digitizing at least four additional digital services and applications. The resilience of the consolidated portal and eServices to cybercrime, hacks, and breaches as well as the protection of personal data in the developed applications will be a priority objective in the implementation.",e9bb7cc4bcbf6f422941dc9869b57e99240f81d653d38cdea9a075a93708d6ae
training-20260915-s1,33053299:p00254,paragraph,near|fiber,"optic network refers to the network constructed with fiber optic cables. The definition of ""built"" means the condition that the fiber optic cables are physically laid regardless lit or in use. The measure would be in terms of ""route kilometers"" not in actual length of fiber (i.e. the number of individual fibers carried in a duct, or their transmission capacity, would not be factored into the indicator). This would allow for the fact that many of the fibers will be initially ""dark"" but will be illuminated as they are needed, and also that the transmission capacity may rise due to technological change. Thus, measuring route kilometers of fiber is a more neutral measure than counting individual fibers or their transmission capacity. As backbone projects will be built primarily through PPP, project funds will therefore typically not finance 100% Additional Financing for West African Regional Communications Infrastructure Program (WARCIP) Togo Project - APL2 (P169945)",d94da22184d10ebfb060ce463a077d51df2f65ac0945e8da703014b48e5eecba
training-20260915-s1,33107441:p00139,paragraph,near|fiber,"(a) Underinvestment in backbone network infrastructure. Low cost, high quality, and geographically widespread fiber-optic backbone networks are essential for providing telecom services. To date, the National ICT Broadband Backbone (NICTBB) has deployed 7,910 km of fiber, with an expansion to 15,000 km targeted by 2025. The network has too few loops to create sufficient redundancy to protect from cuts, especially for cross- border links. High prices for rights-of-way further deter investment. Prices for wholesale capacity have recently been reduced to enhance usability and competitiveness. The government, through the regulatory authority (TCRA), needs to deploy an open access policy to allow competition and to encourage more innovation in the use of existing infrastructures. There are initiatives taken by the government, such as the metro loops, which have granted operators access and fair use, hence more competition and usability in the",673c0efd750f458d6941d2da975539667368ff11fe328a344a1f5998ec8ebe0d
training-20260915-s1,33107441:p00399,paragraph,random,"12. STEP. The WB's system will be used to prepare, clear, and update PPs and conduct all procurement transactions for activities under the project. As part of the preparation, MCIT and PO-PSMGG staff have been trained in STEP.",aa59e2a0374cb1c76f04dc438155aa631ba9feec3122cf361854fa85adfe9a1a
training-20260915-s1,33107441:p00439,paragraph,near|access_connectivity,"(b) Low levels of income, digital literacy, and domestic market size. Consumers of ICT services are highly price sensitive given the low levels of average income in Tanzania. Combined with aggressive competition in the mobile retail market, this has led to low marginal revenues for service providers, which discourages investment in infrastructure and services in rural areas where there isn't a sufficient customer base to overcome the low margins. The lack of digital literacy among a wide swathe of the population and lack of relevant digital content (online services, marketplaces, information, and media, in local languages), together with low levels of smartphone ownership, limit demand for ICT services and suppress the addressable customer base. Addressing these dual challenges will require interventions to incentivize rollout of services in rural areas, narrowing the digital literacy gap, creating high demand digital public services, and fostering a domestic and regional environment/market conducive to creation of locally and regionally relevant digital content.",a19203117a79d57ff3518649b3e5a12c5ca0af9279f58b5fead16610860bb1a9
training-20260915-s1,33107441:p00501,paragraph,near|data_hosting,"32. The expected growth in the digital economy will require robust government data infrastructure. The Government has adopted a government-wide approach to data infrastructure and is consolidating all government server rooms and Network Operations Centers (NOCs) into a standardized government cloud infrastructure. It is projected that this investment will support the growth of government ICT business operations over the next 5 to 10 years. Therefore, enhancing the data center infrastructure by acquiring storage, networking equipment, and computing resources for the government shared platform will enable cost-effective sharing of resources, increase reliability and security of electronic services offered by the government, enhance storage of government data, as well as create efficiency in sharing and accessing government applications through the shared infrastructure. As opposed to operating multiple siloed systems, resource sharing among government entities will also help reduce energy consumption. Besides this efficiency gain, considerations related to data center energy efficiency will be considered when expanding data center capacity (for example, use of renewables). In addition, when expanding data center infrastructure, climate risks will be taken into consideration, including robustness, back-up strategies, discontinuity plans, and training of staff on these.",7bc5db772b13885af6bbcae23ca22a55a89c3edb1d40cd6aadb47a4342003e6b
training-20260915-s1,33107441:p00628,paragraph,near|drm_ews,• Extended coverage and services of broadband internet to remote areas will enable the creation of climate early warning and emergency response systems through the uninterrupted network available in the aftermath of a disaster.,05c1339fc6002c88db561bc65151d37a0cbca0d2b2ea820ff75ee56f46ca5e98
training-20260915-s1,33107441:p00630,paragraph,near|fiber|submarine_cable,"• To the extent possible, underground deployment of fiber cables, as opposed to, for example, aerial cables, will be prioritized, as these are more likely to be water resistant and tend to be more robust.",c8010daa0f90d0428f089b3229d36adbaf6c8af909cb882e818ed68502e87ada
training-20260915-s1,33118666:p00197,paragraph,near|data_hosting,"a) Data Center Infrastructure. This activity will finance the expansion of the current data hosting capacity in the country and establishment and operationalization of a green Data Center to complement the existing data hosting capability already financed under RCIP-5. This will improve geographical redundancy and resilience, to prevent any government data loss, including in the face of climate-related shocks. The data center will be designed for maximum energy efficiency and minimum environmental impact. The GoU will carry out a technical assessment to estimate government's data requirements for data hosting. This will inform decisions on the best architectural and technological design for scalability, reliability, and high availability of hosting services, in respect to future demands of the government and explore options on how to leverage private sector participation 49.",0d85920c738888baf2fbff25c38eb7d77bf84aa5d85edee31a77471b5fcab3c3
training-20260915-s1,33118666:p00222,paragraph,near|cybersecurity,"a) Supporting Cybersecurity, Cybercrime, and Critical Infrastructure Legislation. This activity will provide technical capacity for the drafting of: (a) cybersecurity and cybercrime legislation; (b) Critical National Information Infrastructure (CNII) protection legislation; and (c) regional and international collaboration in cybersecurity, including signing and ratification of treaties and conventions.",b539fee585cfc8a139365dbfb98bcb9b1de3238d792cd19b48a84a6a2703f759
training-20260915-s1,33118666:p00225,paragraph,near|cybersecurity,"(a) capacity building of the national CERT and the Security Operations Center (SOC); (b) upgrading of the national CERT's forensics lab with mobile kits and malware analysis capabilities; (c) capacity building for regular penetration tests, cyber risk analyses, and security assessments of relevant agencies; (d) provision of systems and software to enable threat intelligence, incident handling and response, as well as a threat sharing platform, incident response platforms for sub-sector CERTs, and a test lab and sensors on Critical Information Infrastructure Protection networks; (e) external audits, vulnerability, and penetration testing;",4d8061c8b14d520aa7123f456cbf444a44560d1ba44bea67a2deeae8b7dee93c
training-20260915-s1,33118666:p00226,paragraph,near|cybersecurity,"(f) technical capacity building for priority institutions in key sectors to reach ISO 27001 Information Security Management System (ISMS) controls or similar certifications; (g) upgrading of cybersecurity infrastructure and systems in priority MDAs; (h) cyber drills for CNII and testing of Business and Disaster Continuity Plan with attack simulations; and (i) tools to support secure remote access by users, including on their personal devices, during the COVID-19 pandemic.",f2930188fe1ccc465a1c9b150cfbd093b25bb6f8f984ebd3e795cdbb1ae33f55
training-20260915-s1,33118666:p00236,paragraph,near|data_hosting,"b) Data center hosting. This activity will seek to ensure compliance with the requirements for secure refugee data hosting in a reliable data center facility to provide for data backup and disaster recovery. To that effect, it will finance dedicated servers and other equipment (such as cooling) to be located in a new data center with controlled access (component 1), as well as support data backup requirements by making arrangements for refugee data hosting in the existing data center facilities.",43edfe4e17792e7b5d2f737ff846a61051d9ea1d6fa05363cd8b57a11e0ec928
training-20260915-s1,33118666:p00509,paragraph,near|data_hosting,c. Data Center Infrastructure. Increasing digital data hosting and storage capacity and removing bottlenecks in the Government Service delivery Platforms to ensure the ability to quickly launch e-services during COVID-19 and any future health pandemics.,99bc01b9a8ea8838d9ecac58d826e3d42d151f4d26fbf91b3cdd82195aad02fd
training-20260915-s1,33191006:p00157,paragraph,near|dpi,Interoperability of public digital platforms,43776f5769f98acc9bb0ef9e4da07dcda2cf6c74f8d1fab5d0296a89fa6c6db0
training-20260915-s1,33191006:p00174,paragraph,near|dpi,"28. While the project is focused on digital government in the first instance, the foundational platforms will also support the development of the digital economy overall by increasing trust in private-sector service offerings. The legal ID systems as well as cybersecurity and interoperability platforms will directly facilitate the development and expansion of access to various private-sector services, in particular in the financial and telecommunications sectors.",6d6ad60b57dbc8812771b10d052f562f024d575b3924c4a23eeae72e862b38ac
training-20260915-s1,33191006:p00205,paragraph,near|cybersecurity,"42. The sub-component will design and implement cybersecurity capabilities to protect digitalized legal ID systems as well as other e-government initiatives in addition to building overall government cybersecurity capacity. This sub- component will include the design of the required cybersecurity operational architecture for the protection of legal ID systems and government e-services in concert with the competent authority designated in the cybersecurity legislation. The architecture could include security center deployment, prevention measures to be taken, standards and technical solutions to be applied and supporting capacity building activities. A reinforcement of these basic cybersecurity prevention, response and mitigation capabilities of the envisioned SOC and more training activities should provide adequate level of protection and could significantly mitigate the risk. Specifically, the sub-component will finance (i) TA to design a cybersecurity architecture to protect core e-government systems financed under the project, including security standards and requirements; (ii) TA to operationalize core features of the cybersecurity architecture, including a dedicated security operation center with core capabilities, or Core SOC (C-SOC) to monitor and response to cyber threats; (iii) capacity building and training of staff involved in implementation and compliance of the cybersecurity framework, from relevant ministries and agencies, such as MCDE and ANINF, including initial operations and subsequent knowledge transfer for the C-SOC; (iv) the acquisition of relevant ICT equipment as per the required operational C-SOC architecture to allow operation for the project period; and (v) non-ICT equipment and refurbishment of existing facility to allow C-SOC operationalization.",e7cd5c38d114a0a1b15cc31c5aff28ef903dc308190b843d2f5f4f8bcb18363f
training-20260915-s1,33345981:p00263,paragraph,near|submarine_cable,"68. Terrestrial fiber optic access networks will be rolled out on Majuro and Ebeye. The new FTTP infrastructure will remove the bottlenecks between the existing international submarine cables that land in Ebeye and Majuro (via HANTRU-1) and users. Upgrades or replacement of the current 4G LTE mobile network will also be completed. The intention is to deliver on the potential of the existing international cables for all internet users in Ebeye and Majuro. The new investments will allow the older copper telephone, pay television and internet networks to be turned off, saving energy and freeing up buildings and land. High quality, low cost services will allow entertainment to be delivered online. High quality internet will allow streaming of locally produced content and information and content from around the world.",7804d8b9a3b65c1e82c1a285c641e5add4bebdaa3fd887330b2cace1a92a38f4
training-20260915-s1,33345981:p00266,paragraph,near|submarine_cable,International Fiber Cable to Guam Multiple 100 Gbps,1d17202229f6aa62e7214b66a299426f65eb6756236d9fad1807b3d62139cd6d
training-20260915-s1,33345981:p00274,paragraph,near|mobile_towers,High level end to end satellite and 4G mobile diagram. The combination of satellite to connect the island and mobile radio to share the satellite capacity across the island can deliver quickly and with low installation costs compared to building submarine fiber cables to each island.,17691ac31b458b9589b1b8d06e1da9e34805e04de95f3d3fec73828d28f95784
training-20260915-s1,33345981:p00278,paragraph,near|fiber|submarine_cable,"72. The private operator will be responsible for rolling out FTTP services for all users (government, business and homes) on Majuro and Ebeye. The private operator will do this on behalf of InfraCo and the FTTP network (including core fiber optic network and drops to individual premises) will be transferred to InfraCo at the end of the PPP build period. The final connections delivering retail services for end users (government, business and homes) will be done by the service providers, initially the private operator and at the end of the exclusivity period, any ISPs who enter the market. These service providers will be responsible for customer relations, customer service, etc., and will access the wholesale fiber services from InfraCo on an open access and non-discriminatory basis which ensures that every service provider is treated equitably. The network topology of the passive infrastructure will consist primarily of underground fiber optic cable. Some aerial fiber optic cable and cabinets will be utilized to connect the drop cables to the correct service provider.",1948e9396319c629d6211c2f7e2fbb329b31b919314c67024b541f5aa504794e
training-20260915-s1,33421881:p00170,paragraph,near|cybersecurity,"39. Component 1.2 will also support enhanced cybersecurity of critical government networks, infrastructure, and information systems, and strengthen data protection and privacy environment to promote trust in digital public services and commercial transactions. This will include: (i) adopting a cybersecurity policy, strategy and action plan, defining auditable compliance frameworks for public agencies, and strengthening INTIC and INAGE's mandate and capacity - the agencies supporting government cybersecurity; (ii) reviewing and reforming the existing cybersecurity, cybercrime and data protection legal and governance framework; (iii) operationalizing a government Computer Emergency Response Team (CSIRT) with a Security Operations Center (SOC) to protect the government sector (in particular critical infrastructure assets); (iv) augmenting the National CSIRT's technical and operational capacity, including for incident response; (iv) adoption and operationalizing the legislation with the creation of a fully functional Data Protection Office (DPO); (v) conducting an awareness raising and capacity building program on cybersecurity and data protection delivered for agencies owning critical national infrastructure and for local digital SMEs in coordination with component 3; and (vi) maximizing the cybersecurity-by-design for digital infrastructure supported under the project. Component 2 - Enablers: Identification Systems and Digital Services (US$70 million equivalent)",b6831b586886c04dd964ae5a142e9da2713e637c6517e2ca6b0bb9dbb61fbbad
training-20260915-s1,33602788:p00151,paragraph,near|access_connectivity,"9. Low smart devices ownership and digital literacy26 represent major barriers to digital access and inclusion. While a majority (67 percent) of households own a mobile device, these are predominately basic feature phones and not broadband-compatible smart devices.33 Affordability is identified as the main barrier to wider devices access, with close to 80 percent of the Rwandan adult population (6 million, aged 16-64) currently unable to purchase a US$30 smartphone based on current income and affordability benchmarks. 34 Meanwhile, high credit risk prevents a private sector-driven solution to the affordability challenge. 35 National digital literacy stands at only 20 percent36, whereas reported computer literacy is only 9 percent. The GoR has sought to address this issue by piloting flagship digital literacy schemes such as the Digital Ambassadors Program (DAP)37, and digital education initiatives such as smart classrooms in school.38 However, gaps remain: these schemes lack national coverage and need to be adapted to segmented user- groups with distinct training needs, including for women, people with disability and rural communities. Gaps",8b12af00234d5a4e7677937cbe4ac68946552d66b1950112fc87a1043af6e3d5
training-20260915-s1,33602788:p00206,paragraph,near|access_connectivity,"33. This component will increase digital access and inclusion through investment in digital access enablers, focusing on under-served areas and groups. A series of interventions that address identified demand-side barriers hampering access to high-speed internet service will be financed. This includes support for smart device affordability financing schemes, an umbrella digital literacy initiative, as well as a local connectivity",f614e4df9ca698f3d10647511706010adde2715695dc38eb712862e1831a1dcd
training-20260915-s1,33602788:p00240,paragraph,near|drm_ews,"meteorological, mapping and disaster preparedness agencies.",b9fca1369a7b4246b5747279134e2842052276c8b57cb2e39d1ded2dcb50217d
training-20260915-s1,33602788:p00249,paragraph,near|cybersecurity,"42. This sub-component will strengthen the GoR's capacity to mitigate risks associated with the expansion of digital public services by enhancing its capabilities to detect, prevent, respond, mitigate, and recover from cybersecurity attacks as well as manage data protection. It will support the development of a robust enabling environment through strengthened cybersecurity institutional and policy frameworks, technical and operational capabilities, as well as cyber skills development for a trusted online transactions environment and the security and resilience of digital infrastructure and systems. It will also lay the foundations for safeguarding data protection in compliance with forthcoming legislation passed by Parliament, by supporting the establishment and operationalization of a Data Protection Office (DPO). Key activities to be financed include:",c3a00e815e3375babbaf20ecb37ca7fb64d80bda9bba72f21244ec7deee5f0d7
training-20260915-s1,33602788:p00500,paragraph,near|cybersecurity,"(a) Strengthened cybersecurity operational capacity, which will feature support for (i) the development of institutional and policy frameworks for the newly established NCSA and existing Rw-CSIRT, including the development of strategies, work and action plans, as well as standard operating procedures; (ii) technical and operational capabilities, featuring hardware, software, platforms, and systems for the NCSA and technical upgrades for the national CSIRT and the Security Operations Center to support the management of key operational and technical functions; (iii) capacity building and awareness raising programs, including training for key stakeholders and facilitation of cybersecurity professional certifications, and (iv) support for international partnerships and collaboration with other cybersecurity agencies, CSIRTs or relevant associations, including support for staff exchanges.",6716a894537e5d89a6448287cd8ced36c74868231ea84896a08a0e7ac7b0e5fe
training-20260915-s1,33706639:p00194,paragraph,near|drm_ews,"(e) The development of an action plan for improving the resilience of digital networks (that is, ensuring they are built according to resilience international standards and norms) and digital services to support post-disaster recovery and emergency communications, including the creation of a master Geographic Information System (GIS) infrastructure system, a GIS data recovery system, and an early warning system supported by mobile operators and internet service providers. The plan will be aligned with the GoC's overall disaster risk management (DRM) strategy and include action plans to improve post-disaster recovery and emergency communications and implementation of infrastructure disaster response and recovery drills in partnership with the GoC and the private sector.",775dd73b510de6971d425228cb34ead901a4b0b0e7c7b2f2e4ac4956654c789c
training-20260915-s1,33706639:p00234,paragraph,near|mobile_towers,"(d) Open and transparent tendering process. It is expected that bidders will be primarily national telecom network operators. However, specialist tower operators (towercos) may also bid to provide the passive infrastructure, and there may be scope for innovative technology models.",f8aa184abf1fedbdbd65908d7ba51832f569b5febcda04c5fe35ee2dcbe11a56
training-20260915-s1,33706639:p00248,paragraph,near|access_connectivity,"40. This subcomponent will finance interventions that seek to increase the demand for broadband services in the targeted areas and beyond. Supply-side interventions and network infrastructure alone will not drive broadband adoption to scale. As noted in the Connecting Humanity report,73 ""in Sub-Saharan Africa, around 80 percent of those covered by a 4G network are not connected because of the lack of affordable access,74 limited relevant content and the skills to benefit from Internet access. Such realities disclose economic and social disparities that affect the rate of adoption, use, and ultimately the opportunity to benefit from broadband access."" Therefore, it is imperative to focus on and invest in complementary initiatives that stimulate demand for broadband services, with a special focus on closing the digital gender divide.",5911cb8a1d60a9a8c0d1df666ce12706fe9eaccbb8d784f232379697cfc9f6cf
training-20260915-s1,33706639:p00261,paragraph,near|drm_ews,"(a) Digital information system for agropastoral statistics in Cameroon. This activity will focus on the implementation of a digital system for the collection, reporting, centralization, processing, and dissemination of agropastoral statistical data that would allow the collection of a large amount of national data and its quick and easy repatriation through the internet on a dedicated server and the dissemination of this statistical information in real time on a web platform designed for this purpose. This data system will register and map a large proportion of the population vulnerable to climate variability, and that data will be used to provide timely and predictable disaster information to deliver early warning and preparedness to agro-pastoral communities. This early warning system will contribute to climate adaptation outcomes through improved traceability and resilience. It will also help curb GHG emissions from the livestock industry through optimized energy consumption, transport, and reduced losses and response costs.",343843607fc300f9ab064485e2e5c8f28e937f1e4f2ee046e9d4c9308e1e4a5d
training-20260915-s1,33706639:p00296,paragraph,near|access_connectivity,"(a) End users of digital services in target areas. The proposed project targets areas where access to digital services and the adoption of broadband are lagging. Rural dwellers—including the youth, women, and people with disabilities—will benefit from access to affordable broadband internet and will be able to procure mobile handsets through subsidies and/or payment facilities. In addition, they will benefit from digital literacy training programs and will be able to access public services more efficiently through online platforms, as well as to consume online content and services tailored to rural communities. The project will also ensure equitable participation of marginalized or vulnerable groups in entrepreneurial activities and digital skills training programs by alleviating constraints such as financing, care, access, and transportation. Gender- and location-disaggregated data on connectivity will also be recorded to monitor and track progress on key parameters of digital inclusion.",7628fa3bbd584db508f26fb67bb08b6aecfb168678bf17cd6bcdc5c0b2c1f8c9
training-20260915-s1,33706639:p00324,paragraph,near|access_connectivity,"65. While focused in terms of socioeconomic sectors addressed, the approach still must be comprehensive on both the supply and demand sides. The project draws on the World Bank's vast experience in digital infrastructure investments and telecom market reform, as well as on a growing body of industry research around factors that affect digital access. Building on an analysis of Cameroon's broadband value chain, including gaps in the enabling environment and bottlenecks on the supply and demand sides, the project's design reflects lessons learned from many other countries that point to the need for a comprehensive intervention that tackles all digital access barriers: the legal and regulatory framework, broadband connectivity, affordable mobile devices and data packages, digital literacy, and the availability of relevant content. Areas financed by the project such as device affordability will draw on research conducted with partners, such as GSMA, Facebook Connectivity, and A4AI; smartphone subsidy schemes used in Ghana, Columbia, and Malaysia;86 and asset-backed guarantee schemes for smartphones trialed in Argentina,87 Pakistan,88 and India.",316dd5aa61cb23c7900de9a3b5bc4e913784aaec24020ee9b0397df744218bd9
training-20260915-s1,33706639:p00426,paragraph,near|drm_ews,"(f) Investing in digital systems to register and map agropastoral communities vulnerable to climate variability, and thus facilitate timely and predictable disaster information to deliver early warning and preparedness inputs (Component 3).",4bf749d7ade63e62f1ffe36e5c03d407a15d8c9cadd10732fa0360ba54213526
training-20260915-s1,33706639:p00538,paragraph,random,"24. The recipient shall publish the Specific Procurement Notices (SPNs) for all goods, works, non- consulting services, and the Requests for Expressions of Interest on their free-access websites, if available, in at least one newspaper of national circulation in the recipient's country and in the official gazette. For open international procurement selection of consultants using an international short list, the recipient shall also publish the SPN in UNDB online and, if possible, in an international newspaper of wide circulation, and the World Bank also arranges for the simultaneous publication of the SPN on its external website.",f83658ce18cec423f981243ba7ed73af8a9c8d630284e9399a28151d7f37c8b1
training-20260915-s1,33753850:p00164,paragraph,near|dpi,"Building block 3: Digital government infrastructure, shared systems, and platforms",598a861d4a4584507e78817c964c3fb7f397d8430e1217473714796b38acfa28
training-20260915-s1,33753850:p00253,paragraph,random,45. The project will support:,4cc55738f59119e00982259e12419a546cbdcfb65fadae3fbfc95e5b6f9b1e97
training-20260915-s1,33753850:p00267,paragraph,near|data_hosting,"national data governance, including hosting; (v) TA to strengthen the currently under construction data centers by the MFB and MDEPT to ensure that they are green (e.g., ensuring energy efficiency utilizing renewable sources of energy including solar power), resilient, and secure for hosting sensitive data.",3148b63dd828dbadb152a130360d495b43b3f2c1f02d34b73c63fa9af84e7861
training-20260915-s1,33753850:p00331,paragraph,near|drm_ews,"83. Reduced costs arising from natural disasters, pandemics, and other emergencies . The project's support for the development of early warning systems and delivery of emergency response and post-disaster information to communities affected by climate change and other disasters will enable the government to more rapidly reach people affected by a natural disasters, pandemics, or other emergencies. Timely warnings of an impending storm will enable people to move to safe areas. Rapidly reaching people trapped by a natural disaster will save lives and prevent injuries. Quickly reaching people with information on how to stay safe during a pandemic will save lives and promote well-being.",642c0fbe67ebb3196808130edd5792ac35b2818cb93f07ea0f7cf5106609a2b2
training-20260915-s1,33786588:p00205,paragraph,near|mobile_towers,"27. Purpose: PBC#1 will encourage cross-sectoral coordination among regulatory authorities, infrastructure owners, and private telecommunications operators to deploy new telecommunications infrastructure. Simplified administrative procedures and requirements for deployment of passive network elements (poles, ducts, conduits, shelters, power, and equipment rooms) will lower the costs of telecommunications network deployment while significantly reducing the risk of fiber optic cuts during civil projects. 44 Regulatory guidelines for sharing passive infrastructure will increase the ability of regulatory bodies of different infrastructure sectors, including roadways, railways, water and sewer systems, and electricity transmission and distribution systems, to implement consistent regulatory processes and standards for all sector participants.",ab22d46656d20a3eec71e5a9c9bd2b24414bab5dde85f83fc0c947d358bf4857
training-20260915-s1,33812956:p00152,paragraph,near|dpi,"16. Significant efforts will be needed to establish critical foundations and platforms to deliver prioritized digital services to businesses, citizens and residents. Most government transactional services, such as birth, marriage, and death registration, registering a business, or paying taxes, are still manual and paper based. Kiribati's Digital Government Master Plan (2021), 14 supported through the WB-financed Kiribati Connectivity Project (P159632), lays out basic foundations and potential quick-wins for digital government. The Master Plan envisages a high-level digital transformation process beginning with digitalization of business processes in government agencies, data sharing between government agencies following the single data collection (""once-only"") principle, 15 building e-services for citizens and optimizing digital government processes. The Plan identifies the main enablers of an integrated digital government, which include digital services to citizens, interoperability and secure data exchange, digital identity and trust infrastructure, base registers, and metadata management of government systems. A ""whole of government"" approach is proposed to establish common standards and provide access to shared services across all arms of government.",16dd67a2d96649a80343a85d969bcf566527a94806986392c8362a783c8ebc17
training-20260915-s1,33812956:p00189,paragraph,near|cybersecurity,"d. Subcomponent 1.4. Cyber Security Program. This supports TA and capacity building for the development of operational and administrative standards, assurance, monitoring, audit, and Cyber-Security Emergency Response Team (CERT) capabilities. Engagement of a specialist early in the implementation stage is envisaged to inform the structure and operationalization of the CERT as well as establish a Cyber Security Program to pursue relevant industry certification. The Cyber Security Program will include comprehensive security training and awareness programs for all government users, government IT and security professionals, management, citizens, and private sector stakeholders.",516e9d5e5df5feec480bee150e63f9e1de4c7c7c1f714e971a75205676ab6600
training-20260915-s1,33812956:p00194,paragraph,near|data_hosting,"This subcomponent will consider and evaluate alternative data center or cloud computing ownership models, and support the implementation of these, taking into consideration climate change impacts, disaster risks security, resource management, operational and capital cost of operations, continuity of operations, and total cost of ownership. Remote and local data center options will be analyzed, considering areas that are not vulnerable to extreme weather events, and to promote compatibility and interoperability with existing and proposed digital platforms and solutions, as well as compliance with energy efficiency certifications as outlined in the roadmap. Improved network coverage and enhanced network resiliency will be leveraged to develop and roll out early warning systems as part of a range of informational digital services to help mitigate against and to respond to climate-related disasters. The subcomponent will additionally support the development of a business continuity plan encompassing hardware and software-related measures, as well as workflows to ensure that human resources are available and adequately trained to ensure continuity of service provision in the event of an emergency or climate disaster.",99ceb3edeb7646b6bfc2851eaa420f5578f2c58dfa8be8087d94e200b6ae2ee1
training-20260915-s1,33812956:p00195,paragraph,near|drm_ews,"(ii) Government core systems, such as unified communications (secure email and internet-based communications system), document management systems, and digital services payment gateway. Proprietary and open-source options will be considered. Improved communications across key Government agencies will enable the deployment of disaster risk monitoring tools that will contribute to enhancing preparedness and response to extreme weather events and improve dissemination of early warnings to help mitigate against climate-related risks including floods. The improved communications in the aftermath of a significant weather-related events will also play a key role in collating and sharing of critical damage assessment withing Government agencies as well as relevant development partners and significantly improve response times to provide relief to citizens affected.",9bed408bc6e745b9baeebd5913c966912066a7c21b09b606668f76bd5109e839
training-20260915-s1,33813209:p00183,paragraph,random,• TA for the development of a climate data model Establishing a climate data,8643961a0c5410b1b8b077a9a3a79626978a010e3492708a812ffc8bf55fc101
training-20260915-s1,33815663:p00141,paragraph,near|submarine_cable,"7. International fiber optic connectivity. Congo is currently connected to only one submarine cable (West Africa Cable System (WACS16), with a landing station in Pointe-Noire, exclusively managed by the state- owned incumbent operator Congo Telecom (CT). Due to the current instable international connectivity (several outages occurred in 2020 and amid the presidential election in March 2021) and increased demand, there is an urgent need for diversification. Redundancy via terrestrial fiber optic links (currently owned by the GoC) remains limited. CT has an interconnection with the Democratic Republic of Congo (DRC) since 2017 (10GB-capacity linking Brazzaville to Kinshasa through a sub-river cable) and Liquid Telecom, a leading private telecommunication operator in Africa, inaugurated a 20GB-capacity wireless link across the Congo River between Congo and DRC in September 2021. The interconnection with Gabon established under the World Bank-financed Central African Backbone (CAB) regional project (P122398) is operated and commercialized by Mambs Services (a Congolese private sector company) under a seven-year contract. Under the CAB Project, financed by the African Development Bank (AfDB), Congo should also interconnect with Cameroon and the Central African Republic. Due to COVID-19, the project has faced delays and is now expected to be completed by the end of 2022. Additionally, Meta-backed (previously Facebook) submarine cable project, 2Africa, plans to install a submarine cable landing station in Pointe-Noire by the end of 2022. The arrival of the new landing station cable is expected to help reduce prices and contribute to strong growth in broadband subscription.",2b6d21e1726586bae4e23697430bbcd06b182c162c80885730cdf6861e18b5e1
training-20260915-s1,33815663:p00150,paragraph,near|access_connectivity,"10. There is a risk of a lasting digital divide if efforts undertaken by the Universal Service Fund to extend coverage of broadband networks in underserved and rural areas are not stepped up. Aimed to finance projects that would improve coverage in rural and underserved areas, the Universal Service Fund (FASUCE) was created in 2017 and made operational in 2019. The FASUCE is primarily financed by mobile network operators (MNOs), contributing up to 1 percent of their annual turnover. In 2021, the FASUCE seeks to connect at least 40 small villages31 and educational facilities in rural areas. Yet, many small cities and villages are still unconnected. Use of the internet is also significantly different when it comes to socioeconomic and gender aspects. Less than 1 percent of women (aged 15-24) living in the poor rural household use the internet once per year, while the number increases up to 53.1 percent for women in wealthy urban households. As for men, internet use is more frequent with 5.5 percent of men in the poorest households using the internet once per year, compared to 75.8 for men living in wealthy households. On the other hand, with the advent of mobile broadband services and familiarity with mobile devices, the public is active on social network platforms (including in the rural areas), and the use of digital services is steadily increasing.",72a55f8d4100b13a26383e855ccdfca009bfe3587aadabf95994070931833b72
training-20260915-s1,33815663:p00155,paragraph,near|dpi,"13. Although the GoC has prioritized the modernization of public services through digitalization, past uncoordinated investments in digital public platforms have resulted in solutions with limited interoperability and scalability potential. In the past years, MDAs have developed their own array of back-office systems to address their own functional needs (e.g., financial management, tax collection, people registration). Smarter investments are needed in shared data infrastructure and key safeguards and enablers.",ceca629ce96f0ae89ef4a1cea36cc9695c57dd3bc63636650aa857ae445c25ff
training-20260915-s1,33815663:p00158,paragraph,near|data_hosting,"(iii) Data infrastructure and systems. The GoC does not have access to adequate data hosting capacity to enable the full digitalization of public services. The data center market environment in Congo has available land and international connectivity infrastructure. However, power outages make the infrastructure dependent on generators, whose costs reduce competitiveness. An AfDB-funded project is building a national Tier 3 data center and its backup. As the country seeks to accelerate digital transformation, the GoC has also to define a national data hosting and management strategy and to make institutional arrangements for the management of data hosting infrastructures, data governance, financing model, and cloud computing usage (with choices of public, private or hybrid cloud models).",f205c8d05ed613d8130e1b7671d23fd928114d0109d2a1b001a65d5f6ee4b33a
training-20260915-s1,33815663:p00226,paragraph,near|cybersecurity,"Cybersecurity agency to provide capacity-building and awareness-raising on cyber threats and data breaches; (ii) development of advanced skills in information and data management, web site design, people-centric digital service design; (iii) development of advanced skills program for CFI-CIRAS (targeting youth) in digital project management, digital platform, agile and people- centric digital transformation,69 incorporating transparency and feedback mechanisms; (iv) design and adoption of climate mitigation and adaptation measures and standards in deploying ICT infrastructure (including those within the Government); and (v) integration of gender- informed inclusion measures into strategies, policies, information publishing and service development within the digital sector to capture the needs of women in online services, and relevant content for women and girls.",5f9734219c787bee2a2b0eba678ee3d33b2283e8699911eb5ac4d1242ee37fdf
training-20260915-s1,33815663:p00277,paragraph,random,"53. The project will seek to collaborate with IFC to ensure the project fully leverages the MFD-enabling approach. Notably, the private sector (private telecom operators) has started exploring opportunities to construct a fiber optic backbone with the IFC and potential activities in accelerating mobile money services on the financial service front. The benefits of an early collaboration between the World Bank and the IFC include the facilitation of early private-sector input into policy aspects and investment, IFC's mobilization of strategic partners, and the assessment of funding options under the MFD-enabling principle. A clear assignment of roles between the World Bank and the IFC, whenever possible and relevant, will be established during project implementation.",b0426948d9106cf4bf45c29875d046798474b3a16160bcb748e23b3a6646bec0
training-20260915-s1,33815663:p00375,paragraph,random,"(i) Exclusion of most ""disadvantaged or vulnerable"" peoples, including indigenous peoples, in accessing project benefits. Girls and women are at a disadvantage due to limited use of the internet, time to devote to income-generating activities, and access to services. While increasing broadband internet access to underserved populations and improving the government's capacity to deliver digitally enabled public services hold promises for poverty reduction and shared prosperity digital divide of most vulnerable peoples, including women, can drive to more social and economic exclusion. As the access to social and economic opportunities will increasingly rely on digital access, it will be paramount to address the present (and any future) digital divide, by encouraging universal access to broadband. Supporting universal digital adoption and participation in the digital economy will require all Congolese to be equipped with the means to get online, including those who may be more disposed to digital exclusion -i.e., low income and rural households, women, the elderly and disabled. The project will address this risk under Component 2 (Expanding Digital Broadband",95cccef3ba77e02ef05c28ac2b2f9d012ec3a583dc48ae801d0054a902c4d2c3
training-20260915-s1,33819086:p00140,paragraph,near|submarine_cable,"7. International fiber optic connectivity. Congo is currently connected to only one submarine cable (West Africa Cable System (WACS16), with a landing station in Pointe-Noire, exclusively managed by the state- owned incumbent operator Congo Telecom (CT). Due to the current instable international connectivity (several outages occurred in 2020 and amid the presidential election in March 2021) and increased demand, there is an urgent need for diversification. Redundancy via terrestrial fiber optic links (currently owned by the GoC) remains limited. CT has an interconnection with the Democratic Republic of Congo (DRC) since 2017 (10GB-capacity linking Brazzaville to Kinshasa through a sub-river cable) and Liquid Telecom, a leading private telecommunication operator in Africa, inaugurated a 20GB-capacity wireless link across the Congo River between Congo and DRC in September 2021. The interconnection with Gabon established under the World Bank-financed Central African Backbone (CAB) regional project (P122398) is operated and commercialized by Mambs Services (a Congolese private sector company) under a seven-year contract. Under the CAB Project, financed by the African Development Bank (AfDB), Congo should also interconnect with Cameroon and the Central African Republic. Due to COVID-19, the project has faced delays and is now expected to be completed by the end of 2022. Additionally, Meta-backed (previously Facebook) submarine cable project, 2Africa, plans to install a submarine cable landing station in Pointe-Noire by the end of 2022. The arrival of the new landing station cable is expected to help reduce prices and contribute to strong growth in broadband subscription.",2b6d21e1726586bae4e23697430bbcd06b182c162c80885730cdf6861e18b5e1
training-20260915-s1,33819086:p00149,paragraph,near|access_connectivity,"10. There is a risk of a lasting digital divide if efforts undertaken by the Universal Service Fund to extend coverage of broadband networks in underserved and rural areas are not stepped up. Aimed to finance projects that would improve coverage in rural and underserved areas, the Universal Service Fund (FASUCE) was created in 2017 and made operational in 2019. The FASUCE is primarily financed by mobile network operators (MNOs), contributing up to 1 percent of their annual turnover. In 2021, the FASUCE seeks to connect at least 40 small villages31 and educational facilities in rural areas. Yet, many small cities and villages are still unconnected. Use of the internet is also significantly different when it comes to socioeconomic and gender aspects. Less than 1 percent of women (aged 15-24) living in the poor rural household use the internet once per year, while the number increases up to 53.1 percent for women in wealthy urban households. As for men, internet use is more frequent with 5.5 percent of men in the poorest households using the internet once per year, compared to 75.8 for men living in wealthy households. On the other hand, with the advent of mobile broadband services and familiarity with mobile devices, the public is active on social network platforms (including in the rural areas), and the use of digital services is steadily increasing.",72a55f8d4100b13a26383e855ccdfca009bfe3587aadabf95994070931833b72
training-20260915-s1,33819086:p00154,paragraph,near|dpi,"13. Although the GoC has prioritized the modernization of public services through digitalization, past uncoordinated investments in digital public platforms have resulted in solutions with limited interoperability and scalability potential. In the past years, MDAs have developed their own array of back-office systems to address their own functional needs (e.g., financial management, tax collection, people registration). Smarter investments are needed in shared data infrastructure and key safeguards and enablers.",ceca629ce96f0ae89ef4a1cea36cc9695c57dd3bc63636650aa857ae445c25ff
training-20260915-s1,33819086:p00157,paragraph,near|data_hosting,"(iii) Data infrastructure and systems. The GoC does not have access to adequate data hosting capacity to enable the full digitalization of public services. The data center market environment in Congo has available land and international connectivity infrastructure. However, power outages make the infrastructure dependent on generators, whose costs reduce competitiveness. An AfDB-funded project is building a national Tier 3 data center and its backup. As the country seeks to accelerate digital transformation, the GoC has also to define a national data hosting and management strategy and to make institutional arrangements for the management of data hosting infrastructures, data governance, financing model, and cloud computing usage (with choices of public, private or hybrid cloud models).",f205c8d05ed613d8130e1b7671d23fd928114d0109d2a1b001a65d5f6ee4b33a
training-20260915-s1,33819086:p00191,paragraph,random,• New facilitated and digitally enabled public services available online to people citizens and businesses (Number),6113ecd529a0b9aeca0aeb5243eeabc1e1d0f8dea600b8183cc11121d7803493
training-20260915-s1,33819086:p00227,paragraph,near|cybersecurity,"Cybersecurity agency to provide capacity-building and awareness-raising on cyber threats and data breaches; (ii) development of advanced skills in information and data management, web site design, people-centric digital service design; (iii) development of advanced skills program for CFI-CIRAS (targeting youth) in digital project management, digital platform, agile and people- centric digital transformation,69 incorporating transparency and feedback mechanisms; (iv) design and adoption of climate mitigation and adaptation measures and standards in deploying ICT infrastructure (including those within the Government); and (v) integration of gender- informed inclusion measures into strategies, policies, information publishing and service development within the digital sector to capture the needs of women in online services, and relevant content for women and girls.",5f9734219c787bee2a2b0eba678ee3d33b2283e8699911eb5ac4d1242ee37fdf
training-20260915-s1,33819612:p00162,paragraph,random,"(b) Improved identification for in-person and online service delivery Number of people using the new digital ID platform to access government services remotely, online (gender-disaggregated) Number of people who have been issued with new, digitally-enabled ID (gender-disaggregated and disaggregated by location, i.e., capital vs. other islands)",a71f7d58da86cfceacd26eb03db321b8b34d3f4fe88d6740442bd609c187fdbf
training-20260915-s1,33819612:p00269,paragraph,random,"Project Development Objectives(s) To enhance the competitiveness of the broadband market, to improve identification for in-person and online service delivery, and to leverage digital technologies, data, and analytics for climate resilience",70edab1994186eab0699d9068c1de13d6ea9c907f20c225ebcdc952087a8fe31
training-20260915-s1,33822742:p00175,paragraph,random,"22. PDO Statement: To improve the usability and efficiency of online public services to citizens and businesses, and to increase digital skills and digital-enabled jobs.",bdc8ebd722a130a8e5a997748977c35adedc7894efabcbdd8e4cafbe502dfe24
training-20260915-s1,33822742:p00477,paragraph,near|drm_ews,"facilitate weather and disaster monitoring to identity vulnerable locations, time and populations and subsequently inform emergency response through warnings/notifications in climatic events such as flood, dzuds or others.",26de650b02e662ad2e139bd796e2aacf1ab7da88dfd807244c155b6d4b5eadaa
training-20260915-s1,33830968:p00215,paragraph,near|cybersecurity,"Cybersecurity and data protection capabilities. This activity will strengthen STP's cybersecurity capabilities by supporting incident response and management through the establishment of a basic national CERT. On data protection, the project will support the upgrade and expansion of the technical and operational capabilities of the ANPDP, including with the purchase of information technology (IT) systems and platforms, public sensitization",12c47a39cdc583e2bb8f314a9e7874b4966f02431ca56cc519fc595c43d9b2d0
training-20260915-s1,33835348:p00150,paragraph,near|dpi,"Gouvernementale, COMGOV);47 (b) shared frameworks and technical solutions for system interoperability, trusted data sharing, and data hosting;48 (c) foundational digital ID49 for online identity verification and digital authentication; (d) shared digital payment infrastructure; (e) shared SMS notification applications; and (f) the establishment of digital guardrails—data protection and cybersecurity, both de jure and de facto to safeguard digital infrastructure and transactions that underpin e-services. Together, these building blocks form the basis of an enabling 'digital stack' for transactional e- services and the foundations for the GoB's e-government architecture, featuring infrastructure and applications that can be used by any Ministry, Department, and Agency (MDA) wishing to launch a new digital service.",67b22c6d1a1f4eb3e3caf339b8d79476ce5384ae50fba8d308153b36ef813a8b
training-20260915-s1,33835348:p00180,paragraph,near|access_connectivity,"29. The term 'underserved communities' refers to those that currently have no or limited broadband connectivity due to supply- and demand-side barriers described above. On a macro-level, this primarily denotes communities residing in rural areas (geographic digital divide) and women and girls (gender digital divide) that face large access and usage gaps. It also includes vulnerable groups such as persons with disabilities, indigenous groups, and rural communities particularly affected by climate shocks, which face starker barriers to access and would stand to benefit from wider key digital services and will therefore also be targeted as part of schemes launched to ensure universal access.",cdd0decfc4da194e22e7f6fb4a82759a30744a79f2ecee8ce419847eed228882
training-20260915-s1,33835348:p00186,paragraph,near|dpi,• Shared infrastructure and services operationalized by Government that enable digital public service delivery (Number),fb778afb7382f69f5f764226c7558e2c895a6686bb77b564a7ee23f61eeae628
training-20260915-s1,33835348:p00208,paragraph,near|access_connectivity,"35. This subcomponent will address key demand-side barriers that hamper access to digital services. It will focus on underserved communities, especially rural areas (including in climate hotspots), women and girls (for example, through women's associations), and vulnerable groups that would stand to gain the most from increased access to e-services (for example, equipping centers for persons with disabilities, registered association and cooperatives) as well as user groups in priority sectors (for example, education). Activities financed will (i) boost awareness of the benefits of digital access and usage, (ii) increase access to broadband-compatible devices,82 and (iii) expand digital literacy to enable wider basic usage of smart devices and e-applications as well as maintenance of digital devices. Schemes launched will also seek to complement other World Bank-financed projects. Activities financed will first be tested, adopting an iterative approach, before scaling. Activities to be financed under this subcomponent include the following:",7f75f0235959b74bcb9f9288eabe5fcde08d4c4c21e4f8a61586e0106a06a087
training-20260915-s1,33835348:p00230,paragraph,near|cybersecurity,"(e) 2.2.5. Cyber resilience and data protection. This supports reinforcing cybersecurity and data protection to safeguard digital services and the digital economy: (i) developing cybersecurity standards, compliance, and auditing framework for the public and private sectors; (ii) building the capacity of the national CSIRT and IT officials across the public sector to conduct threat intelligence and prevent, mitigate, and respond to incidents and attacks; (iii) establishing an independent data protection authority; (iv) developing data protection standards, risk assessments, audit frameworks and regulations; (v) building capacity of data protection authority staff and data protection officers across the public and private sectors; (vi) facilitating the establishment of formal training and educational programs for the wider population, including for school students at different levels, with a particular focus on university-level and female students; and (vii) organizing public awareness campaigns.",acb1987b31f1178fe8b3929c571a0d54a562bb04ff2d107275a7ddde3c46c355
training-20260915-s1,33835348:p00243,paragraph,near|access_connectivity,"(a) Individuals. Broadband connectivity and digital access investments will aim to reduce the spatial and gender digital gaps identified. Beneficiaries of local connectivity and digital access enabling schemes will primarily be underserved rural communities,102 particularly those correlated with higher poverty levels and/or vulnerability to climatic shocks (30 percent of beneficiaries in 'climate hotspots'), and thus merit use of public funds to catalyze both expanded network coverage (to at least 15 percent of the Burundi population) and provision of demand stimuli. Digital access initiatives will also target specific vulnerable communities that are currently underserved: (i) women (for example, through women's groups), (ii) indigenous populations, and",e68de6bb061c0658888906307c853505b9b8eecc42106ca7cb9efca503dd3bfe
training-20260915-s1,33835348:p00489,paragraph,near|drm_ews,"• Activity 2.3.1. An SMS notification system that can support sharing of early warning or disaster response information, will help build preparedness to climate shocks (US$0.2 million).",19a3927d7382404e044622909c3ab59048e3ad36625084a05837c43577471d82
training-20260915-s1,33835348:p00499,paragraph,near|mobile_towers,mobile network energy efficiency (ETSI).,f1ea271568fbb8e58998c038b0861452858466b09064d8dd38c6ab9b4bd568cd
training-20260915-s1,33835349:p00191,paragraph,random,"34. Subcomponent 1.1.(c) will finance the design, pilot, and evaluation of programs to enhance adoption of broadband services by specific groups of end users in Project areas. The NTA will design these pilots in partnership with the private sector, civil society, and development partners. The Subcomponent will finance (a) procurement by NTA of (i) broadband services; (ii) devices; and (iii) associated training, to benefit eligible individuals and households (e.g., low-income and women-headed households, individuals belonging to socially vulnerable groups, school going children, persons with disabilities; eligibility will be defined based on specific, transparent, and verifiable criteria); and (b) the evaluation of the impact of these pilots, and identify opportunities to scale them up through the RTDF or other development partner programs in the future.",78fb4eeb78d41be4a2638d87509f7706a71bbd2839fb7639063ba734c9655713
training-20260915-s1,33835349:p00224,paragraph,near|data_hosting,"(b) The supply and installation of information technology and related (power, cooling) equipment and services (telecommunications, operations and maintenance) to make new DC locations operational. The estimate is for a need to activate 10 MW of DC capacity nationally by 2027. The Project will not finance land acquisition and does not foresee significant civil works. The DCs would be designed to meet global standards in terms of (a) cybersecurity; (b) resilience to climatic events such as flooding (e.g., through appropriate site selection, drainage), and (c) resistance to seismic activity through appropriate construction techniques. The DCs design will also factor in energy efficiency to ensure that energy consumption is minimized and hence reducing the carbon footprint of the DC capacity activated. Where feasible, renewable energy will be used to power the DCs.",10c2bee29cdd671f5a8dd9c26a6fd217e178b52b2b35f011778e43de1f2f284d
training-20260915-s1,33844146:p00137,paragraph,near|submarine_cable,"13. The landing of a new submarine cable in the North and South of the country will provide an enormous opportunity, if gaps in middle and last mile access can be solved. In addition to two existing international undersea links (SEACOM and EASSy), a third is under development (2Africa) which will include the country's first landing point in the north, in Nacala. Taking advantage of the massive increase in international capacity and falling international connectivity, prices expected will require competitive, high-capacity terrestrial backbone and access networks to carry the traffic around the country and to Mozambique's landlocked neighbors. The country currently lacks a robust, unified, affordable, open-access backbone infrastructure, with existing links concentrated primarily in major urban areas and inter-city routes, with fiber reach limited in the rest of the country. Mozambique has limited metro/access networks, and wireless networks are the primary technology for last-mile access. High speed broadband services are limited to provincial capitals, major cities and development and tourism centers along the coast. 3G or higher network signals reach only around 61 percent of the population. About 200 villages, representing a population of approximately 1.97 million people, still have no cellular coverage,31 and the Northern provinces, in particular, are underserved.",28e51fd59a3eb9e8f5ce5d5ee6c5b583eb30d1d27d1eecee78cfb5c9d4397cbd
training-20260915-s1,33844146:p00139,paragraph,near|mobile_towers,"14. Several factors hamper operators' ability and willingness to invest in network upgrades and expansion in rural areas. High deployment costs due to the difficult terrain and lack of supporting infrastructure, including electricity 32 and roads, coupled with low expected commercial returns due to low population density and incomes, render services commercially unviable in many rural areas. In addition, a legacy of operators investing in proprietary network deployments and lack of adherence to infrastructure quality and robustness standards has prevented widespread adoption of infrastructure sharing, despite recent enabling regulations. The result has been duplication of infrastructure on heavily trafficked routes, while others are left unserved.",c7bfcb7a09a033f5efe67744966a60bfc885462a2f938750bcdaec0faaa1df09
training-20260915-s1,33844146:p00141,paragraph,near|access_connectivity,"16. A number of demand-side barriers also explain low service adoption and low demand for digital infrastructure and services expansion. Around half of the population that have access to broadband networks do not currently use the services. More than 70 percent of this group cite affordability of services and devices as a primary barrier, given low purchasing power (see Figure 238). While Internet data tariffs are trending downward, the price of 1 GB of data as a share of the average monthly income was 8.7 percent in 202039 - well above the global affordability target of 2 percent (see Figure 3). Prices of Internet-compatible devices are also unaffordable to most Mozambicans, with an entry-level smartphone costing 39.8 percent of the average monthly income in 2021 (see Figure 4), resulting in very low ownership of smartphones and computers (at 7 percent and 2 percent, respectively in 2019). Low levels of basic digital literacy is also a significant barrier, with 14 percent of those offline stating that they do not know how to use the internet. The perceived value proposition is also a challenge given limited availability or knowledge of relevant digital content and services available in local languages. Incentivizing investment on the supply-side will need to go hand-in-hand with initiatives that seek to boost demand to stimulate uptake and productive use of digital technologies. Digital financial",3ff74ae0b3236aae2aa431eee30bd3bfd847634154c1ecdba1c867a2ee741a5d
training-20260915-s1,33844146:p00154,paragraph,near|cybersecurity,"23. The GoM will also need to enhance cybersecurity and data protection capabilities to reduce growing vulnerabilities and risks to government networks, systems, applications and data and to build trust in online transactions and services. Mozambique currently lacks comprehensive data protection and privacy or cybersecurity laws, as well as corresponding regulatory and implementation capacity, though existing laws and Constitutional provisions do address some elements of personal data protection, cybercrime, computer fraud, data interference, computer misuse and electronic transactions. The EDGE project will provide support to strengthen the legal framework on cyber and data protection, but gaps will remain with respect to corresponding regulatory frameworks and implementation capacity. This includes identification and protection of critical infrastructure and systems and establishment or capacity building for priority sectorial Computer Security Incidence Response Teams (CSIRTs) in addition to strengthening the capacity of the national CSIRT as identified in the National Cyber Security Strategy. Mozambique's ability to benefit from increased digital transformation will depend on building the required human capital and developing the digital skills of the future workforce.",865fb6b453f8b4d927cc8175ab9a8e226c05d72b8a26cc9e6c1114965fbb520c
training-20260915-s1,33844146:p00197,paragraph,near|access_connectivity,"37. This subcomponent aims to accelerate broadband uptake and increase participation and inclusion in the digital economy, by addressing demand-side barriers to uptake of digital tools and services . Particular attention will be given to ensuring that the most impoverished communities, including in remote rural areas and areas vulnerable to climate stress, women, and marginalized groups, are prioritized. Activities will target areas covered by broadband network expansion under subcomponent 1.2, as well as some secondary cities and peri-urban areas where connectivity networks and digital services exist but a significant usage/uptake gap remains. They would first be tested as pilots in selected communities, adopting an iterative approach before expanding operations. Activities to be financed include:",958b50e67f559b370980d7039689950a02a7ba19cdd6be56e8670a4b4686dc3d
training-20260915-s1,33844146:p00215,paragraph,near|cybersecurity,"(d) 2.2.4. Strengthening cybersecurity resilience and bolstering the protection of critical information infrastructure (CII). Building on reforms initiated under the EDGE project, this sub-component will support the enhanced protection of central cybersecurity capacities and sector specific CII, including Government's information systems and networks, and will enhance threat intelligence, monitoring, prevention, and response capacities. It will include support for: (i) enhancing the institutional and governance framework for overall cybersecurity and CII protection in Mozambique, including national information security standards and compliance frameworks; (ii) enhancing technical and operational capabilities through investments in hardware, software, platforms, systems and office space for the National CSIRT, the Government CSIRT, other sectorial CSIRTs and associated Security Operations Centers (SOCs), including support for the definition of software needs and associated training; (iii) design and delivery of capacity building and awareness raising programs for various audiences, including training for key stakeholders, facilitation of cybersecurity professional certifications, exchange programs and participation at industry conferences; and (iv) establishing international partnerships and collaboration with other cybersecurity agencies, CSIRTs or relevant associations.",8fa8ddbf46b0d7f50f25a1cf1bec4ce2b87f40b3b987fe54cd81425384f3fb58
training-20260915-s1,33844146:p00279,paragraph,near|access_connectivity,"• Digital access initiatives, including public connectivity access points, schemes for affordable smart devices and digital skills programs will form a critical mass of digitally enabled citizens that can improve the financial viability of the investments made by operators in 'white' and 'gray' areas and for continued investment in Component Sustainability Mechanisms network upgrades, expansion, and maintenance commercially viable. Related public revenue raised on the back on private sector expansion can in turn be re-invested in new public access and services schemes.",6038c351432c1e0c18e2a8f60ec27e66eff83755c18e932d5940a963daf4beaa
training-20260915-s1,33862093:p00172,paragraph,near|access_connectivity,"27. This subcomponent will address the access gap in rural and remote areas, and will support digital access inclusion, especially for women and PWDs. While the project primarily focuses on improving access to broadband connectivity in urban and peri-urban areas, where access to electricity is generally available, this subcomponent will support the government's innovative approaches, elaborated below, to promoting inclusive access to broadband for underserved and marginalized communities.",f41e2b17fb05e5c88ec80637da082f28242bbeac0fe58d5eec6f99c76f7db3b1
training-20260915-s1,33862093:p00175,paragraph,random,and business models for rural broadband deployment. The objective of these pilots is to develop a proof of concept for an MFD approach that could inform subsequent possible scaling up to narrow the urban-rural network coverage gap.,284715aca1adfa3ac6df5f16ff0e67dc50c6f613ca81810af1c73e078c30c72b
training-20260915-s1,33862093:p00188,paragraph,near|drm_ews,"36. Climate Resilience. This activity will finance to enable data-driven climate adaptation measures at various stages of the climate early-warning communication value chain, focusing on early warning system (EWS) communication infrastructure deployment, early warning information generation, and last-mile information dissemination. The activity will strengthen digital communication systems across the climate information value chain underlying Emergency Operations Center (EOC). It will be housed within the National Disaster Management Agency (NDMA) to facilitate the EWS for reliable information delivery and communication with other government offices, local councils, and citizens. For the back-end communication system for EWS, the project will finance the purchase of servers, data storage, and back-up and recovery systems to operationalize the EWS to facilitate seamless data exchange with subnational, national, regional, and international partners, and to ensure secure data management practices. For climate early warning information generation, the project will finance multistakeholder-based capacity development workshops for government offices, Mobile Network Operators, and nongovernmental organizations (NGOs) to adopt the Common Alerting Protocol (CAP) standard. And for effective last-mile information dissemination, the project will finance the inclusion of weather information as one of the services to be available under the Government Service Platform (GSP). Weather information from the meteorological system will be interfaced with the GSP and formatted to be available as user-friendly messages sent to citizens through text messages (for example, Unstructured Supplementary Service Data [USSD]), voice-based services (such as Interactive Voice Response (IVR)), and mobile and Web-based interfaces like WhatsApp and Facebook Messenger.",2b9525899cb71fb888cae8169df791b34cc0d0d37df420b0bea280cfc3f92836
training-20260915-s1,33862093:p00216,paragraph,near|data_hosting,"52. Shared data hosting solution/government cloud. The project will finance a TA to conduct a gap assessment of government data hosting and storage infrastructure; and to develop recommendations on the technical architecture and operational design needed to address existing core infrastructure gaps, including the development of blueprints to guide government-wide implementation for shared government data infrastructure with disaster recovery capabilities. The TA shall provide recommendations on policies, processes, and standards to support the set-up and operationalization of shared government data hosting and storage infrastructure, such as a cloud-enabled data center which serves to provision data and application hosting to MDAs.",616208d7a6064f4135f8cdb8091c8d32a3159708a8b7e1a7dd8c163df9ba3b1b
training-20260915-s1,33862093:p00243,paragraph,near|access_connectivity,"65. This project takes a comprehensive approach to stimulating digital adoption from both the supply and demand ends. Global lessons point to the need for layered interventions that tackle all of the key access barriers related to affordability, readiness, and relevance—including accessible DAPs, affordable data services, digital literacy, digital public services, attractive local contents, and universal/inclusive design. The project will apply lessons learned from experiences in other African countries, including designing digital literacy and digital skills training schemes for disadvantaged youth, women, and PWDs, like the Digital Jobs program in Nigeria; last-mile connectivity support from Ghana and Malawi; as well as other global experiences.",996fe541d4900fb40313616137d0b2eb17df56b3b2584d54adfd0af0ef6194ef
training-20260915-s1,33937854:p00146,paragraph,near|data_hosting,"20. The growing supply and use of digital services and expected increase in users will need to be supported by enhanced capability of the ARSAT data center. The government provides shared infrastructure services to government agencies through ARSAT, which owns a medium-sized data center. As data use and digital government services expand, ARSAT will need to expand its capacity to meet increased demand and provide new and more secure cloud computing, hosting, and housing services, which are expected to lead to cost savings for the Government in the medium term. Cloud migration has led to up to 80 percent in cost savings related to IT infrastructure maintenance in some developed countries. Data centers and computing capacities are essential inputs for the public sector to leverage Artificial Intelligence (AI), big data analytics and other data-related technologies that are increasingly implemented in the management and delivery of public services. Additionally, the local data infrastructure is increasingly vulnerable to climate-related events, as the effects of climate change risks affecting the AMBA area have become more severe, especially through increasing flooding, heatwaves, and extreme precipitation events. These risks have the potential to damage the elements required for those data centers to perform, such as cooling systems, and need to be upgraded to ensure their resilience. Under this projected scenario, it is necessary to ensure all data infrastructure can withstand these events and that proper measures are in place to ensure increased climate resilience and continuity of key digital services.",7706e2174c79c7360249069c34f95fd3e632ca8ca2e141681309e2d156b94db2
training-20260915-s1,33937854:p00189,paragraph,near|data_hosting,"42. The data centers will be self-contained modules or containers that will be installed on available government sites. The modules considered have the basic infrastructure distribution included (energy, cooling, networking) and need the external connections to secured energy, network, and water supply. Each module will have general cloud services available, HPC capabilities, and local storage.",e8c8fde0cd5091640e0fb830e846acf03a9914f48b04a0d3f2643e887bc0bb13
training-20260915-s1,33937854:p00194,paragraph,near|drm_ews,"these additional facilities will enable communities to adjust and prepare for climate change consequences. They will provide the storage and computing power to monitor and forecast weather, but also develop alerts and response plans to climate change events. These activities will increase local climate resilience, which will be more impactful for vulnerable populations, the most affected by climate-related disasters.",8c585c17b5aedb0e40a90c822c9b9880cd218b6660be02d917507181e5e0fc98
training-20260915-s1,33937854:p00434,paragraph,near|mobile_towers,"6. The infrastructure to be deployed includes all network elements required to provide end-to-end connectivity to final users covering all households in the most concentrated areas and relevant buildings (i.e., schools, health facilities, community centers, etc.). The network may comprise the following core elements:",773a155da9a538f093e0e8766dd698ea3dfc072bd410061bc9b3ce642ba0bad7
training-20260915-s1,33937854:p00435,paragraph,near|fiber,a. The backhaul link to connect with the IP backbone. It may be supported either on optical fiber or high- capacity microwave links. Satellite connectivity will be considered only for remote localities.,60ca1d33cefbcdecf72f70e06b7108c6aabee63bbc2aece298694cf4d00efab8
training-20260915-s1,33937854:p00436,paragraph,near|mobile_towers,"b. Access Node (i.e., the 4G/5G base station in the case of mobile networks, or the Optical Line Termination in the case of FTTH network) supported on 10 gigabits per second Passive Optical Network (xGPON) technologies, including routing and switching elements as well as the physical infrastructure to support it. Other elements to provide value-added services, such as IoT solutions, could be considered in future stages.",f19a4ada220a6b7029001d275d74e487fc54785b732ce8efd04da72b72e772f2
training-20260915-s1,33937854:p00438,paragraph,near|fiber,"c. Distribution network (applicable in the case of wired networks). Cable laying could be deployed on aerial installation using existing poles (i.e., poles from energy companies) or new poles. Other components, such as splitters, will also be installed on poles.",c4e0af11426ef7b242d5b1c2a5a01becaad76ef38bd8ea92776c79432fe119af
training-20260915-s1,33937854:p00447,paragraph,near|mobile_towers,"a. Localities with a high population dispersion and between 100 and 400 inhabitants. In this cluster, the local wholesale operator will deploy and operate the infrastructure to provide wireless connectivity. This includes tower or pole and power system, to support wireless network implementation, as well as a backhaul link to connect with the national backbone.",4750ade1d53a6388dcd786745437b4c00340e9da617501590eede8e99a65b612
training-20260915-s1,33937854:p00472,paragraph,near|fiber,"20. The model considers: a) the installation of 286 towers to provide fixed wireless connections, including mobile, b) the deployment of 3,020 km of transport optical fiber from the nodes to the localities, and c) 4,937 km of optical fiber networks within the towns. These calculations are based on the technical reference model, which may vary according to the mobile/fixed and wireline/wireless mix ultimately implemented.",382838d581f5d8dbb98f49edaf50a971cec3a7f91af82cc99962409d02a23fdd
training-20260915-s1,33937854:p00504,paragraph,near|data_hosting,"Includes water cooled racks to enable high power consumption equipment, such as the ones needed for HPC. The deployment of the modules requires a solid basement and protection from external factors. Each module will have the general cloud services available, HPC capabilities and local storage. Data replication in the contingency sites will be included, as also remote data copied locally to accelerate data access.",ba9eae0e96538061a4bede56002f54c6e670d9ae78c59d1f1c9bdb97a205f693
training-20260915-s1,33985963:p00143,paragraph,near|dpi,Digital Public Infrastructure and Digitalization of Health Sector,86eb05b12269c04377842c055ac807725c524223ae9edb0d425487504a0aad9b
training-20260915-s1,33985963:p00149,paragraph,near|dpi,"15. Bringing progress in digitalizing services to the next level will require strengthening digital public platforms, anchored in well-defined principles and standards of interoperability and data exchange and storage. As of now, digital public systems are duplicative, costly, and not interconnected. As the World Bank Senegal Digital Economy Diagnostic highlighted, challenges go beyond the lack of an interoperability framework and include: (i) lack of uniform requirements for the implementation of e-services; (ii) unresolved problem of electronic identification and authentication of users in the provision of e- services; (iii) low level of maturity of procedures that do not offer transactional aspects, such as online payments; and (iv) insufficient trust of users in digital interactions; etc. Cognizant of these constraints, one of the SSN 2025 objectives is to implement an efficient and trusted user-centric e-services platform that can facilitate the delivery of accessible, transparent, secure, and affordable public services. Such a platform will allow the reduction of maintenance and operating costs and enhance systems' security, while enabling effective data exchange between public entities. Data from various ministries, departments, and agencies (MDAs) are expected to be stored in the government cloud hosted by a Tier- 342 national data center (inaugurated in Diamniadio in June 2021), thereby achieving digital public infrastructure optimization by reducing the need for the constant purchase of servers and operating licenses across the GoS.",0465f5861e3ed48b5dff4a04611081075620ed52354dbe30f52d8142160ea510
training-20260915-s1,33985963:p00205,paragraph,near|fiber,"37. In this context, building on the NBP priorities and ongoing consultations between the GoS and private operators regarding key missing links of the national fiber optic backbone and the private sector's ability to support their deployment, this Sub-component will finance a TA package and the construction of the priority missing links under a PPP model, with a focus on extending the backbone towards rural areas. Based on the NBP, and in coordination with ARTP and the private sector, MCTEN has identified 429 localities to be interconnected to the national fiber optic backbone, eligible for a public catalytic financing. This number will be confirmed in the ministerial decree defining the localities eligible for public co-financing, currently in the final stages of validation by the GoS.",5570947bd38050a9bff7ad5fbc09fae5a3e4071d64dc8e023b516c534e721e72
training-20260915-s1,33985963:p00240,paragraph,random,"(a) Industrializing the life events approach, that is, generalizing it across all sectors based on a homogenous and unified methodology to guarantee a user-oriented transformation of public services. This will include TA support to design such a methodology and develop implementation tools, including mapping the users' path and related procedures, preparing proposals for the simplification and digitization of publics procedures, and elaborating a methodological guide of the life events approach. The project will also finance the design and implementation of a barometer to measure the use and complexity of life events.",3f5006ec4608a15f0be4f0d3d209064f7995b39e088da2a1b1c87551ddbb5b01
training-20260915-s1,34022655:p00176,paragraph,random,"Need to boost digital skills, and access to affordable devices and to regional and global markets to position Kenya as a regional digital hub",a1f8763c203efd52552558d18c13e7698e0808adc9c861f2a53a0560eb22d1c5
training-20260915-s1,34022655:p00322,paragraph,near|cybersecurity,"d) Strengthening cybersecurity capacity, including through design, set-up and operationalization of a security operations center for Government (GovSOC) to provide visibility, response, remediation and cyber resilience to cyber-attacks and protection of key government applications across the region.",1e6c10aac54ae1808f58539fe24472878799d3af54347df2911c8bf7e99ca321
training-20260915-s1,34022655:p00392,paragraph,near|access_connectivity,"71. The project places a strong emphasis on 'digital inclusion', bridging the digital divide, by empowering women and girls, PWDs, and vulnerable communities in rural and underserved areas. Digital access initiatives will be geared toward encouraging adoption in rural and underserved areas, where uptake of broadband and access to digital services is lagging. Moreover, all community connectivity access schemes, including public Wi-Fi hotspots, connected schools, universities and TVETs, as well as ICT equipment and software funded through the project, will be designed to ensure access for women and PWDs (for example, through ramps to public offices, women-friendly opening hours, gender-appropriate locations, accessible websites etc.). Gender- and PWD-sensitive approaches to all digital skills programs will be adopted (for example, leveraging female trainers and access-enabled devices). Data on connectivity disaggregated by gender, age, and location, will also be recorded to monitor and track progress on key parameters of digital inclusion.",0f2a07a5f9e7414a406111b061eb69ec9b552cc1e245753fbc561580173e9f82
training-20260915-s1,34022655:p00490,paragraph,random,Improve the quality and delivery of education and selected government services,74b77c9176eb98a72acae09aef514159e15c797293fc7114dfb72e95aca5737c
training-20260915-s1,34049898:p00390,paragraph,random,e. Component 5: Led by the PMU.,26511f31b5c73f9d050b469d7364bd9674aa7e7eb589b4181d5cdd9338cfda5e
training-20260915-s1,34049907:p00143,paragraph,near|submarine_cable,"9. Lingering infrastructure deficits still exist along various segments of the broadband value chain, which prevents the region from expanding network coverage and meeting growing demand for bandwidth. Being located by the Red Sea, which is a thoroughfare for many major international submarine fiber-optic cables, the region is set to benefit from growing access to international capacity in the years ahead. However, countries such as South Sudan rely on their coastal neighbors to access this capacity (for example, through the numerous submarine cables landing on the shores of Djibouti, Somalia, and Kenya). Although some countries in the region have well-developed fiber-optic backbone networks that cost-effectively transmit and distribute high volumes of internet traffic nationally and to their inland neighbors (for example, Rwanda, Uganda, and Burundi), some countries still need significant upgrading or expansion of their existing networks, while others are missing key segments of related network infrastructure altogether. For instance, in Somalia and South Sudan, lack of terrestrial fiber within the countries, particularly in borderland areas, limits them from accessing cross-border connectivity with neighboring countries such as Kenya (Figure 1).",2b2452163005b2ea0f95b3d24c59f9e63601da77ffb3a9ceffe82c6a1727661e
training-20260915-s1,34049907:p00224,paragraph,near|fiber,"45. This subcomponent will support the deployment of key missing cross-border and backbone fiber links to improve the resilience, coverage, and integration of regional connectivity networks. Support will be provided to deploy upward of up to 7,000 km of fiber network in Somalia and South Sudan, covering strategic cross-border and national backbone network links as well as their extension into borderland areas, with a view to creating an integrated regional backbone network allowing for low-cost and quality transmission of capacity throughout the region. Financing support will be provided to operators who will be expected to co-finance, design, build, and operate the network infrastructure. Infrastructure deployment will be based on key principles of providing services on an open access basis, while offering reasonable wholesale rates to support affordable service expansion to be detailed in a Commercial Transaction Manual (CTM) (disbursement condition). The CTM will be developed through in- depth industry consultations to identify sustainable commercial models for each of the priority routes and will include the: (i) guidelines for developing the deployment options including public private partnerships or other models with the operators (in particular for ensuring optimization of the Recipient resources in those partnerships), (ii) obligations of the operators in return for the contribution from the Recipient (iii) principles to follow to ensure open and non-discriminatory access to the infrastructure built through the project (iv) the principles which ensure reasonable prices for the end-user, (v) necessary amendments to the regulatory environment and (vi) template form of the agreement. The CTM will be developed in line with the activities under subcomponent 1.3 involving the ministry and regulator. Project financing will cover the following:",4df4dda84f996ef13dc0c6f41ed8536590f37617c18381527006f1feb3d443f0
training-20260915-s1,34049907:p00546,paragraph,random,(a) TA and training to establish and operate a regional cybersecurity coordination platform (regional virtual Cyber Incident Response Team) for officials at the EAC and IGAD. This will be complemented by TA at the national level for South Sudan and Somalia.,8e12cea6a3fdf5fb8629544856ec350aba75134921d896da5ae73b1b134291b4
training-20260915-s1,34049907:p00581,paragraph,near|submarine_cable,"existing/forthcoming international submarine cables landing along the coast. Existing capacity is therefore underutilized. Network gaps also limit Somalia's ability to serve landlocked neighbors, such as Ethiopia and South Sudan, further inland. To date, fiber-optic networks have been deployed in parts of Somaliland, Puntland, and the Mogadishu metropolitan area. However, this still leaves vast parts of Somalia unconnected—particularly, southern and central parts of the country, where elevated security risks continue to inhibit fiber deployment, resulting in the use of microwave links that limit transmission capacity and quality. Critical missing terrestrial fiber links include the north-south trunk, a west-east connection between Somaliland and Puntland, and fiber routes to the Kenyan border in the south (Figure 3.1).",ddcd1e9e3b7e5052c6f90f7ce5f51be1ec897c76d6911d62e426862c9f48f022
training-20260915-s1,34049907:p00678,paragraph,near|data_hosting,"(c) Financing for deploying resilient and agile hybrid (cloud and on-premises) data hosting solutions, consolidating data hosting for the Government, and climate proofing-related solutions to prevent data loss",ee7a07d54307742ae241a38877c9febfbdb406f69300e35bcf028a921a3d9d45
training-20260915-s1,34194833:p00154,paragraph,near|mobile_towers,"Commercial Transaction Manual (CTM). Operators will be expected to own, co-finance, design, build, and operate the network infrastructure. Infrastructure deployment will be based on key principles of flexibility, technology neutrality, providing services on an open access basis while offering reasonable wholesale rates to support affordable service expansion to be detailed in the CTM. Project financing will cover the following:",19246ea6bd4b695fc8b3863ab724c010e1c2923f0a2c4e7f4fac9121f7fc999d
training-20260915-s1,34194833:p00292,paragraph,random,"68. Communities and individuals who believe that they are adversely affected by a project supported by the World Bank may submit complaints to existing project-level grievance mechanisms or the Bank's Grievance Redress Service (GRS). The GRS ensures that complaints received are promptly reviewed in order to address project-related concerns. Project affected communities and individuals may submit their complaint to the Bank's independent Accountability Mechanism (AM). The AM houses the Inspection Panel, which determines whether harm occurred, or could occur, as a result of Bank non-compliance with its policies and procedures, and the Dispute Resolution Service, which provides communities and borrowers with the opportunity to address complaints through dispute resolution. Complaints may be submitted to the AM at any time after concerns have been brought directly to the attention of Bank Management and after Management has been given an opportunity to respond. For information on how to submit complaints to the Bank's Grievance Redress Service (GRS), visit http://www.worldbank.org/GRS. For information on how to submit complaints to the Bank's Accountability Mechanism, visit https://accountability.worldbank.org.",62037f89cd6743dfe25a00a0362cc5ee461ad65c5b9b55aeee61a38de166a8a4
training-20260915-s1,34196069:p00238,paragraph,near|dpi,"(b) (GA, GUI, GB, and MA) Establishment of cross-cutting enablers for digital government or core layers of digital public infrastructure such as payment platforms, electronic signature, and data exchange platforms. Activities include TA to support review and update of policies, legislation, and regulations considering continental and regional frameworks, feasibility studies to design and implement the digital public infrastructure, and financing of equipment, tools, and platforms and related capacity-building training of government officials. When needed for the development of key public digital services, assessment and feasibility studies for digital identification may be considered.",da4f48698e24396becf37889d44e43bab37a75d0fb5513505a2b1cbff1bc04ab
training-20260915-s1,34196134:p00229,paragraph,random,"87. The POM will define in detail the key policies and procedures relevant to Project implementation to be followed for ensuring due management and administration of project implementation as well as management of project resources. For the 2.1. Incentives (professional training, equipment, operational cost) sub-component, the Borrower (via the MDT/PIU/IT-Park) will adopt the IM in form and substance acceptable to the WB prior to any withdrawals related to this sub-component being made.",75a9317c9bdcacedfc5d82607079c59c139e207653b3d7268264a723f7bbe581
training-20260915-s1,34222788:p00237,paragraph,near|dpi,2: Digital Public Service Delivery Enablers,96cecbf60207263fa8ecc605c7ed8379588997b62d6756c37d65180d6dc91ebe
training-20260915-s1,34254903:p00109,paragraph,near|access_connectivity,Demand side of broadband for all,e734f8c697025100635721d541fdfa52252a8eaf89748d15aa79310de952303a
training-20260915-s1,34254903:p00250,paragraph,near|fiber,"8. Civil engineering works. To lower the costs of civil engineering works of broadband deployment (which usually take up to 80% of the cost of the entire project), the Project will, whenever possible, coordinate with civil engineering works, planned or ongoing in the target areas (e.g., works concerning roads, gas, water, or electricity maintenance or provision), to deploy ducts to facilitate further installation of fiber optic cables.",862bf4c545eb6953b81b351f568a80c9662956ad683368590455f7f2af14f806
training-20260915-s1,34295403:p00038,paragraph,near|dpi,"Context: This component aims to establish an integrated digital platform as a shared, cloud-based system accessible to all government agencies. Creation of the platform will increase digital integration across government agencies, lead to significant cost efficiency savings for the government, and offer efficient and secure public digital services for citizens and businesses.",4e830086e5cd7ad32b6c27a1b85306d2db51eea169fab085785917cdf8645438
training-20260915-s1,34295403:p00121,paragraph,random,"• ""Grant"" means monetary payments made from the proceeds of the Financing to a Beneficiary in accordance with the provisions of Section I.F of Schedule 2 to this Agreement and the Project Operations Manual, for the purpose of supporting research and innovation initiatives under Part 3.4(ii) of the Project.",9d2b88b0e35f1d6172c6ef2475e3f81341845fca3098737d77eeed3b8be40990
training-20260915-s1,34295403:p00206,paragraph,random,Action: This indicator has been Revised,61b799dee69b6bb32cf79b4a9c08629145484370610f52d917c01e1632fab2d1
training-20260915-s1,34310682:p00134,paragraph,near|data_hosting,"38. The data center will be constructed in a location that to ensure its resilience and security, including a reliable supply of water and electricity that meets the system's demands, as well as access to high-capacity fiber-optic backhaul. The decision on the Data Center will follow to social and environmental criteria. The data center location selection and design will contemplate the adoption of renewable energies and water cooling to minimize GHG emissions and water usage. Renewable energies will be assessed to function as backup in case of electricity shortages (for example, batteries charged by renewable energy generation). The introduction of water cooling would help reduce emissions and improve energy efficiency. A high-efficiency water chiller with an appropriate condenser is typically the most efficient cooling option for higher densities. The data center will achieve Excellence in Design and for Greater Efficiencies (EDGE19) sustainable building and operation certification post-construction. During the equipment purchasing, construction, and post-implementation phases of the project, the processes of the EDGE certification standard will be followed.",7a500b28a0da97d6df35d938acc2ee35fea1cefc7215fb23c6c18cfc969c4294
training-20260915-s1,34310682:p00147,paragraph,near|drm_ews,"49. As vulnerability to natural hazards grows and given Espírito Santo's climate-sensitive location (hosting the Mata Atlântica biome, holding 5 percent of Brazil's coastline, and therefore being increasingly prone to floods and extreme precipitation events), the modernization of the Emergency Management System will upgrade the holistic and coordinated response to climate emergencies engaging all the necessary first response entities interdependently, optimizing response resources, and maximizing the response effectiveness to each climate-related emergency. Establishing joint coordination protocols with State's Center for Risk and Disaster Management will be key with respect to this. This component aims to support Espírito Santo in optimizing its response to climate-related disasters, by modernizing and expanding the state's emergency center and designing precise and comprehensive response protocols that involve the cooperation of all first-response entities for each type of event. The emergency center will benefit from more precise and better-quality information due to the introduction of the geolocation of emergencies. This will allow improved identification of gradual climate change trends and events and link them to their effective emergency management. A unified approach and response to emergency response and management will create interoperable responses that are critical in emergency response.",c28c240aa4cda1140c0383c0e51bf33e75ec6c2abf6c942a7b642612d1f2a877
training-20260915-s1,34310682:p00152,paragraph,near|drm_ews,"54. The IERP will include the hardware, specialized software, and secure communications necessary to guarantee the correct answer and management of emergency calls at the Public Service Answering Point (PSAP). The IERP will receive, categorize, transfer, and perform the traceability of the calls that are transferred to the central offices of the first response entities that will maintain their functional independence. One of the new crucial functionalities that the IERP will implement is geolocation. This functionality will allow the benefit of knowing the precise and real-time geographical location of the individual who reports an emergency to the PSAP at CIDES. Through the development of specific unified responses to geolocated climate events, the project will strengthen Espírito Santo's response to climate-related disasters (see annex 2).",e30954bf2d4411f5904adb61b8ed96758fb1dcf287976e9ddd6e1e61cf72cfac
training-20260915-s1,34310682:p00191,paragraph,near|data_hosting,"72. Component 1 finances a green data center designed with the most efficient and resilient technologies. The new data center, owned and managed by PRODEST, will serve as the main data center while providing additional storage and computing power. A new facility will follow a modular approach. This data center will operate as disaster-resistant facility and follow recovery time objectives, while complying with the maximum tolerable downtime specified by user organizations. It will be designed, constructed, and implemented to receive EDGE certification post-construction or similar sustainability certification.",b23321cf509d6ee734ebe1cb256ce6716164cf5afb74a0f3c5a6768ca9ba3a98
training-20260915-s1,34310682:p00350,paragraph,near|data_hosting,"• The current Tier 3 data center located in Vitória currently hosts most state data and does not have a backup facility, therefore it is susceptible to 'a single point of failure' in case of extreme climate events, or natural disasters. Measures to enhance redundancy (such as/including backup data storage facility) will be added to enable continuity of operations.",29f3acca45f7d00e34cae2e7ee004fbe24dd1d7bb20343a0174f61d4733efd15
training-20260915-s1,34310682:p00378,paragraph,random,"• The IERP will make possible a holistic and coordinated response to climate emergencies, involving all first-response entities and distributing roles to respond as quickly and effectively as possible to climate shocks.",984e6d48768709c16ecbb87cf9ecaee707d73928b4d09b2ffb8e5b032c5bf58c
training-20260915-s1,34327188:p00163,paragraph,random,"41. The subcomponent will provide additional support for transparency around audit findings and audit follow-up. Building on the PAC's ongoing efforts to follow-up on the GAC's audit recommendations, the Project will support (i) establishing a digital system to track actions on audit recommendations; (ii) timely publication of the consolidated fund annual audit and follow-up report; and (iii) change management and developing the capacity of key actors involved in the process of audit, audit report publication, audit recommendations follow-up and reporting on audit follow-up actions - the PAC in the Legislature, GAC, MFDP, Controller and Accounting General (CAG), Internal Audit Agency, and audited government institutions.",bbb265e0db812c79e460c6b182363e12b7d99b04ebc32b971d1cb31b5bd898a1
training-20260915-s1,34338772:p00689,paragraph,near|fiber,"• Extending fiber backbone coverage will help to reduce the size of the microwave backhauling network for backbone connectivity and last mile and will result in a significant reduction in GHG emissions associated with the data traffic, as optical fiber is two to three times more efficient than microwaves for backhauling, allowing power savings from 54 to 94 percent on the backhaul deployment in a 4G scenario. 76 The new construction of national backbone and last-mile network will also deploy energy efficient fiber optic technology, which is the best available (that is, most energy efficient) technology in Angola and also significantly more energy efficient than the copper cables, which still exist in the country.",5fc03c6b1d6d286e7bc2a3403ce3bcc08c26a92fa1b63f0a84190954b05c463f
training-20260915-s1,34338772:p00717,paragraph,near|fiber,"• (ii) Whenever possible, fiber will be used to connect MDAs, as it is the most energy efficient and best available broadband technology in DRC.87 The deployment of over 7,000 km of fiber optic backbone throughout the country will enable MDAs located close to the new backbone to be connected via fiber optics (estimated 30 percent of financing). Outside the areas where the fiber optic backbone is deployed, MDAs will continue to be connected via microwave or satellite for the most isolated regions.",45dffd0b831e7e0d9271019d4aba3ce855f4dc7392b8970d867180d6e3b202f2
training-20260915-s1,34338772:p00718,paragraph,near|mobile_towers,"• (ii) Related network investments will also require operators to power equipment at targeted MDAs as well as any cell towers and base stations deployed with solar power and battery storage, limiting the use of diesel generators to minimize the GHG emissions stemming from related network deployment, or where feasible leverage direct connections to central energy grid which minimize energy use and reliance on generators.",ab3737a5a3d5a31095a44d73159f8a6bb81f79e0d3b11aa59e1c1b407ace29be
training-20260915-s1,34338772:p00725,paragraph,near|data_hosting,"• Financing for a consolidate Government data hosting solutions, which is likely to include a greenfield physical data center will be deployed in a climate-safe location, with adequate redundancy and automated backup and disaster recovery system to avoid loss of sensitive government data. Current data management and hosting practices in DRC are vulnerable to floods and other extreme climate events that could lead to large-scale data loss due to absence of adequate backup and fragmented data hosting practices. A climate-risk assessment will be conducted to identify flood-safe location for data hosting and technical and financial feasibility for embedding automated backup and disaster recovery to avoid data loss in the event of climate calamities. The new data center will meet the criteria for EDGE green building certification for green data center, requiring at least 20 percent 6.2 savings in energy, water, and embodied energy in materials. (Adaptation/ Mitigation)",35dc4973fec140e8a6e56c764f7c193993e4aebb0ee6fe96e3316bb0f29bbc28
training-20260915-s1,34338772:p00741,paragraph,near|drm_ews,"connected during the time of crisis; have access to extreme weather alerts; and ensure digitally enabled delivery of basic services, for example, emergency cash transfers through mobile money.",2c26af13ad7895bcf0f47689608ee0fa3a7c16a459507e60b3cbb625d8974ca5
training-20260915-s1,34338772:p00745,paragraph,near|mobile_towers,"• This investment will be used to roll out mobile broadband coverage in uncommercial rural areas, out of which expectedly half (50 percent) will consist of new 4G/5G sites, while the remaining half (50 percent) will be an upgrade of 2G cell sites to more energy efficient 4G/5G cellular technologies. 94",00ebcd416a08ce3ccac6d4b1a88e6c474cc2fc495b61d5f273dd531706480ea2
training-20260915-s1,34338772:p00746,paragraph,near|fiber,"• For last-mile connectivity to institutions, expectations are that around half (50 percent) will be deployed through energy efficient fiber optic cables,95 while the remaining will likely be a mix of LEO satellite and 4G cellular, depending on the results of a competitive process.",2e925d5b5e2533921448f6aacae913690959d90e2ce69361ad3f17a0484e2a44
training-20260915-s1,34388773:p00119,paragraph,near|dpi,Digital Public Infrastructure and Services,08b88c3835a37a0cf7f6957c6b2ee56b1653f5da4f62dc0498347a415f4de8ed
training-20260915-s1,34388773:p00123,paragraph,near|dpi,"Digital identification, e-procurement, and e-health government platforms",b20cd8eb674c28da90cd22bf83727fe3301587e7feee8200d973ac4e1ba714d9
training-20260915-s1,34388773:p00199,paragraph,near|data_hosting,"(b) Developing national data hosting capabilities,70 facilitating data migration, and establishing robust data disaster recovery strategies (US$2 million equivalent) through: (i) TA for the development and implementation of national data hosting (including cloud), data migration, data disaster recovery strategies that will also include support to systems integration that is expected to generate energy efficiency gains; and (ii) the procurement of energy efficient solar-powered IT equipment for data server rooms and private cloud hosting solutions with backup solutions for select MDAs. On-site data hosting environment will be strengthened by integrating physical protection measures, energy conservation measures, data security, climate adaptation measures, in accordance with international best practices on energy.",41a9647171196ceb8dad682dc32d526cd1a19a1e0dc18aee5a347c40c38736a0
training-20260915-s1,34388773:p00201,paragraph,near|cybersecurity,"(iv) development of a Data Protection Unit five-year strategic plan; (v) acquisition and installation of software and critical energy efficient IT equipment for the national Computer Emergency Response Team (CERT), Security Operations Center, data protection and digital certification system or PKI; and (vi) provision of trainings, awareness and communication services on cybersecurity, online safety including gender-based violence and cyber harassment, data protection, and digital trust services.",37b2c3b415c8d2d3bfcb834c57051a289e29167924d2c247d161e01052ade944
training-20260915-s1,34388773:p00237,paragraph,near|access_connectivity,"51. The project takes a comprehensive approach to stimulating resilient broadband market development and digital adoption. Connectivity elements of the proposed project leverage lessons learned from a comparative analysis of 70+ last mile connectivity deployments, which points to the need for designing infrastructure tenders in projects using technology neutral principles to maximize competition, value for money, and scope for using innovative business models for network expansion. The project also takes a comprehensive approach to stimulating demand, by addressing all key access barriers linked to affordability, readiness, and relevance, where more novel areas such as device affordability draw on research conducted by and with partners such as GSMA84 and global experience of smartphone subsidy schemes, including related interventions in social protection projects.",16565e9fa0deca93f1b0f699bd607aa365310a2d5aa0f8ee0315c2203402251d
training-20260915-s1,34394311:p00084,paragraph,near|drm_ews,"4. Digital transformation is contributing to mitigating the human cost of climate-related natural disasters, while digital infrastructure itself remains vulnerable. A range of early warning systems are in place, including the Department of Information and Communications Technology (DICT)'s emergency warning broadcast system. Such systems have played an important role in reducing the loss of life in the past: In December 2021, 400 lives were lost because of Typhoon Rai, whereas Typhoon Haiyan in 2013, of similar strength, resulted in 6,300 deaths. Extreme climate events pose a high risk of damaging and disrupting digital connectivity infrastructure, including equipment shelters and fiber optic cables, due to storm surges, sea-level rise, and heavy coastal winds. Improving resilience to climate shocks and natural disasters will involve providing resilient digital connectivity, preparedness, and response; and undertaking risk-informed investments, and expanding digital access to unconnected climate hot-spots.",9f293802cb987d903b4365c369ef6807f259ae374c83c15e3ab1574b32fdc3bc
training-20260915-s1,34394311:p00134,paragraph,near|fiber|submarine_cable,"30. The first three components will improve the Philippines' broadband connectivity, by making much needed investments in the government's fiber optic backbone, middle-mile, and last-mile connectivity infrastructure. In terms of the backbone, while international network connectivity (submarine cables and corresponding landing stations) is relatively strong in Philippines because of its strategic location in the Pacific Ocean, the Project will contribute to the activation of the entire government broadband backbone from the North to the South of the country, by connecting to two main international landing stations in Baler Municipality (in Luzon) and Davao City (in Mindanao). Additionally, this component will secure an IRU for the use of existing private sector operated domestic fiber optic submarine/protection routes which lie within the territorial waters of the Philippines, connecting numerous islands across Luzon, Visayas, and Mindanao, thereby enhancing the backbone network's resilience.",df98bf56caff08429421e994a9e40467f34f2b07707bc97756f33a6e335adb1d
training-20260915-s1,34394311:p00138,paragraph,random,Component 1: Backbone Network (US$50.94 million),81040a92de7ce129ac497326edaec0aa591fe2fee85f975089bfbb78fc6d5dd0
training-20260915-s1,34394311:p00139,paragraph,near|fiber|submarine_cable,"32. This component is strategically designed to implement and finalize the remainder of the NFB and support full operationalization of the entire NFB network. The Project is using an integrated infrastructure planning approach by leveraging NGCP's existing investments. The NBP envisions utilizing the two cores of fiber optic network to establish a robust fiber backbone connecting the two international landing stations in the North and the South. Activities associated with this Project, as illustrated in Figure 3, involve activating two dark fibers at 37 substations and constructing 37 DICT climate-resilient/weather-proof equipment shelters in proximity to the substations (see Annex 3 for details). Moreover, the Project requires the installation of a total of approximately 32 km of underground Fiber Optic Cable (FOC) with climate- proof conduit systems to establish connections between the substations and the DICT equipment shelters (powered by renewable energy sources like solar/wind).",8031be287b86141315259d54082b8f09da3858d0c3a760f740b55dcb4f24e8cb
training-20260915-s1,34394311:p00140,paragraph,near|submarine_cable,"33. Securing domestic submarine and protection routes entails leasing and activating two fiber-optic cores of submarine dark fiber cable owned by private providers. In addition to the previously outlined activities, the NFB's implementation entails the activation of two submarine dark fibers at 15 landing stations via private providers. These",c7f488ff773afc116291afe90c363424f0680b201931d9131d8e23723d3c4006
training-20260915-s1,34394311:p00142,paragraph,near|fiber,"fibers will link islands across Luzon, Visayas, and Mindanao through the three domestic submarine protection routes, as shown in Figure 4. Funding for this Project enables DICT to enter into an IRU agreement with these private cable providers. Furthermore, underground FOC will be installed to connect the landing stations to 15 DICT equipment shelters, following a climate-resilient and low-carbon approach (see Annex 3 for details). Additionally, terrestrial fiber backhauls will be set up to connect DICT equipment shelters to DICT Points of Presence (PoPs).",2df6c501e8195d70924d5443e937a8065c83ff37ddb821d870814bb918a47cf2
training-20260915-s1,34397339:p00103,paragraph,near|submarine_cable,"7. Strategic investments in international connectivity, such as the Tui-Samoa submarine cable system project, have significantly expanded Samoa's bandwidth, positioning the country for future digital growth. Valued at US$41.76 million, the Tui-Samoa submarine cable system project successfully leveraged private and public sector financing and expertise. The public sector contribution was co-financed by multiple partners including the World Bank, Asian Development Bank, Government of Australia and GoS. 9 Samoa's international bandwidth increased from 250 megabits per second (Mbps) to 14,000 Mbps between 2015 and 2022. The Samoa Submarine Cable Company Limited (SSCC), established in 2015, manages this submarine cable system. This investment proved essential during the COVID-19 pandemic, supporting a substantial increase in data usage. 10",3b9e7296e502ffe4bdf384b98780d43d247c7c98136027daba3a7909d0c28fa7
training-20260915-s1,34397339:p00156,paragraph,random,"32. Subcomponent 1.2: Enhancement of the capacity, coverage, security and resilience of the Government's Intranet (US$2.64 million). The FTTP network deployed under Subcomponent 1.1 will provide the infrastructure layer that will be used under this subcomponent 1.2 to connect government agencies and establish secure cross- government data and information exchange at the national level. Approximately 90 percent of government agencies outside Apia will migrate from an outdated, end-of-life copper network to the new climate resilient, secure FTTP network. Specifically, this Subcomponent will support the deployment of a robust communication platform equipped with backup functions and recovery plans to ensure continuous operation of government services, facilitate secure and efficient data exchange across government agencies, and allow for better coordination and data sharing at the national level including during emergencies. The investments in climate- resilient technology will help minimize network downtime (currently at a high 10 percent outside Apia), particularly downtime due to weather-related disruptions, eliminate Single Points of Failure (SPOF), and mitigate the impact of power cuts on government agencies, schools, and hospitals. This subcomponent will also finance activities to strengthen cyber resilience through support of SamCERT, protecting the Government network against cyber threats, minimizing the impact of cyber breaches and putting in place business continuity strategies for critical infrastructure, such as utilities and telecommunications, to maintain government services in the event of cyber breaches. Finally, this subcomponent will also support expanded public access by financing the installation of public Wi-Fi hotspots in rural areas.",f3d5d07d9e2dca04d90c70cf6d85e605fb5e3f2e2091f87a6f1dc017315dece8
training-20260915-s1,34397339:p00159,paragraph,random,"a. Establish a Government Integrated Data Center: Financing for a Government integrated data center for storing critical data which utilizes renewable, redundant energy sources to minimize network downtime, eliminate SPOF and reduce the carbon footprint. The specifications for the data center will meet good practices for access management, resource efficiency, and security and cyber resilience. Government will seek EDGE certification for any data center infrastructure located domestically. 34 This subcomponent will also finance technical assistance to examine options for incorporating cloud computing to enhance the resilience and security of Government data systems, particularly during national emergencies and climate- related disasters, while also reducing maintenance costs. This analysis will also evaluate the potential use of a private government cloud for securely storing sensitive information.",fccc7f1df54d21d8620d26cbe92a2dcda6fbe0a4f5377037ba511beea50c508e
training-20260915-s1,34428613:p00135,paragraph,near|dpi,"(a) Foundations for safe digital government systems and services, with a focus on Digital Public Infrastructure (DPI), defined as a core set of foundational digital systems (that is, infrastructures and platforms) that are interoperable, open, and inclusive and that stakeholders use to provide a wide range of digital services. 39",1d252b0d42d5236e23b5f1422ec1a9edf39ddc55faa325f4f5e88242ef1e17bf
training-20260915-s1,34428613:p00238,paragraph,near|drm_ews,"51. Assessment and reduction of adaptation risks. The project will manage the main risks of flooding, intense rainfall, and landslides identified through the Climate and Disaster Risk Screening Tool by incorporating climate-resilient design features in last-mile digital connectivity expansion and integrating disaster risk reduction measures (see annex 2). To strengthen data hosting and storage capacity, it will embed automated backup and disaster recovery system to avoid data loss in the event of climate calamities. For data backup, secondary sites will be identified for disaster recovery purposes based on the climate risk assessment. It will also target schools that are at high risk of climate impacts such as floods, by using satellite technology and expand last-mile connectivity to enable e-education. Furthermore, the project will facilitate seamless integration of the DPI building blocks with crucial systems, including interoperability with regional crises management centers, health care platforms, Mobile Engage outreach, and social protection systems. This integration enhances disaster preparedness, early warning systems, and crisis communication.",9c17b7a0e0d7ecb655169c0983e2890f50698de7c2770259f2412c38385d1d35
training-20260915-s1,34428613:p00337,paragraph,random,"24. TA and acquisition of software and hardware for CSIRT PIC, AIDT Mixed",7314b3b3638079551ab182f85a1f3f0c68b2486f36d8733636208b52fc78568e
training-20260915-s1,34429409:p00151,paragraph,near|fiber,"24. The project will support the densification of the fiber optic backhaul network to connect existing backbones with the access networks to be deployed under subcomponent 1.2. The project will focus of the deployment of fiber optics for backhaul to create a robust, high-capacity fiber optic network to future-proof the infrastructure and support growing demand for high-speed internet. The backhaul expansion will be done through a procurement of network construction and civil works, crowding in operators, with the network route specified in tender documents (already under elaboration). Bidding operators will have an option to either (i) finance a specific backhaul segment on their own and retain its ownership; or (ii) contribute to a portion of the capital expenditures (CAPEX) for a segment that will remain in public ownership (through SIN), receiving in return an ""Indefeasible Right of Use"" of the network capacity (bandwidth) for a given period (which will generate PCM). Each scenario will generate significant private investments (through a mix of CAPEX and operational expenditures (OPEX)), ensuring a catalytic use of public financing (covered by the project). The bidding for the expansion of backhaul segments will be split into five geographically separate tenders to mitigate the risk of market power concentration. Each operator will be able to win a maximum of two tenders. Finally, the tender specifications will include mandatory open access guarantees to ensure that the deployed infrastructure will be made available at a reasonable cost to all telecom operators in the country. This will be supervised and enforced by ARCEP, who is currently developing a decision to set wholesale prices. Subcomponent 1.2: Expanding Last-Mile Connectivity (US$25.0 million equivalent, including US$2.0million equivalent expected in unguaranteed commercial financing)",f30a11fdfb6143cf5fb740daf21de80bc2c750d098849b64af5300092a6057f1
training-20260915-s1,34441286:p00049,paragraph,random,"15. Some activities under Component 2 aimed at enhancing the resilience, security and reliability of the NIMS, had experienced implementation delays but are now progressing and are expected to be completed within 24 months. A critical activity is the procurement of a new NIMS that will be open source, interoperable and enable authentication. This procurement is expected to take six months with an additional 18 months required for deployment of the actual system. In addition, the project is procuring: (i) power backup systems for all systems;",6163f20990278f9d75c12ef183503edfc975d7e0ba7bce16989ef26bdbe0b57a
training-20260915-s1,34456824:p00038,paragraph,near|dpi,"• Integrated Digital Platforms: Develop integrated digital platforms as a shared, cloud-computing platform including the provision of Software as a Service (SAAS) Platform as a Service (PAAS), Infrastructure as a Service (IAAS), Tools for National data centre to support the digital economy.",f952f6dba83e107ee18e7bd8fdfffc5a5c626a74e0e91606e3636b373558c788
training-20260915-s1,34460895:p00179,paragraph,near|data_hosting,"50. Component 1 also finances a new green medium-sized data center designed with the most efficient and resilient technologies, and its integration with the data center system already owned by the State. The new data center will replace the outdated legacy system, enhancing the State's capabilities and computing power for better public data management and digital transformation. It will meet resilience, physical and cyber security, and environmental demands and may absorb the State's main Internet exchange point (IXP). The facility will use a modular, containerized structure requiring minimal human intervention and will be located on a state-owned site. The data center system will support 'edge' computing, operate as a disaster-resistant facility, and comply with user organizations' recovery time objectives and maximum tolerable downtime. Climate risk assessments will guide the installation of underground or aerial cables to enhance resilience to climate events like floods and intense rainfall in Sergipe. This will help the GoSE adopt climate adaptation measures and design network infrastructure considering climate risks. Climate-proofing measures, including water-blocking materials and reinforced cables, will be specified in tender documents and technical specifications to protect the infrastructure, which will also help reduce OPEX and minimize service disruptions. It will be designed, constructed, and implemented to receive EDGE certification post-construction or similar sustainability certification.",116a5bc2831676057fef384ef147331cf26f456db51d3f272f5a7841225163db
training-20260915-s1,40007594:p00099,paragraph,random,"According to the E/S Specialist are there changes proposed to the operation's design that No would impact the Bank's E&S assessment?""",4f32e195728d2b266eebbaea9a51884d5d90aeac75b3f6fbef93c71191d36e4f
training-20260915-s1,40013198:p00272,paragraph,random,Subcomponent 1.3: Improved institutional structure and capacity (US$0.15 equivalent). Capacity Strengthening for For Official Use Only,1c93d2c7c6a3e74d7a33421e8193e7b406d96d9505fa59ab54980b29a1cc1d7f
training-20260915-s1,40028045:p00156,paragraph,random,17. Disbursement estimates will be updated to reflect both the Additional Financing (AF) and the proposed Project extension.,c0a801dda3e8b1b200ccbe480d1e63fdd5e9737572cb8040d1f44a68c9f2e149
training-20260915-s1,40031410:p00066,paragraph,near|cybersecurity,"(ii) Support the development of core cyber security skills (e.g., including developing technical standards and guidelines, for cybersecurity of critical infrastructure, define and process map technical response procedures and protocols for cybersecurity incidents) and the development of a Computer Security Incident Response Team (CSRIT) function operated through the DTU; and (iii) Support the architecture and administration of the Digital ID service (e.g., developing national government identity management standards consistent with recognized international standards to ensure security; certify participating public bodies as identity providers to issue electronic identity credentials; develop policies and standards on the levels of identity assurance, authentication assurance and federation assurance; design the national digital identity trust framework and rules for one or more of a federated identity management and/or a decentralized identify management framework, and upskilling local staff on the application of these standards/rules).",ba7195092a61ecf7fb3f450b0082f76f161be9bc64731978bede5089713c4c40
training-20260915-s1,40034360:p00116,paragraph,near|fiber|mobile_towers|submarine_cable,"5 Broadband infrastructure includes: (i) passive infrastructure, which is the non-electronic components of a telecommunications network that support communication. These components include poles, trenches and ducts, manholes, optical fiber cables, and related physical shelters; and (ii) active infrastructure, which are the electronic, power-dependent components within a telecommunications network that actively process, transmit, and manage communication signals. These components include items like switches, routers, servers, and other network devices that are essential for the network to function and manage data transmission.",101cf8f7cbb7ca85da6801cb69111098d6e1247464556bd9b21769fe400a450f
training-20260915-s1,40034360:p00128,paragraph,near|fiber,"7International good practices recommend a minimum depth of 60cm for underground fiber optic infrastructure. The Open Net network is deployed at a depth of 90cm while other fiber optic infrastructure has also been identified at 30cm depth during construction. Furthermore, protective plastic ducts were also found to be of lower thickness and sometimes missing altogether.",62920868f05f900c48d98d97c048886b942b2263a62d5b1d566ce985010ed96e
training-20260915-s1,40042661:p00268,paragraph,random,• Bandwidth Aggregation Project (BAP): The USPF aggregates the bandwidth demand across Schools where it has deployed knowledge centers to ensure these knowledge centers are connected to the internet and schools can use the resources effectively,a58e4486780045e9dd458ebeac3c8244cb464b4fbbeae7ea327d0e90e359c31c
training-20260915-s1,40052992:p00160,paragraph,random,"21. Subcomponent 1.2: Supplying last mile connectivity. This subcomponent aims to extend internet connectivity to a minimum of 500 selected government institutions, including ministries, departments, and agencies (MDAs), including schools, and higher education institutions (HEIs), especially those in climate-vulnerable hotspots. If funding becomes available for a second phase, connectivity support could be extended to health facilities, livestock and fisheries camps, refugee settlements and host communities, and so on. Currently just 415 out of the targeted 15,600 national sites have been connected to the Government Wide Area Network (GWAN), leaving a huge infrastructure deficit, and the supply of international internet bandwidth is just 4.5 Gbit/s for the whole of government. Although this segment of the market is less commercially attractive, an investment of US$25 million in project funds should nevertheless be enough to leverage an additional US$8 million in infrastructure co-investment. This investment will be used to support the roll out of mobile broadband coverage (4G/5G cellular and/or LEO satellite) and upgrading 2G cell sites to more energy-efficient 4G/5G cellular technologies, with a target of 300 cell sites, as well as installing additional internet exchange points (IXPs) and data",31403bdf163716ff41e52f3291cbe16a30d9dc08d2cf0a7915390d555c1eb864
training-20260915-s1,40052992:p00174,paragraph,near|cybersecurity,"(d) Providing TA for enhancement of cybersecurity incident response capabilities for Government. For government cybersecurity, this will involve: (i) TA for establishing a government Security Operations Center mandated for operational monitoring and protection of government network and systems; (ii) enhancing the Cybersecurity Incident Response Team (CIRT), enabling it to perform strategic coordination, information sharing, and national incident response; and (iii) strengthening cybersecurity capabilities and capacities. Additionally, for overall national cybersecurity capacity, the project will support (iv) fostering knowledge exchange and collaboration; and (v) conducting cyber awareness campaigns and consumer education.",466c515d4366db06a963242ecb4c14d03064c52872ed1d2a0e0da60831378fa2
training-20260915-s1,40077325:p00041,paragraph,random,"4. Progress toward the Achievement of the PDO is moderately unsatisfactory, reflecting: (a) the project's inability to reach its PDO indicators by the closing date due to delays in its key activity (i.e., broadband internet service); and (b) significant delays in activities supporting intermediate indicators. As a result, this restructuring will not adjust the results framework. Instead, the Implementation Completion and Results report will document and evaluate the impact of achievements to date.",f3c40b031f0bc0d097de94f0ab2c288281f940df537400c560a994f4c52e2e20
training-20260915-s1,40081106:p00085,paragraph,random,• Consultancy services for information security management systems against ISO 27001 Standard (ISMS),4889a5a962224f248218edfaa20af5a03203ac354027a1053ee07ae9a662c692
training-20260915-s1,40081106:p00104,paragraph,random,Is this an MFD-Enabling Project (MFD-EP)?,951c11726993249e9baaa516d1f798349cd6b643bc98163f3f99870bbd4da315
training-20260915-s1,40081960:p00097,paragraph,near|data_hosting,"9. Data hosting across the government remains inadequate, leading to duplication and fragmentation of information technology services and systems. This exposes the public sector to growing risks with respect to service delivery, cybersecurity, and long-term sustainability. At present, the Integrated Data Management Center (IDMC) in Singha Durbar (and a small-scale disaster recovery site in Hetauda) are the sole government-owned entities mandated to provide data hosting and related services for all government agencies, excluding defense institutions. With both the IDMC and disaster recovery site located in Nepal, disaster recovery and redundancy will be insufficient to ensure continuity of critical government services in case of a natural disaster. Existing infrastructure is also nearing end-of-life. On the demand side, the rapid increase in demand for secure, scalable, and resilient hosting has already exceeded existing government capacity (currently 0.7 MW). The scale-up of the NID system, digital payments, and social protection registries have further intensified demand which is now projected to reach 3-4 MW over the next decade and up to 6.4 MW by 2040. Data governance frameworks and guidelines on data classification or public cloud hosting are ambiguous or absent. As a result, the GoN is unable to holistically and sustainably invest in data hosting.",0f1c0af333749d44aac34bfd589e111ce3ecb429ca88786a7e313b4efbafe4ca
training-20260915-s1,40082999:p00060,paragraph,random,(h) Component 4 - CERC. No change in budget and no structural changes introduced through this restructuring. The CERC has been officially closed since July 2024.,ffbb4497ea5446ba14a53b005613d0f0f1e848a88c3b97ad6b16ba8e88704499
training-20260915-s1,40083718:p00077,paragraph,random,TABLE 1 : PROPOSED RESTRUCTURING CHANGES,15cb53d9d39915343f9df278d6341876b071ebb2c205e09bf3bb2f44615fd861
training-20260915-s1,40087727:p00168,paragraph,near|submarine_cable,"32. This subcomponent will catalyze private investment to close financing gaps for international and core backbone infrastructure by deploying targeted IDA resources and technical assistance. The approach reduces financial and technical risks to crowd in commercial providers that will design, build, and operate infrastructure under open-access arrangements, supporting affordability and competition. In parallel with regulatory reforms under Component 1, the subcomponent will reduce upfront costs and help avoid excessive passthrough to consumers. It will prioritize multiple international and cross border routes—including new submarine cable capacity and terrestrial options such as Optic Fiber on Ground Wire (OPGW) fiber on the Côte d'Ivoire - Liberia - Sierra Leone - Guinea (CLSG) power line—to enhance redundancy and resilience. As competitive capacity comes online, wholesale unit costs are expected to fall, reinforcing affordability. Key activities include:",87a9328943292a5511eb21cb22fd40ed3ff0598f34571fe18f72963cd42bfc63
training-20260915-s1,40087727:p00181,paragraph,near|data_hosting,"34. This subcomponent finances the policy, legal and technical foundations needed to move data safely across borders, host it cost-effectively, ensure the implementation of regional use cases based on data interoperability and power advanced cross-border digital services. To meet government workload and data-residency needs while catalyzing private investment, the project will allow use of (a) commercial cloud services (public or sovereign cloud offerings compliant with national security and data protection standards); or (b) private co-location data centers meeting Tier III (or equivalent) and ISO/IEC 27001 requirements. The operational modality —cloud or co-location—will be selected during implementation based on planned feasibility studies, market sounding, and regulatory readiness, ensuring cost- effectiveness, resilience, and compliance. Activities will include:",00b33b2628a443dd8e4314e01bcd5bb72f7cee52c75fa65a8f377cdc71b92bde
training-20260915-s1,40087727:p00252,paragraph,near|submarine_cable,"66. Submarine cable-related activities, under Subcomponent 2.2, will be implemented through private sector-led SPVs in Liberia and Sierra Leone, with private partners as majority shareholders and government equity participation financed under the project. The SPVs will hold the responsibility for implementation of submarine cable and related activities, including marine segments, landing stations, and associated infrastructure. Procurement governance, accountability, and operating arrangements for SPVs will be set out in the SPV Operations Manual which shall be cleared by the World Bank, and procurement capacity and systems assessment will be conducted once each SPV has been incorporated and operational to confirm the compliance with World Bank's Core Procurement Principles.",3eca01e2b8a044d44765fc62990883e10d89fe351f5efdd56117dad0eb53a053
training-20260915-s1,40087727:p00258,paragraph,random,70. The overall residual procurement risk for the three countries after implementation of these mitigation measures is thus assessed as Substantial.,68c4f3f4775fd88cc3c4c38bf1cb793e753710f08dcb757f722c9c57d329c65b
training-20260915-s1,40087727:p00317,paragraph,near|submarine_cable,"2. IFC's potential involvement in submarine cable financing includes two components: main trunk infrastructure and landing infrastructure in each beneficiary country. For main trunk financing, IFC will assess its participation once the private operator is selected, and the project's economics and financial structure are clearly defined. For country-level landing infrastructure financing, IFC's decision on whether and how to participate will depend, inter alia, on the following factors:",a0353939aad4cf7207be320775dd43a010080c8c173556242cedb216bc605b72
training-20260915-s1,40095037:p00183,paragraph,random,"15. The PDO and Theory of Change remain relevant and are unchanged. Given that the AF will not finance any new type of activities divergent from existing objectives and focus on mainly completing activities impacted by previous cancellation and/or scale up existing activities, the Theory of Change and underlying assumptions will remain unchanged.",dabce35dba92031d919f62cbd882c409f5bfbe6431d1f820bbbc4f0d21cc1d01
training-20260915-s1,40105675:p00183,paragraph,near|access_connectivity,1. Digital Infrastructure and Access,f21ae1212441ae6d7a36a929ece70b708305b583a3581a18b7e730d0128c9b4a
training-20260915-s1,40105675:p00198,paragraph,near|access_connectivity,1. Digital Infrastructure and Access,f21ae1212441ae6d7a36a929ece70b708305b583a3581a18b7e730d0128c9b4a
training-20260915-s1,40109413:p00070,paragraph,near|submarine_cable,a. Submarine cable dropped (US$11.0 million),a781f159fb90f08985f26bf7fcefdf4288ff8acef627fc11af06efd51d59a01a
training-20260915-s1,40109413:p00169,paragraph,near|access_connectivity,"• Low uptake of digital technologies due to access barriers: cost of access, device affordability, digital literacy",1103f38eabc48d4aad64fea8ed829cc6e0caf0042de0dbf15051c43bc349b4d3
training-20260915-s1,40109413:p00191,paragraph,near|dpi,•Digital foundational laws •National strategies and policy frameworks for data and ID •Digital ID •Digitalized service delivery and citizen's portal •Stronger cybersecurity and DP capabilities •Data interoperability/data exchange solution •Improved data hosting capabilities •Improved digital payments mechanisms,cef047713b391675164ada98089d262ec1703dcbdd419c5e9719d0f513907341
training-20260915-s1,40110459:p00230,paragraph,near|dpi,"15. Digitalization of services at scale would greatly benefit from the development of digital public infrastructure (DPI).18 National ID coverage is high (85-90 percent), but back-end integration is weak. There is no systematic verification against the National Population Register (NPR), and a whole-of-government, MICT-led interoperability/enterprise architecture with modern IT and trusted data flows is missing. The ID system needs to add stronger verification and an authentication (biometrics, verifiable credentials) system and connect the NPR to other government DPIs and services to shift from paper-based processes to a user-centric, integrated digital services platform.",676f5c7dd2e375a785b5e3074b6aab60941396f7cf8fb2f59dc017735f16d3e8
training-20260915-s1,40110459:p00231,paragraph,near|cybersecurity,"16. Increasing ubiquity of data flows and digital usage is likely to increase risks pertaining to digital safeguards, which the country has only started preparing for. The 2022 Data Protection Act, Computer Crime and Cybercrime Act, and the National Cybersecurity Strategy set a legal roadmap, but operationalization of this is now required. Key operational frameworks and functions are required following the legislation, including a Critical Information Infrastructure (CII) framework, a national Computer Security Incident Response Team (CSIRT), a Data Protection Office and privacy safeguards (e.g., digital certificates, cryptographic tools). In the 2024 DRA, online harassment was the top threat (~33 percent), followed by cyber-attacks (22.7 percent) and identity theft/online fraud (20.8 percent). Digital Industry and Jobs",bd4c1a6920535cef25c1dcfdd7d029a472167d41d39f541b60a983c0026123e9
training-20260915-s1,40110459:p00328,paragraph,near|cybersecurity,"d. Cybersecurity (US$3.0million): Financing operationalization of the Cybersecurity Incident Response Team (CIRT) established in 2023; (i) establishing systems, and acquiring software, tools, platforms, and hardware to ensure capable threat intelligence and response capacity; (ii) providing cybersecurity training and capacity building across MDAs (judiciary, law enforcement); (iii) TA on cyber awareness campaigns and consumer education; (iv) TA on defining critical information infrastructure; and (v) financing of a Security and Network Operations Center (SOC/NOC)",5edeac7521a37ff6774cef6cba7d4aca24265be27c1e04572f26eb69ab3c4686
training-20260915-s1,40110459:p00484,paragraph,random,"i) Appointment of Technical leadership (appointment of new Board advisor, replacement of key 5 board positions, appointment of CEO) ii) separation of accounts between telecom and postal services",425237d705381aa97326621a769beea9cc83cc225b664b50cd316be357ad0a3b
training-20260915-s1,40115059:p00663,paragraph,near|submarine_cable,"(a) Subcomponent 2.2: International and core backbone network infrastructure. The AF will finance the landing of a new submarine cable system in Nouakchott, with the objectives to: (i) ensure that if one submarine cable is damaged — by underwater landslides, seismic activity, fishing trawlers, or other natural hazards — international connectivity is not fully disrupted in the country; (ii) increase bandwidth capacity, quality and affordability by expanding competitive international bandwidth options, supporting higher data transmission speeds, lower latency, and the ability to accommodate growing internet demand (i.e. launch of 5G 15); (iii) increase competition with a spillover effect to a further reduction in the price of internet access for consumers and enterprises; and (iv) benefit neighboring landlocked countries (such as Mali), which can access competitive international capacity through cross-border terrestrial links. The activity includes an extension to connect the landing station with a diverse path to the national backbone.",68e40485f201bce037ee6a6d071be1ecd8551f2223b556372ed0ca902e24daac
training-20260915-s1,40115059:p00715,paragraph,near|submarine_cable,"39. The proposed additional submarine connection is expected to complement Mauritania's current international capacity with a diverse route towards South Africa and the rest of the continent. The EllaLink network directly connects Brazil and Europe, linking the major hubs of São Paulo, Rio de Janeiro and Fortaleza with Cabo Verde, Lisbon, Madrid, and Marseille offering low latency connectivity services but does not provide a redundant path to the ACE network which follow the West African coast. Deployment of submarine cable infrastructure is dependent on the availability of specialized cable ships with highly trained crews, which are difficult and expensive to mobilize. Joining the phase of a submarine cable deployment is a guarantee of speed and optimized vessel mobilization costs. Mauritania's geographic position, combined with its terrestrial fiber backbone (approximately 1,700 km deployed under WARCIP, with plans for 2,300 km more under WARDIP), creates strong potential for the country to become a transit hub for landlocked neighbors such as Mali, Niger, and Burkina Faso. It is therefore a significant investment that will likely generate sizeable positive effects on broadband markets. 40. Under WARDIP SOP-1 and SOP-2, the participating countries—The Gambia, Guinea, Guinea-Bissau, Liberia, and Sierra Leone—have already undertaken substantial preparatory efforts to advance the development of a new West African submarine cable system aimed at strengthening international connectivity, improving resilience, and reducing dependence on single existing cable routes. These efforts have included the signing of a regional cooperation framework among the participating governments, the completion of extensive technical, financial, and commercial feasibility assessments, and a comprehensive market sounding process led with specialized transaction advisors. The market assessment reviewed multiple strategic options for connecting the countries to new international capacities, including standalone systems, connections to recently deployed cables, and integration into a broader new regional platform. The results of this analysis identified a connection to a new submarine cable project with wider regional reach, stronger resilience, and long-term scalability as the most viable option. Two suitable promoters were identified, and a competitive procurement has now advanced significantly, with bidding documents issued in March 2026 to the identified firms and contract award expected in July 2026. In terms of time and cost effectiveness, contracting with the cable system selected through the WARDIP competitive process represents a more efficient option for Mauritania than an independent procurement pursued at a later stage, while maximizing regional connectivity benefits.",fe6e0a0c8eb1595a6632f5c050ac5bf92cf524fe251e8731fbf051f889d8e111
