community_id,size,n_paragraphs,n_documents,n_projects,project_spread,asset_top,asset_spread,commitment_share,junk_section_share,top_section,template_score,hazard_proximity,mean_cos_to_centroid,nearest_reference_id,nearest_reference_cos,verdict,verdict_reason,run_id,discovery_version
c0336,746,392,106,65,0.9286,access_connectivity,0.575,0.063,0.685,Environmental and Social,0.49,0.4631,0.6749,REF045,0.4857,junk,junk_section_share>=0.6,20260918T0133-7dd1a33,discover-1
c1878,739,565,88,61,0.8714,access_connectivity,0.6788,0.0487,0.1191,Project Components,0.4261,0.2443,0.7069,REF059,0.5017,shortlist,,20260918T0133-7dd1a33,discover-1
c1403,477,251,45,37,0.5286,drm_ews,0.3505,0.0314,0.2432,Project Components,0.1843,0.4485,0.598,REF044,0.5319,shortlist,,20260918T0133-7dd1a33,discover-1
c1469,474,174,70,61,0.8714,drm_ews,0.5282,0.0,0.0274,Country Context,0.3031,0.7014,0.6322,REF041,0.5418,shortlist,,20260918T0133-7dd1a33,discover-1
c1327,406,245,69,54,0.7714,cybersecurity,0.6911,0.0246,0.2808,Sectoral and Institutional Context,0.3087,0.3198,0.6531,REF063,0.6039,shortlist,,20260918T0133-7dd1a33,discover-1
c1766,383,193,14,11,0.1571,dpi,0.3286,0.0653,0.1775,Technical Design and Component Descriptions,0.0637,0.2442,0.6638,REF005,0.4477,shortlist,,20260918T0133-7dd1a33,discover-1
c1040,376,311,70,59,0.8429,access_connectivity,0.6032,0.0186,0.1303,Project Components,0.335,0.3286,0.6988,REF045,0.4178,shortlist,,20260918T0133-7dd1a33,discover-1
c1856,367,159,62,56,0.8,access_connectivity,0.665,0.0027,0.0518,Sectoral and Institutional Context,0.2935,0.1812,0.6912,REF011,0.4856,shortlist,,20260918T0133-7dd1a33,discover-1
c1858,346,248,66,61,0.8714,access_connectivity,0.6266,0.0838,0.1272,Project Components,0.3317,0.2306,0.7339,REF011,0.6038,shortlist,,20260918T0133-7dd1a33,discover-1
c1362,300,207,74,56,0.8,cybersecurity,0.5323,0.0133,0.12,Project Components,0.3455,0.4139,0.6816,REF047,0.7113,shortlist,,20260918T0133-7dd1a33,discover-1
c0222,290,282,82,57,0.8143,dpi,0.7271,0.0034,0.0828,Project Components,0.4422,0.2466,0.7874,REF056,0.4831,shortlist,,20260918T0133-7dd1a33,discover-1
c1723,274,162,64,55,0.7857,dpi,0.4416,0.2628,0.9124,Implementation Arrangements and Support Plan,0.285,0.281,0.65,REF085,0.4933,junk,junk_section_share>=0.6,20260918T0133-7dd1a33,discover-1
c0941,255,163,46,37,0.5286,access_connectivity,0.8955,0.0353,0.0902,Project Components,0.2047,0.3236,0.6498,REF067,0.4714,shortlist,,20260918T0133-7dd1a33,discover-1
c1975,247,237,63,52,0.7429,access_connectivity,0.4981,0.0081,0.1215,Project Components,0.3224,0.2955,0.7471,REF046,0.6075,shortlist,,20260918T0133-7dd1a33,discover-1
c0912,244,142,27,22,0.3143,drm_ews,0.7534,0.0492,0.0943,Project Components,0.1165,0.3761,0.6301,REF056,0.5983,shortlist,,20260918T0133-7dd1a33,discover-1
c1122,244,194,72,59,0.8429,cybersecurity,0.8551,0.0492,0.2828,Project Components,0.3241,0.3157,0.6572,REF059,0.3783,shortlist,,20260918T0133-7dd1a33,discover-1
c1744,238,125,52,52,0.7429,access_connectivity,0.7572,0.0,0.0462,Sectoral and Institutional Context,0.2264,0.2228,0.6358,REF011,0.3968,shortlist,,20260918T0133-7dd1a33,discover-1
c0400,233,212,77,48,0.6857,dpi,0.6216,0.2232,0.1545,Project Components,0.3951,0.2629,0.7491,REF079,0.5321,shortlist,,20260918T0133-7dd1a33,discover-1
c0704,222,184,65,43,0.6143,access_connectivity,0.6693,0.0631,0.5,DESCRIPTION OF PROPOSED CHANGES,0.308,0.3359,0.6918,REF036,0.3555,shortlist,,20260918T0133-7dd1a33,discover-1
c1731,216,132,51,48,0.6857,access_connectivity,0.6726,0.0231,0.0093,Economic and Financial Analysis,0.2499,0.2368,0.7155,REF046,0.4658,shortlist,,20260918T0133-7dd1a33,discover-1
c1787,214,125,30,26,0.3714,dpi,0.5352,0.0047,0.0981,Technical Design and Component Descriptions,0.1307,0.265,0.6361,REF068,0.5425,shortlist,,20260918T0133-7dd1a33,discover-1
c1204,210,199,93,54,0.7714,access_connectivity,0.7479,0.0048,0.419,Project Components,0.4404,0.318,0.6913,REF030,0.2697,shortlist,,20260918T0133-7dd1a33,discover-1
c0639,200,167,69,55,0.7857,dpi,0.8017,0.0,0.385,Sectoral and Institutional Context,0.2871,0.4016,0.6075,REF030,0.3641,shortlist,,20260918T0133-7dd1a33,discover-1
c1395,198,95,15,12,0.1714,dpi,0.3508,0.0202,0.2273,Technical Design and Component Descriptions,0.0674,0.281,0.6561,REF069,0.4528,shortlist,,20260918T0133-7dd1a33,discover-1
c1942,194,134,55,41,0.5857,access_connectivity,0.6114,0.0,0.1495,Sectoral and Institutional Context,0.2508,0.2672,0.6657,REF043,0.6262,shortlist,,20260918T0133-7dd1a33,discover-1
c1649,189,139,66,64,0.9143,access_connectivity,0.7157,0.0212,0.1693,Rationale for Bank Involvement and Role of Partners,0.3158,0.3124,0.6987,REF085,0.401,shortlist,,20260918T0133-7dd1a33,discover-1
c1437,184,143,59,56,0.8,access_connectivity,0.785,0.0054,0.7772,Implementation Arrangements and Support Plan,0.2846,0.2782,0.7041,REF045,0.4366,junk,junk_section_share>=0.6,20260918T0133-7dd1a33,discover-1
c1622,182,166,73,53,0.7571,access_connectivity,0.812,0.0,0.2143,Project Components,0.3534,0.3015,0.7068,REF005,0.2926,shortlist,,20260918T0133-7dd1a33,discover-1
c1781,179,139,46,39,0.5571,access_connectivity,0.5996,0.0,0.1117,Project Components,0.1717,0.3872,0.5448,REF072,0.3585,shortlist,,20260918T0133-7dd1a33,discover-1
c1783,179,141,32,27,0.3857,dpi,0.3179,0.0279,0.1955,Sectoral and Institutional Context,0.1519,0.2858,0.6929,REF068,0.5568,shortlist,,20260918T0133-7dd1a33,discover-1
c0401,177,162,50,43,0.6143,access_connectivity,0.3932,0.2429,0.0565,Project Components,0.2547,0.2932,0.7439,REF046,0.5681,shortlist,,20260918T0133-7dd1a33,discover-1
c0968,175,119,67,46,0.6571,access_connectivity,0.7632,0.2171,0.4686,Environmental and Social,0.3347,0.3354,0.7294,REF030,0.4479,shortlist,,20260918T0133-7dd1a33,discover-1
c1758,175,100,22,24,0.3429,dpi,0.2567,0.0,0.1371,Sectoral and Institutional Context,0.0932,0.2451,0.6186,REF068,0.6052,shortlist,,20260918T0133-7dd1a33,discover-1
c1799,174,154,49,38,0.5429,dpi,0.4952,0.023,0.1667,Project Components,0.2447,0.2404,0.7291,REF068,0.5846,shortlist,,20260918T0133-7dd1a33,discover-1
c1926,171,159,66,52,0.7429,dpi,0.7909,0.0117,0.152,Sectoral and Institutional Context,0.346,0.2802,0.7653,REF067,0.5167,shortlist,,20260918T0133-7dd1a33,discover-1
c1020,168,160,66,54,0.7714,dpi,0.7381,0.0238,0.4167,Project Components,0.3068,0.3794,0.6786,REF053,0.5025,shortlist,,20260918T0133-7dd1a33,discover-1
c1679,168,120,66,57,0.8143,data_hosting,0.9591,0.1786,0.9524,Implementation Arrangements and Support Plan,0.3108,0.2386,0.6875,REF005,0.4073,junk,junk_section_share>=0.6,20260918T0133-7dd1a33,discover-1
c0663,164,113,21,17,0.2429,data_hosting,0.8116,0.0244,0.2256,Project Components,0.097,0.2828,0.6746,REF067,0.4343,shortlist,,20260918T0133-7dd1a33,discover-1
c1986,163,157,63,47,0.6714,dpi,0.6873,0.0245,0.3252,Project Components,0.3299,0.2565,0.7645,REF051,0.5379,shortlist,,20260918T0133-7dd1a33,discover-1
c1146,158,154,68,58,0.8286,cybersecurity,0.8917,0.0,0.2532,Project Components,0.3542,0.3947,0.7604,REF036,0.4205,shortlist,,20260918T0133-7dd1a33,discover-1
c1251,157,136,52,44,0.6286,cybersecurity,0.4017,0.0127,0.0764,Project Components,0.256,0.3721,0.7186,REF047,0.6339,shortlist,,20260918T0133-7dd1a33,discover-1
c1494,154,133,58,42,0.6,dpi,0.8102,0.3701,0.8377,Institutional and Implementation Arrangements,0.2751,0.285,0.6925,REF086,0.4108,junk,junk_section_share>=0.6,20260918T0133-7dd1a33,discover-1
c1194,152,139,76,45,0.6429,dpi,0.778,0.0132,0.3882,PROJECT STATUS AND RATIONALE FOR RESTRUCTURING,0.3571,0.329,0.686,REF036,0.2987,shortlist,,20260918T0133-7dd1a33,discover-1
c0343,147,144,60,56,0.8,cybersecurity,0.8608,0.0,0.4898,KEY RISKS,0.3068,0.5248,0.7465,REF030,0.514,shortlist,,20260918T0133-7dd1a33,discover-1
c0886,138,96,48,44,0.6286,drm_ews,0.7997,0.0072,0.029,Sectoral and Institutional Context,0.2284,0.7071,0.6947,REF041,0.6737,shortlist,,20260918T0133-7dd1a33,discover-1
c1144,137,109,41,28,0.4,dpi,0.4654,0.0073,0.1606,Project Components,0.1956,0.2536,0.6967,REF068,0.5318,shortlist,,20260918T0133-7dd1a33,discover-1
c1837,132,112,42,36,0.5143,drm_ews,0.8216,0.0,0.2348,Country Context,0.1872,0.4209,0.6509,REF054,0.4051,shortlist,,20260918T0133-7dd1a33,discover-1
c0806,129,109,43,38,0.5429,dpi,0.6187,0.0078,0.2326,Sectoral and Institutional Context,0.2113,0.285,0.7173,REF053,0.4753,shortlist,,20260918T0133-7dd1a33,discover-1
c0925,129,115,52,41,0.5857,access_connectivity,0.6473,0.0,0.1628,Project Components,0.247,0.3133,0.6934,REF038,0.4159,shortlist,,20260918T0133-7dd1a33,discover-1
c0921,125,120,62,45,0.6429,dpi,0.752,0.024,0.312,Sectoral and Institutional Context,0.2569,0.3405,0.6049,REF083,0.4169,shortlist,,20260918T0133-7dd1a33,discover-1
c1977,121,94,65,50,0.7143,dpi,0.5847,0.0248,0.314,Sectoral and Institutional Context,0.3065,0.2196,0.6884,REF086,0.4873,shortlist,,20260918T0133-7dd1a33,discover-1
c0160,120,92,68,38,0.5429,access_connectivity,0.4576,0.0167,0.3167,Project Status,0.3736,0.2882,0.8021,REF005,0.2935,shortlist,,20260918T0133-7dd1a33,discover-1
c1862,120,92,46,44,0.6286,access_connectivity,0.6585,0.0083,0.1417,Sectoral and Institutional Context,0.2194,0.2726,0.6964,REF061,0.5337,shortlist,,20260918T0133-7dd1a33,discover-1
c1954,120,79,45,42,0.6,mobile_towers,0.6099,0.0,0.1,Sectoral and Institutional Context,0.217,0.1944,0.7041,REF087,0.4253,shortlist,,20260918T0133-7dd1a33,discover-1
c1540,119,100,48,45,0.6429,access_connectivity,0.4681,0.0,0.3361,Project Components,0.2221,0.2905,0.6754,REF045,0.4328,shortlist,,20260918T0133-7dd1a33,discover-1
c1900,119,89,45,42,0.6,dpi,0.6226,0.0168,0.0252,"Technical, Economic and Financial Analysis",0.2226,0.2395,0.7222,REF005,0.4247,shortlist,,20260918T0133-7dd1a33,discover-1
c0389,118,106,56,45,0.6429,cybersecurity,0.7495,0.3051,0.1525,Project Components,0.2748,0.3517,0.7165,REF081,0.5629,shortlist,,20260918T0133-7dd1a33,discover-1
c0268,117,108,70,43,0.6143,access_connectivity,0.8402,0.0,0.4274,PROJECT STATUS AND RATIONALE FOR RESTRUCTURING,0.3575,0.3164,0.7457,REF027,0.3438,shortlist,,20260918T0133-7dd1a33,discover-1
c1454,116,96,45,44,0.6286,drm_ews,0.627,0.1638,0.0345,Project Components,0.2323,0.5733,0.7538,REF041,0.7503,shortlist,,20260918T0133-7dd1a33,discover-1
c1279,115,105,61,57,0.8143,,0.0,0.0522,1.0,Implementation Arrangements and Support Plan,0.3493,0.3389,0.8361,REF045,0.4089,junk,junk_section_share>=0.6,20260918T0133-7dd1a33,discover-1
c1972,115,78,37,37,0.5286,mobile_towers,0.6457,0.0,0.0261,Sectoral and Institutional Context,0.1777,0.1771,0.7011,REF087,0.4484,shortlist,,20260918T0133-7dd1a33,discover-1
c1798,111,68,22,16,0.2286,access_connectivity,0.8541,0.0,0.0541,Country Context,0.0851,0.34,0.5646,REF025,0.2565,shortlist,,20260918T0133-7dd1a33,discover-1
c1466,110,97,66,36,0.5143,access_connectivity,0.8105,0.0091,0.3455,Project Status,0.343,0.2576,0.7588,REF005,0.3603,shortlist,,20260918T0133-7dd1a33,discover-1
c1499,110,76,46,42,0.6,drm_ews,0.6566,0.0091,0.0818,Relevance to Higher Level Objectives,0.2248,0.4419,0.7135,REF085,0.4796,shortlist,,20260918T0133-7dd1a33,discover-1
c1503,110,88,44,45,0.6429,access_connectivity,0.796,0.0,0.0727,Project Components,0.2262,0.4276,0.7505,REF057,0.4721,shortlist,,20260918T0133-7dd1a33,discover-1
c0189,109,103,57,52,0.7429,dpi,0.7589,0.0,0.2477,Sustainability,0.2956,0.4726,0.7572,REF030,0.3937,shortlist,,20260918T0133-7dd1a33,discover-1
c1133,108,83,29,30,0.4286,data_hosting,0.5716,0.0185,0.0833,Project Components,0.1333,0.4072,0.6709,REF036,0.6118,shortlist,,20260918T0133-7dd1a33,discover-1
c1272,108,95,54,33,0.4714,access_connectivity,0.7323,0.0,0.6296,PROJECT STATUS AND RATIONALE FOR RESTRUCTURING,0.2782,0.348,0.7522,REF027,0.3096,junk,junk_section_share>=0.6,20260918T0133-7dd1a33,discover-1
c1980,108,81,52,51,0.7286,access_connectivity,0.6692,0.0,0.1667,Rationale for Bank Involvement and Role of Partners,0.2636,0.2486,0.7401,REF053,0.4663,shortlist,,20260918T0133-7dd1a33,discover-1
c1373,107,95,56,39,0.5571,access_connectivity,0.6422,0.0,0.5234,Implementation Arrangements and Support Plan,0.2631,0.2958,0.686,REF045,0.372,shortlist,,20260918T0133-7dd1a33,discover-1
c1850,107,106,46,43,0.6143,access_connectivity,0.8049,0.0,0.1963,Project Components,0.2249,0.4805,0.7138,REF029,0.5003,shortlist,,20260918T0133-7dd1a33,discover-1
c0426,106,106,50,45,0.6429,access_connectivity,0.823,0.0,0.4811,Fiduciary,0.2721,0.2915,0.7945,REF045,0.288,shortlist,,20260918T0133-7dd1a33,discover-1
c0558,106,98,41,39,0.5571,access_connectivity,0.8072,0.0,0.8774,Implementation Arrangements and Support Plan,0.2023,0.3133,0.7206,REF045,0.3398,junk,junk_section_share>=0.6,20260918T0133-7dd1a33,discover-1
c0566,105,74,37,30,0.4286,access_connectivity,0.6153,0.0381,0.381,Project Components,0.1852,0.3346,0.7307,REF045,0.3696,shortlist,,20260918T0133-7dd1a33,discover-1
c1555,105,90,49,47,0.6714,dpi,0.0,0.019,0.9714,Implementation Arrangements and Support Plan,0.27,0.2264,0.8045,REF045,0.4558,junk,junk_section_share>=0.6,20260918T0133-7dd1a33,discover-1
c1839,105,66,47,44,0.6286,dpi,0.8357,0.0,0.0571,Country Context,0.2282,0.2499,0.7089,REF012,0.2738,shortlist,,20260918T0133-7dd1a33,discover-1
c0874,101,58,17,13,0.1857,dpi,0.6742,0.0297,0.1881,Project Components,0.0761,0.3185,0.6535,REF089,0.464,shortlist,,20260918T0133-7dd1a33,discover-1
c0961,101,71,35,33,0.4714,cybersecurity,0.9131,0.0,0.4356,Environmental and Social,0.1621,0.3281,0.676,REF031,0.3706,shortlist,,20260918T0133-7dd1a33,discover-1
c1572,100,92,66,61,0.8714,access_connectivity,0.7077,0.05,0.02,Relevance to Higher Level Objectives,0.3424,0.2593,0.7575,REF085,0.3842,shortlist,,20260918T0133-7dd1a33,discover-1
c2009,100,72,28,20,0.2857,submarine_cable,0.8406,0.01,0.14,Sectoral and Institutional Context,0.1282,0.3587,0.6686,REF033,0.6098,shortlist,,20260918T0133-7dd1a33,discover-1
c1075,99,76,45,41,0.5857,data_hosting,0.7351,0.101,0.0808,Project Components,0.2181,0.3348,0.7075,REF083,0.6599,shortlist,,20260918T0133-7dd1a33,discover-1
c0715,98,94,70,50,0.7143,access_connectivity,0.6552,0.1224,0.1837,Project Components,0.3582,0.2998,0.747,REF079,0.3437,shortlist,,20260918T0133-7dd1a33,discover-1
c0791,98,92,46,43,0.6143,cybersecurity,0.6473,0.0,0.0816,Project Components,0.2414,0.2987,0.7662,REF001,0.5365,shortlist,,20260918T0133-7dd1a33,discover-1
c1220,98,61,16,16,0.2286,access_connectivity,0.5856,0.0,0.2551,Relevance to Higher Level Objectives,0.0729,0.3998,0.6656,REF087,0.5476,shortlist,,20260918T0133-7dd1a33,discover-1
c2010,97,82,40,39,0.5571,access_connectivity,0.7961,0.0,0.1546,Project Components,0.1847,0.3743,0.6743,REF037,0.6747,shortlist,,20260918T0133-7dd1a33,discover-1
c0376,95,89,52,49,0.7,access_connectivity,0.7665,0.0,0.9474,KEY RISKS,0.2653,0.4386,0.745,REF030,0.3922,junk,junk_section_share>=0.6,20260918T0133-7dd1a33,discover-1
c1621,95,82,41,40,0.5714,access_connectivity,0.7781,0.0,0.0632,Country Context,0.2031,0.2888,0.7234,REF085,0.3615,shortlist,,20260918T0133-7dd1a33,discover-1
c1968,95,89,41,35,0.5,dpi,0.5309,0.0211,0.0842,Project Components,0.2037,0.2904,0.7252,REF079,0.4418,shortlist,,20260918T0133-7dd1a33,discover-1
c1691,94,90,47,40,0.5714,access_connectivity,0.7915,0.0,0.1702,Sectoral and Institutional Context,0.2195,0.2285,0.6817,REF011,0.3054,shortlist,,20260918T0133-7dd1a33,discover-1
c1560,93,81,43,38,0.5429,dpi,0.6816,0.0,0.4731,Implementation Arrangements and Support Plan,0.1872,0.2895,0.6356,REF002,0.4609,shortlist,,20260918T0133-7dd1a33,discover-1
c0785,92,55,33,25,0.3571,dpi,0.6,0.1087,0.837,Institutional and Implementation Arrangements,0.1615,0.3011,0.7145,REF079,0.4071,junk,junk_section_share>=0.6,20260918T0133-7dd1a33,discover-1
c1488,92,82,41,38,0.5429,dpi,0.7816,0.0,0.2609,Project Components,0.189,0.3658,0.6729,REF011,0.5303,shortlist,,20260918T0133-7dd1a33,discover-1
c1881,92,84,35,27,0.3857,dpi,0.7663,0.0109,0.1413,Project Components,0.1818,0.2768,0.7584,REF067,0.5756,shortlist,,20260918T0133-7dd1a33,discover-1
c1989,92,82,34,31,0.4429,access_connectivity,0.3958,0.1196,0.1196,Project Components,0.1702,0.2884,0.7308,REF046,0.6148,shortlist,,20260918T0133-7dd1a33,discover-1
c1820,91,76,24,23,0.3286,drm_ews,0.7568,0.0,0.0769,Project Components,0.1126,0.42,0.6847,REF054,0.4989,shortlist,,20260918T0133-7dd1a33,discover-1
c0211,90,90,68,56,0.8,access_connectivity,0.7855,0.0,0.0556,Project Components,0.3916,0.2767,0.8407,REF085,0.3716,shortlist,,20260918T0133-7dd1a33,discover-1
c0846,90,89,50,41,0.5857,dpi,0.8218,0.1111,0.1889,Project Components,0.2674,0.3097,0.7808,REF030,0.3349,shortlist,,20260918T0133-7dd1a33,discover-1
c1763,90,90,52,52,0.7429,access_connectivity,0.0,0.3667,0.9444,Fiduciary,0.3106,0.1875,0.8722,REF045,0.4048,junk,junk_section_share>=0.6,20260918T0133-7dd1a33,discover-1
c0959,89,57,21,20,0.2857,dpi,0.7461,0.0,0.0562,Sectoral and Institutional Context,0.0922,0.2458,0.641,REF003,0.5691,shortlist,,20260918T0133-7dd1a33,discover-1
c1102,88,86,37,34,0.4857,access_connectivity,0.7764,0.0227,0.2386,RESULTS FRAMEWORK AND MONITORING,0.2095,0.3228,0.8269,REF036,0.4724,shortlist,,20260918T0133-7dd1a33,discover-1
c1554,88,65,31,25,0.3571,drm_ews,0.7123,0.0341,0.4545,Environmental and Social,0.1546,0.3956,0.7283,REF011,0.4497,shortlist,,20260918T0133-7dd1a33,discover-1
c1660,88,85,50,43,0.6143,access_connectivity,0.0,0.0,0.8409,Implementation Arrangements and Support Plan,0.2661,0.3171,0.777,REF009,0.3473,junk,junk_section_share>=0.6,20260918T0133-7dd1a33,discover-1
c1760,88,63,37,36,0.5143,dpi,0.0,0.0114,1.0,Implementation Arrangements and Support Plan,0.1879,0.2131,0.7414,REF045,0.4582,junk,junk_section_share>=0.6,20260918T0133-7dd1a33,discover-1
c0669,87,66,12,13,0.1857,dpi,0.7654,0.046,0.1264,Sectoral and Institutional Context,0.0555,0.3216,0.6757,REF084,0.5192,shortlist,,20260918T0133-7dd1a33,discover-1
c0964,87,69,37,34,0.4857,drm_ews,0.8187,0.0115,0.0345,Sectoral and Institutional Context,0.1838,0.354,0.7254,REF054,0.6183,shortlist,,20260918T0133-7dd1a33,discover-1
c1582,87,74,47,40,0.5714,dpi,0.932,0.069,0.8161,Institutional and Implementation Arrangements,0.2297,0.2185,0.7135,REF044,0.3524,junk,junk_section_share>=0.6,20260918T0133-7dd1a33,discover-1
c0406,86,75,37,32,0.4571,access_connectivity,0.8787,0.2209,0.0,Project Components,0.1964,0.2087,0.7749,REF059,0.4556,shortlist,,20260918T0133-7dd1a33,discover-1
c0746,86,84,49,46,0.6571,access_connectivity,0.7655,0.0,0.3023,Sectoral and Institutional Context,0.2459,0.3428,0.7328,REF066,0.2901,shortlist,,20260918T0133-7dd1a33,discover-1
c0320,85,71,57,51,0.7286,access_connectivity,0.865,0.0471,0.9529,KEY RISKS,0.3173,0.405,0.8128,REF085,0.4291,junk,junk_section_share>=0.6,20260918T0133-7dd1a33,discover-1
c1506,85,74,40,39,0.5571,data_hosting,0.8467,0.0118,0.1176,Project Components,0.1938,0.4262,0.7075,REF042,0.4847,shortlist,,20260918T0133-7dd1a33,discover-1
c1752,85,81,48,39,0.5571,dpi,0.0,0.0,0.9529,Implementation Arrangements and Support Plan,0.2376,0.2863,0.7227,REF085,0.3411,junk,junk_section_share>=0.6,20260918T0133-7dd1a33,discover-1
c1268,84,75,35,25,0.3571,dpi,0.9024,0.0595,0.4167,PROJECT STATUS AND RATIONALE FOR RESTRUCTURING,0.1772,0.2742,0.739,REF027,0.2606,shortlist,,20260918T0133-7dd1a33,discover-1
c1727,84,71,47,44,0.6286,cybersecurity,0.0,0.2738,1.0,Implementation Arrangements and Support Plan,0.2585,0.2256,0.8031,REF045,0.4706,junk,junk_section_share>=0.6,20260918T0133-7dd1a33,discover-1
c0576,83,81,44,43,0.6143,dpi,0.7482,0.0,0.1928,Project Components,0.2265,0.346,0.7515,REF030,0.4218,shortlist,,20260918T0133-7dd1a33,discover-1
c1319,83,71,47,42,0.6,access_connectivity,0.6696,0.0964,0.5301,DETAILED CHANGE(S),0.2348,0.3893,0.7295,REF030,0.3994,shortlist,,20260918T0133-7dd1a33,discover-1
c1405,83,78,40,40,0.5714,drm_ews,0.6707,0.0,0.0361,Project Components,0.1912,0.6102,0.6977,REF016,0.6554,shortlist,,20260918T0133-7dd1a33,discover-1
c1443,83,69,48,43,0.6143,access_connectivity,0.0,0.2169,0.9639,Implementation Arrangements and Support Plan,0.2532,0.2394,0.7702,REF031,0.3469,junk,junk_section_share>=0.6,20260918T0133-7dd1a33,discover-1
c0881,82,80,41,41,0.5857,access_connectivity,0.6321,0.5244,0.2317,Environmental and Social,0.2086,0.3343,0.7429,REF085,0.3304,shortlist,,20260918T0133-7dd1a33,discover-1
c1061,82,69,48,45,0.6429,access_connectivity,0.8669,0.0122,0.3415,Environmental and Social,0.2327,0.2927,0.7078,REF045,0.3933,shortlist,,20260918T0133-7dd1a33,discover-1
c1400,82,51,20,22,0.3143,data_hosting,0.5991,0.061,0.0732,Project Components,0.0973,0.4103,0.7104,REF036,0.6437,shortlist,,20260918T0133-7dd1a33,discover-1
c0546,81,77,41,39,0.5571,dpi,0.8083,0.0,0.037,Sectoral and Institutional Context,0.2043,0.3646,0.7276,REF038,0.3385,shortlist,,20260918T0133-7dd1a33,discover-1
c1601,81,63,41,38,0.5429,,0.0,0.1975,0.9753,Implementation Arrangements and Support Plan,0.2018,0.2659,0.7186,REF005,0.442,junk,junk_section_share>=0.6,20260918T0133-7dd1a33,discover-1
c0258,80,73,23,19,0.2714,dpi,0.8867,0.0,0.3875,DESCRIPTION OF ADDITIONAL FINANCING,0.1108,0.3346,0.7035,REF066,0.3221,shortlist,,20260918T0133-7dd1a33,discover-1
c1031,80,79,48,39,0.5571,dpi,0.809,0.1875,0.1625,Project Components,0.2394,0.3024,0.7283,REF046,0.4475,shortlist,,20260918T0133-7dd1a33,discover-1
c1706,80,76,45,37,0.5286,dpi,1.0,0.2625,0.7375,Institutional and Implementation Arrangements,0.2436,0.3059,0.7904,REF005,0.3377,junk,junk_section_share>=0.6,20260918T0133-7dd1a33,discover-1
c0329,79,66,51,51,0.7286,dpi,0.0,0.0127,0.9367,KEY RISKS,0.2858,0.3342,0.8183,REF030,0.4067,junk,junk_section_share>=0.6,20260918T0133-7dd1a33,discover-1
c1647,79,72,44,44,0.6286,access_connectivity,0.0,0.0633,0.962,Fiduciary,0.2427,0.3023,0.8052,REF085,0.4141,junk,junk_section_share>=0.6,20260918T0133-7dd1a33,discover-1
c1796,79,69,41,40,0.5714,cybersecurity,0.0,0.6709,0.9494,Implementation Arrangements and Support Plan,0.2086,0.2402,0.7429,REF030,0.3518,junk,junk_section_share>=0.6,20260918T0133-7dd1a33,discover-1
c1985,79,70,33,30,0.4286,access_connectivity,0.4663,0.2532,0.1139,Project Components,0.1575,0.2938,0.6968,REF045,0.544,shortlist,,20260918T0133-7dd1a33,discover-1
c1872,78,56,31,27,0.3857,access_connectivity,0.4647,0.0,0.0897,Project Components,0.1503,0.3125,0.7081,REF043,0.6056,shortlist,,20260918T0133-7dd1a33,discover-1
c1060,77,74,46,38,0.5429,dpi,0.9025,0.013,0.3636,Project Components,0.2263,0.3538,0.7182,REF030,0.4012,shortlist,,20260918T0133-7dd1a33,discover-1
c1829,77,59,40,39,0.5571,dpi,0.907,0.0,0.039,Sectoral and Institutional Context,0.1829,0.2647,0.6677,REF089,0.2783,shortlist,,20260918T0133-7dd1a33,discover-1
c0010,76,76,63,59,0.8429,drm_ews,0.9155,0.0,0.0658,GRIEVANCE REDRESS SERVICES,0.4082,0.232,0.946,REF065,0.2493,shortlist,,20260918T0133-7dd1a33,discover-1
c0279,76,74,42,29,0.4143,access_connectivity,0.8813,0.0,0.5132,DESCRIPTION OF PROPOSED CHANGES,0.2325,0.2639,0.8082,REF030,0.3913,shortlist,,20260918T0133-7dd1a33,discover-1
c0869,76,64,40,39,0.5571,cybersecurity,0.8092,0.0263,0.1842,Project Components,0.1798,0.3524,0.6563,REF016,0.5074,shortlist,,20260918T0133-7dd1a33,discover-1
c1646,76,66,41,39,0.5571,access_connectivity,0.0,0.0921,0.6579,Institutional and Implementation Arrangements,0.2224,0.2832,0.7918,REF045,0.3482,junk,junk_section_share>=0.6,20260918T0133-7dd1a33,discover-1
c1785,76,52,20,18,0.2571,access_connectivity,0.716,0.0,0.3289,Country Context,0.0852,0.3941,0.6223,REF087,0.3276,shortlist,,20260918T0133-7dd1a33,discover-1
c1960,76,43,27,25,0.3571,mobile_towers,0.8252,0.0132,0.0132,Sectoral and Institutional Context,0.1184,0.2086,0.64,REF043,0.4979,shortlist,,20260918T0133-7dd1a33,discover-1
c0275,75,69,51,43,0.6143,dpi,0.8699,0.0,0.28,Project Development Objective,0.273,0.234,0.7815,REF027,0.3138,shortlist,,20260918T0133-7dd1a33,discover-1
c1002,75,70,36,28,0.4,dpi,0.6608,0.0133,0.0667,Project Components,0.1763,0.2464,0.7149,REF010,0.6253,shortlist,,20260918T0133-7dd1a33,discover-1
c1135,75,69,37,36,0.5143,access_connectivity,0.8344,0.0,0.0933,"Technical, Economic and Financial Analysis",0.196,0.3212,0.7736,REF006,0.2826,shortlist,,20260918T0133-7dd1a33,discover-1
c1545,75,68,51,41,0.5857,dpi,0.9212,0.2933,0.8133,Institutional and Implementation Arrangements,0.2747,0.2536,0.7865,REF079,0.3592,junk,junk_section_share>=0.6,20260918T0133-7dd1a33,discover-1
c1627,75,75,38,39,0.5571,drm_ews,0.7531,0.0,0.0533,Relevance to Higher Level Objectives,0.2055,0.6613,0.7894,REF036,0.5979,shortlist,,20260918T0133-7dd1a33,discover-1
c1001,74,53,31,33,0.4714,access_connectivity,0.7544,0.0135,0.0,"Technical, Economic and Financial Analysis",0.1722,0.2495,0.8112,REF045,0.2707,shortlist,,20260918T0133-7dd1a33,discover-1
c0914,73,59,7,6,0.0857,drm_ews,0.6908,0.0,0.1096,Detailed Project Description,0.0345,0.32,0.7191,REF056,0.7438,shortlist,,20260918T0133-7dd1a33,discover-1
c1317,73,62,35,34,0.4857,dpi,0.8991,0.0,0.0411,Country Context,0.1464,0.2526,0.6109,REF005,0.2298,shortlist,,20260918T0133-7dd1a33,discover-1
c1324,73,72,46,34,0.4857,access_connectivity,0.9212,0.0274,0.6849,Implementation Arrangements and Support Plan,0.2461,0.3681,0.7811,REF030,0.4004,junk,junk_section_share>=0.6,20260918T0133-7dd1a33,discover-1
c0066,72,72,23,23,0.3286,dpi,0.8428,0.0,0.3194,Timelines and Additional Details of Project Activities,0.1473,0.1836,0.9348,REF069,0.1434,shortlist,,20260918T0133-7dd1a33,discover-1
c0717,72,70,46,42,0.6,dpi,0.8794,0.0,0.4167,Project Components,0.1948,0.3717,0.6184,REF030,0.4117,shortlist,,20260918T0133-7dd1a33,discover-1
c1519,72,47,31,23,0.3286,drm_ews,0.6976,0.0139,0.0694,World Bank Group Response to COVID-19 in Ethiopia,0.1529,0.3041,0.7201,REF005,0.4735,shortlist,,20260918T0133-7dd1a33,discover-1
c0025,71,70,26,24,0.3429,dpi,0.8561,0.0,0.2254,Project Components,0.1546,0.2059,0.8682,REF023,0.1698,shortlist,,20260918T0133-7dd1a33,discover-1
c0557,71,69,31,28,0.4,access_connectivity,0.8247,0.0,0.7042,Implementation Arrangements and Support Plan,0.1657,0.2991,0.7804,REF079,0.2977,junk,junk_section_share>=0.6,20260918T0133-7dd1a33,discover-1
c0813,71,70,26,23,0.3286,dpi,0.7612,0.0,0.4789,Project Components,0.1474,0.2892,0.8274,REF030,0.3363,shortlist,,20260918T0133-7dd1a33,discover-1
c1586,71,66,40,41,0.5857,drm_ews,0.4758,0.5211,0.169,Relevance to Higher Level Objectives,0.2097,0.4772,0.7653,REF085,0.5491,shortlist,,20260918T0133-7dd1a33,discover-1
c0464,70,66,40,36,0.5143,dpi,0.961,0.0143,0.7571,Implementation Arrangements and Support Plan,0.2438,0.2286,0.89,REF045,0.3031,junk,junk_section_share>=0.6,20260918T0133-7dd1a33,discover-1
c1596,70,68,30,26,0.3714,dpi,0.7887,0.0143,0.0429,Project Components,0.1653,0.3017,0.8044,REF005,0.3708,shortlist,,20260918T0133-7dd1a33,discover-1
c0334,68,60,48,38,0.5429,access_connectivity,0.4416,0.0,0.9412,KEY RISKS,0.271,0.3823,0.8242,REF030,0.3827,junk,junk_section_share>=0.6,20260918T0133-7dd1a33,discover-1
c1024,68,61,18,19,0.2714,access_connectivity,0.8695,0.0,0.0882,Sectoral and Institutional Context,0.0938,0.2794,0.7605,REF006,0.6589,shortlist,,20260918T0133-7dd1a33,discover-1
c1532,68,58,45,38,0.5429,access_connectivity,0.9183,0.2059,0.9265,Implementation Arrangements and Support Plan,0.2269,0.2468,0.7361,REF085,0.3396,junk,junk_section_share>=0.6,20260918T0133-7dd1a33,discover-1
c1559,68,64,29,25,0.3571,access_connectivity,0.9397,0.0,0.6912,Implementation Arrangements and Support Plan,0.1298,0.3454,0.6534,REF049,0.3221,junk,junk_section_share>=0.6,20260918T0133-7dd1a33,discover-1
c1876,68,57,33,32,0.4571,cybersecurity,0.8163,0.0294,0.1029,Project Components,0.1778,0.2302,0.7868,REF086,0.4697,shortlist,,20260918T0133-7dd1a33,discover-1
c1952,68,67,41,37,0.5286,access_connectivity,0.8493,0.0,0.1912,Project Components,0.2184,0.3006,0.7777,REF042,0.4788,shortlist,,20260918T0133-7dd1a33,discover-1
c0011,67,66,37,30,0.4286,dpi,0.8993,0.0,0.3433,Project Components,0.253,0.221,0.9982,REF057,0.1455,shortlist,,20260918T0133-7dd1a33,discover-1
c0859,67,65,38,32,0.4571,dpi,0.7992,0.403,0.0896,Project Components,0.1995,0.2995,0.7666,REF046,0.4271,shortlist,,20260918T0133-7dd1a33,discover-1
c1446,67,48,19,17,0.2429,dpi,0.5121,0.0149,0.5224,Lessons Learned and Reflected in the Project Design,0.0968,0.2704,0.7435,REF005,0.5499,shortlist,,20260918T0133-7dd1a33,discover-1
c1768,67,63,38,38,0.5429,access_connectivity,0.7651,0.0,0.0597,Sectoral and Institutional Context,0.1806,0.3738,0.6939,REF037,0.4059,shortlist,,20260918T0133-7dd1a33,discover-1
c1857,67,51,32,30,0.4286,mobile_towers,0.7977,0.0,0.0,Sectoral and Institutional Context,0.1499,0.1695,0.6838,REF087,0.3991,shortlist,,20260918T0133-7dd1a33,discover-1
c1946,67,66,40,36,0.5143,access_connectivity,0.4484,0.0,0.209,Relevance to Higher Level Objectives,0.2086,0.2965,0.7614,REF046,0.5916,shortlist,,20260918T0133-7dd1a33,discover-1
c0062,66,64,63,60,0.8571,,0.0,0.0,0.0,GRIEVANCE REDRESS SERVICES,0.4184,0.2013,0.9697,REF031,0.2796,shortlist,,20260918T0133-7dd1a33,discover-1
c0350,66,54,36,32,0.4571,access_connectivity,0.6044,0.0,0.6212,Environmental and Social,0.1595,0.5328,0.647,REF029,0.4031,junk,junk_section_share>=0.6,20260918T0133-7dd1a33,discover-1
c1264,66,62,44,28,0.4,dpi,0.8783,0.3485,0.5303,PROJECT STATUS AND RATIONALE FOR RESTRUCTURING,0.2345,0.3246,0.7781,REF030,0.3132,shortlist,,20260918T0133-7dd1a33,discover-1
c1657,66,60,36,36,0.5143,,0.0,0.0909,0.9545,Implementation Arrangements and Support Plan,0.1758,0.2563,0.713,REF085,0.4002,junk,junk_section_share>=0.6,20260918T0133-7dd1a33,discover-1
c0250,65,64,38,31,0.4429,cybersecurity,0.8037,0.4154,0.2462,Project Components,0.1862,0.2855,0.7152,REF036,0.4651,shortlist,,20260918T0133-7dd1a33,discover-1
c0381,65,63,40,39,0.5571,drm_ews,0.8492,0.0,0.8615,KEY RISKS,0.2181,0.4719,0.7961,REF030,0.4183,junk,junk_section_share>=0.6,20260918T0133-7dd1a33,discover-1
c0858,65,63,40,34,0.4857,dpi,0.8105,0.3077,0.1385,Project Components,0.2073,0.3069,0.7567,REF036,0.4062,shortlist,,20260918T0133-7dd1a33,discover-1
c1193,65,62,47,41,0.5857,access_connectivity,0.8867,0.0,0.5077,Implementation Arrangements and Support Plan,0.2336,0.282,0.7256,REF027,0.2521,shortlist,,20260918T0133-7dd1a33,discover-1
c0395,64,62,40,41,0.5857,dpi,0.7407,0.0,0.3438,Lessons Learned and Reflected in the Project Design,0.178,0.3536,0.6496,REF046,0.3454,shortlist,,20260918T0133-7dd1a33,discover-1
c1132,63,53,25,28,0.4,data_hosting,0.6819,0.0159,0.0635,Specific Project Design Analysis,0.1157,0.3637,0.6758,REF051,0.5197,shortlist,,20260918T0133-7dd1a33,discover-1
c0073,62,62,6,6,0.0857,cybersecurity,0.9045,0.0,0.0,Detailed Project Description,0.0372,0.2586,0.9049,REF086,0.2758,shortlist,,20260918T0133-7dd1a33,discover-1
c1197,62,53,37,24,0.3429,access_connectivity,0.9183,0.0,0.6129,DESCRIPTION OF PROPOSED CHANGES,0.1889,0.2906,0.7454,REF030,0.3365,junk,junk_section_share>=0.6,20260918T0133-7dd1a33,discover-1
c1458,62,58,37,30,0.4286,dpi,0.7484,0.0,0.0323,Project Components,0.1757,0.3755,0.6932,REF036,0.5295,shortlist,,20260918T0133-7dd1a33,discover-1
c1739,62,56,40,34,0.4857,cybersecurity,1.0,0.129,0.8871,Implementation Arrangements and Support Plan,0.2151,0.2376,0.7851,REF045,0.3976,junk,junk_section_share>=0.6,20260918T0133-7dd1a33,discover-1
c0340,61,56,38,34,0.4857,,0.0,0.0,1.0,Fiduciary,0.2168,0.4118,0.8331,REF085,0.3914,junk,junk_section_share>=0.6,20260918T0133-7dd1a33,discover-1
c0351,61,59,49,42,0.6,access_connectivity,0.7248,0.0492,0.8689,KEY RISKS,0.2852,0.3933,0.8499,REF030,0.3789,junk,junk_section_share>=0.6,20260918T0133-7dd1a33,discover-1
c0535,61,52,31,29,0.4143,dpi,0.7729,0.0,0.4262,DESCRIPTION OF PROPOSED CHANGES,0.1425,0.3585,0.6711,REF030,0.3246,shortlist,,20260918T0133-7dd1a33,discover-1
c0794,61,61,34,31,0.4429,dpi,0.9152,0.5902,0.0328,Project Components,0.1886,0.27,0.8099,REF085,0.3609,shortlist,,20260918T0133-7dd1a33,discover-1
c0810,61,55,46,38,0.5429,dpi,0.7755,0.0328,0.2951,Environmental and Social,0.2748,0.1942,0.872,REF021,0.471,shortlist,,20260918T0133-7dd1a33,discover-1
c1468,61,52,22,23,0.3286,access_connectivity,0.7663,0.0984,0.0164,Support for Climate Change Adaptation and Mitigation,0.1129,0.3298,0.7495,REF045,0.5782,shortlist,,20260918T0133-7dd1a33,discover-1
c1505,61,50,25,28,0.4,access_connectivity,0.8529,0.0,0.0328,Project Components,0.1273,0.3719,0.7432,REF036,0.3976,shortlist,,20260918T0133-7dd1a33,discover-1
c1830,61,46,37,36,0.5143,dpi,0.926,0.0,0.0,Country Context,0.1845,0.2255,0.728,REF005,0.3198,shortlist,,20260918T0133-7dd1a33,discover-1
c1918,61,48,34,29,0.4143,dpi,0.7764,0.0,0.1639,Sectoral and Institutional Context,0.1661,0.2127,0.7133,REF046,0.4924,shortlist,,20260918T0133-7dd1a33,discover-1
c1997,61,59,30,28,0.4,access_connectivity,0.7665,0.0328,0.0656,Project Components,0.1511,0.2873,0.7353,REF046,0.6403,shortlist,,20260918T0133-7dd1a33,discover-1
c0001,60,60,60,58,0.8286,,0.0,0.0,0.0,GRIEVANCE REDRESS SERVICES,0.4108,0.3688,0.9996,REF030,0.2856,shortlist,,20260918T0133-7dd1a33,discover-1
c0366,60,55,40,34,0.4857,access_connectivity,0.4981,0.2333,0.6833,Environmental and Social,0.2171,0.4085,0.7925,REF030,0.3958,junk,junk_section_share>=0.6,20260918T0133-7dd1a33,discover-1
c0607,60,58,37,35,0.5,dpi,0.8581,0.0,0.2333,Project Components,0.1856,0.3607,0.7323,REF056,0.3409,shortlist,,20260918T0133-7dd1a33,discover-1
c0716,60,59,40,34,0.4857,access_connectivity,0.9066,0.0,0.4333,Sectoral and Institutional Context,0.2005,0.3866,0.7316,REF048,0.3272,shortlist,,20260918T0133-7dd1a33,discover-1
c1553,60,54,34,32,0.4571,,0.0,0.0167,1.0,KEY RISKS,0.1784,0.2674,0.7662,REF085,0.3108,junk,junk_section_share>=0.6,20260918T0133-7dd1a33,discover-1
c1867,60,59,21,23,0.3286,access_connectivity,0.4943,0.0,0.0333,Project Components,0.1071,0.2704,0.7449,REF046,0.5375,shortlist,,20260918T0133-7dd1a33,discover-1
c0387,59,56,17,14,0.2,dpi,0.65,0.1695,0.1525,DETAILED CHANGE(S),0.0877,0.2175,0.7534,REF009,0.3349,shortlist,,20260918T0133-7dd1a33,discover-1
c0693,59,22,6,5,0.0714,access_connectivity,0.4912,0.0339,0.0,Estimating the Impact of the Project on Household Welfare,0.0258,0.3063,0.6273,REF030,0.3991,shortlist,,20260918T0133-7dd1a33,discover-1
c1247,59,52,32,28,0.4,access_connectivity,0.9183,0.0169,0.9153,Implementation Arrangements and Support Plan,0.1612,0.2829,0.7354,REF030,0.3262,junk,junk_section_share>=0.6,20260918T0133-7dd1a33,discover-1
c1299,59,47,32,29,0.4143,dpi,0.7061,0.0,0.0,Sectoral and Institutional Context,0.1583,0.1909,0.7221,REF064,0.3407,shortlist,,20260918T0133-7dd1a33,discover-1
c1396,59,57,35,29,0.4143,dpi,0.5795,0.0,0.0678,Project Components,0.1944,0.3667,0.8107,REF086,0.3862,shortlist,,20260918T0133-7dd1a33,discover-1
c1501,59,58,41,35,0.5,access_connectivity,0.8427,0.2373,0.7119,Implementation Arrangements and Support Plan,0.2297,0.3168,0.8181,REF045,0.3341,junk,junk_section_share>=0.6,20260918T0133-7dd1a33,discover-1
c1976,59,55,34,27,0.3857,access_connectivity,0.4848,0.3898,0.0678,Project Components,0.18,0.2446,0.7731,REF046,0.5535,shortlist,,20260918T0133-7dd1a33,discover-1
c0004,58,57,33,26,0.3714,access_connectivity,0.8681,0.0,0.3621,Project Components,0.226,0.1954,1.0,REF027,0.1645,shortlist,,20260918T0133-7dd1a33,discover-1
c0005,58,58,57,59,0.8429,access_connectivity,0.0,0.0,0.0,GRIEVANCE REDRESS SERVICES,0.3851,0.2599,0.9864,REF076,0.3867,shortlist,,20260918T0133-7dd1a33,discover-1
c0042,58,44,44,43,0.6143,,0.0,0.0,0.0,GRIEVANCE REDRESS SERVICES,0.3014,0.2191,1.0,REF041,0.198,shortlist,,20260918T0133-7dd1a33,discover-1
c1070,58,51,28,23,0.3286,dpi,0.6198,0.0,0.3793,Project Components,0.1345,0.3245,0.7012,REF064,0.5133,shortlist,,20260918T0133-7dd1a33,discover-1
c1606,58,52,32,30,0.4286,,0.0,0.0,0.9828,Implementation Arrangements and Support Plan,0.1636,0.2935,0.7466,REF085,0.3618,junk,junk_section_share>=0.6,20260918T0133-7dd1a33,discover-1
c1630,58,56,38,39,0.5571,drm_ews,0.647,0.0,0.0345,Relevance to Higher Level Objectives,0.2103,0.5943,0.8079,REF036,0.5535,shortlist,,20260918T0133-7dd1a33,discover-1
c0231,57,54,28,29,0.4143,,0.0,0.0,0.6491,Institutional and Implementation Arrangements,0.1459,0.2849,0.7606,REF030,0.3747,junk,junk_section_share>=0.6,20260918T0133-7dd1a33,discover-1
c0409,57,41,15,15,0.2143,access_connectivity,0.4138,0.0,0.1754,Project Components,0.0741,0.2946,0.7217,REF006,0.4747,shortlist,,20260918T0133-7dd1a33,discover-1
c0616,57,52,33,31,0.4429,dpi,0.9077,0.0,0.4211,Project Components,0.1595,0.3251,0.7055,REF030,0.3327,shortlist,,20260918T0133-7dd1a33,discover-1
c1937,57,56,38,32,0.4571,dpi,0.8218,0.0,0.193,DESCRIPTION OF PROPOSED CHANGES,0.2095,0.2821,0.8051,REF061,0.4957,shortlist,,20260918T0133-7dd1a33,discover-1
c0135,56,53,20,18,0.2571,dpi,0.0,0.0,0.0714,DETAILED CHANGE(S),0.1117,0.2534,0.8153,REF005,0.3173,shortlist,,20260918T0133-7dd1a33,discover-1
c0159,56,56,46,30,0.4286,access_connectivity,0.4963,0.0,0.1607,Project Components,0.296,0.2517,0.9396,REF030,0.2838,shortlist,,20260918T0133-7dd1a33,discover-1
c0204,56,53,32,25,0.3571,access_connectivity,0.6956,0.0357,0.2857,Project Components,0.158,0.3401,0.721,REF045,0.3616,shortlist,,20260918T0133-7dd1a33,discover-1
c0363,56,46,36,30,0.4286,access_connectivity,0.6676,0.25,0.6786,Environmental and Social,0.1721,0.3978,0.6978,REF030,0.3471,junk,junk_section_share>=0.6,20260918T0133-7dd1a33,discover-1
c1018,56,54,36,36,0.5143,access_connectivity,0.871,0.0,0.1964,Sectoral and Institutional Context,0.1789,0.2774,0.7256,REF006,0.3272,shortlist,,20260918T0133-7dd1a33,discover-1
c1138,56,50,42,28,0.4,access_connectivity,0.8068,0.0179,0.3393,Project Status,0.2086,0.3305,0.7253,REF036,0.307,shortlist,,20260918T0133-7dd1a33,discover-1
c1449,56,47,35,33,0.4714,drm_ews,1.0,0.1786,0.8036,Results Monitoring and Evaluation Arrangements,0.1934,0.2666,0.8068,REF057,0.3577,junk,junk_section_share>=0.6,20260918T0133-7dd1a33,discover-1
c1941,56,49,11,13,0.1857,dpi,0.8327,0.0,0.0179,Sectoral and Institutional Context,0.0545,0.2312,0.7233,REF084,0.5352,shortlist,,20260918T0133-7dd1a33,discover-1
c0307,55,54,32,30,0.4286,dpi,0.8151,0.0,0.1636,Project Components,0.152,0.3469,0.6936,REF055,0.4054,shortlist,,20260918T0133-7dd1a33,discover-1
c0360,55,46,30,31,0.4429,access_connectivity,0.656,0.0,0.6,Environmental and Social,0.1535,0.5317,0.747,REF041,0.3593,junk,junk_section_share>=0.6,20260918T0133-7dd1a33,discover-1
c1090,55,49,27,26,0.3714,dpi,0.7891,0.0,0.2909,Sectoral and Institutional Context,0.1368,0.2741,0.7398,REF046,0.3533,shortlist,,20260918T0133-7dd1a33,discover-1
c1142,55,53,36,35,0.5,dpi,0.9223,0.0,0.0545,Relevance to Higher Level Objectives,0.1833,0.3378,0.7434,REF046,0.3696,shortlist,,20260918T0133-7dd1a33,discover-1
c1762,55,53,47,34,0.4857,access_connectivity,0.0,0.0,0.6364,Implementation Arrangements and Support Plan,0.2473,0.2173,0.7684,REF086,0.2399,junk,junk_section_share>=0.6,20260918T0133-7dd1a33,discover-1
c1953,55,50,33,33,0.4714,dpi,0.783,0.0,0.1636,Project Components,0.1804,0.3113,0.7981,REF067,0.4823,shortlist,,20260918T0133-7dd1a33,discover-1
c0046,54,54,54,45,0.6429,dpi,0.6575,0.0,0.7407,RESULTS FRAMEWORK AND MONITORING,0.3561,0.2552,0.9628,REF027,0.3274,junk,junk_section_share>=0.6,20260918T0133-7dd1a33,discover-1
c0063,54,54,45,36,0.5143,access_connectivity,0.8647,0.0,0.2037,Project Components,0.3005,0.2565,0.9748,REF030,0.2886,shortlist,,20260918T0133-7dd1a33,discover-1
c0099,54,54,37,39,0.5571,dpi,1.0,0.0,0.9815,Fiduciary,0.2444,0.216,0.9644,REF005,0.3021,junk,junk_section_share>=0.6,20260918T0133-7dd1a33,discover-1
c0555,54,52,35,33,0.4714,dpi,0.7121,0.0,0.1111,Project Components,0.1857,0.3967,0.7748,REF007,0.3985,shortlist,,20260918T0133-7dd1a33,discover-1
c0741,54,53,39,38,0.5429,dpi,0.8322,0.0,0.2037,Sectoral and Institutional Context,0.1872,0.3812,0.7006,REF003,0.262,shortlist,,20260918T0133-7dd1a33,discover-1
c0774,54,53,40,29,0.4143,access_connectivity,0.9372,0.0926,0.2778,Project Components,0.2187,0.3101,0.7983,REF079,0.3987,shortlist,,20260918T0133-7dd1a33,discover-1
c0776,54,53,33,35,0.5,access_connectivity,0.8266,0.0,0.1852,Sectoral and Institutional Context,0.1681,0.2989,0.7437,REF046,0.2752,shortlist,,20260918T0133-7dd1a33,discover-1
c1050,54,50,41,39,0.5571,dpi,0.9122,0.0,0.6481,Implementation Arrangements and Support Plan,0.2348,0.204,0.8362,REF045,0.3792,junk,junk_section_share>=0.6,20260918T0133-7dd1a33,discover-1
c1274,54,54,34,34,0.4857,data_hosting,0.9637,0.0185,0.037,Project Components,0.1891,0.7431,0.8121,REF036,0.6206,shortlist,,20260918T0133-7dd1a33,discover-1
c1633,54,47,41,37,0.5286,access_connectivity,0.0,0.5,1.0,Implementation Arrangements and Support Plan,0.232,0.2359,0.8262,REF005,0.4236,junk,junk_section_share>=0.6,20260918T0133-7dd1a33,discover-1
c1810,54,49,41,31,0.4429,data_hosting,0.9312,0.0,0.1111,Country Context,0.1896,0.3361,0.6753,REF041,0.243,shortlist,,20260918T0133-7dd1a33,discover-1
c1836,54,49,28,26,0.3714,drm_ews,0.9024,0.0,0.3333,Country Context,0.1354,0.3799,0.7061,REF012,0.346,shortlist,,20260918T0133-7dd1a33,discover-1
c0003,53,53,35,30,0.4286,access_connectivity,0.8964,0.0,0.4151,Project Components,0.2383,0.177,0.9942,REF027,0.1649,shortlist,,20260918T0133-7dd1a33,discover-1
c0199,53,31,15,14,0.2,dpi,0.4395,0.0566,0.2453,Project Components,0.0751,0.216,0.731,REF005,0.4753,shortlist,,20260918T0133-7dd1a33,discover-1
c0206,53,52,32,27,0.3857,dpi,0.8554,0.0,0.2264,Sectoral and Institutional Context,0.1416,0.288,0.6462,REF083,0.4132,shortlist,,20260918T0133-7dd1a33,discover-1
c0283,53,51,31,27,0.3857,access_connectivity,0.751,0.0,0.4906,DESCRIPTION OF PROPOSED CHANGES,0.1612,0.2825,0.7591,REF030,0.328,shortlist,,20260918T0133-7dd1a33,discover-1
c0749,53,53,42,29,0.4143,access_connectivity,0.9088,0.0,0.3585,KEY RISKS,0.1861,0.409,0.6468,REF013,0.2869,shortlist,,20260918T0133-7dd1a33,discover-1
c0872,53,50,30,29,0.4143,dpi,0.8532,0.566,0.0377,Project Components,0.1521,0.2987,0.7401,REF030,0.3413,shortlist,,20260918T0133-7dd1a33,discover-1
c1203,53,49,29,26,0.3714,access_connectivity,0.0,0.2642,0.9811,Implementation Arrangements and Support Plan,0.1524,0.246,0.7671,REF085,0.3682,junk,junk_section_share>=0.6,20260918T0133-7dd1a33,discover-1
c1377,53,47,30,29,0.4143,access_connectivity,0.9183,0.0755,0.6038,Institutional and Implementation Arrangements,0.1604,0.293,0.7806,REF053,0.3752,junk,junk_section_share>=0.6,20260918T0133-7dd1a33,discover-1
c1702,53,42,26,26,0.3714,access_connectivity,0.676,0.0,0.1509,Identified Gender Barriers and Proposed Actions,0.1328,0.2756,0.7456,REF011,0.5422,shortlist,,20260918T0133-7dd1a33,discover-1
c1955,53,46,24,23,0.3286,access_connectivity,0.5324,0.0,0.0377,Sectoral and Institutional Context,0.117,0.3146,0.7119,REF046,0.5345,shortlist,,20260918T0133-7dd1a33,discover-1
c0026,52,52,50,49,0.7,,0.0,0.0,0.0385,GRIEVANCE REDRESS SERVICES,0.3359,0.2232,0.9809,REF066,0.236,shortlist,,20260918T0133-7dd1a33,discover-1
c0169,52,51,38,27,0.3857,dpi,0.7897,0.0,0.6154,Implementation Arrangements and Support Plan,0.1914,0.3472,0.7353,REF053,0.3735,junk,junk_section_share>=0.6,20260918T0133-7dd1a33,discover-1
c0232,52,52,45,46,0.6571,access_connectivity,0.895,0.0,0.1538,GRIEVANCE REDRESS SERVICES,0.2733,0.3168,0.8868,REF005,0.3368,shortlist,,20260918T0133-7dd1a33,discover-1
c0609,52,52,33,34,0.4857,dpi,0.9225,0.0,0.1731,Project Components,0.166,0.3822,0.7343,REF076,0.3306,shortlist,,20260918T0133-7dd1a33,discover-1
c0615,52,36,26,23,0.3286,dpi,0.9206,0.0,0.0962,Project Components,0.1301,0.3262,0.7308,REF030,0.4239,shortlist,,20260918T0133-7dd1a33,discover-1
c0945,52,51,27,29,0.4143,access_connectivity,0.7379,0.0,0.0192,Project Components,0.1317,0.3344,0.7122,REF056,0.4062,shortlist,,20260918T0133-7dd1a33,discover-1
c0955,52,47,30,32,0.4571,access_connectivity,0.45,0.0385,0.1731,Sectoral and Institutional Context,0.1517,0.357,0.738,REF045,0.3631,shortlist,,20260918T0133-7dd1a33,discover-1
c1261,52,50,29,19,0.2714,dpi,0.9656,0.1154,0.4231,PROJECT STATUS AND RATIONALE FOR RESTRUCTURING,0.1561,0.2742,0.7857,REF045,0.3151,shortlist,,20260918T0133-7dd1a33,discover-1
c1485,52,37,25,24,0.3429,dpi,0.9183,0.0,0.9615,Implementation Arrangements and Support Plan,0.129,0.3368,0.7535,REF045,0.3753,junk,junk_section_share>=0.6,20260918T0133-7dd1a33,discover-1
c1681,52,37,28,30,0.4286,access_connectivity,0.8594,0.0,0.0,Country Context,0.1363,0.1536,0.7107,REF011,0.2995,shortlist,,20260918T0133-7dd1a33,discover-1
c1100,51,49,35,29,0.4143,dpi,0.875,0.0,0.4902,Implementation Arrangements and Support Plan,0.1659,0.2971,0.6919,REF036,0.2807,shortlist,,20260918T0133-7dd1a33,discover-1
c1108,51,50,38,36,0.5143,access_connectivity,0.7663,0.0,0.3137,Relevance to Higher Level Objectives,0.1932,0.2897,0.7423,REF009,0.3609,shortlist,,20260918T0133-7dd1a33,discover-1
c1883,51,47,23,21,0.3,access_connectivity,0.7978,0.0784,0.098,Project Components,0.1172,0.3417,0.744,REF046,0.5523,shortlist,,20260918T0133-7dd1a33,discover-1
c1885,51,50,29,26,0.3714,access_connectivity,0.4849,0.0,0.2353,Project Beneficiaries,0.1527,0.28,0.7686,REF061,0.6455,shortlist,,20260918T0133-7dd1a33,discover-1
c0045,50,45,31,22,0.3143,dpi,0.8007,0.0,0.24,Project Components,0.2123,0.1996,1.0,REF053,0.2132,shortlist,,20260918T0133-7dd1a33,discover-1
c0274,50,50,44,41,0.5857,access_connectivity,0.6696,0.08,0.12,Project Development Objective,0.2585,0.2202,0.8579,REF027,0.295,shortlist,,20260918T0133-7dd1a33,discover-1
c0330,50,50,31,28,0.4,access_connectivity,0.597,0.0,0.88,KEY RISKS,0.1882,0.3196,0.8862,REF030,0.3305,junk,junk_section_share>=0.6,20260918T0133-7dd1a33,discover-1
c0362,50,45,36,31,0.4429,access_connectivity,0.5888,0.04,0.78,Environmental and Social,0.1797,0.4763,0.7287,REF030,0.3427,junk,junk_section_share>=0.6,20260918T0133-7dd1a33,discover-1
c0364,50,36,26,25,0.3571,access_connectivity,0.5843,0.02,0.9,Environmental and Social,0.1278,0.4907,0.7177,REF037,0.5755,junk,junk_section_share>=0.6,20260918T0133-7dd1a33,discover-1
c0399,50,50,27,21,0.3,access_connectivity,0.8464,0.26,0.1,Project Components,0.1468,0.2396,0.7939,REF079,0.4871,shortlist,,20260918T0133-7dd1a33,discover-1
c0439,50,35,15,16,0.2286,access_connectivity,0.6668,0.0,0.0,Sectoral and Institutional Context,0.0708,0.3287,0.6888,REF059,0.7283,shortlist,,20260918T0133-7dd1a33,discover-1
c0536,50,35,13,8,0.1143,dpi,0.3031,0.04,0.12,Detailed Project Description,0.0604,0.257,0.6789,REF005,0.3527,shortlist,,20260918T0133-7dd1a33,discover-1
c0646,50,50,39,28,0.4,dpi,0.8394,0.0,0.64,Implementation Arrangements and Support Plan,0.1828,0.3165,0.6842,REF023,0.2812,junk,junk_section_share>=0.6,20260918T0133-7dd1a33,discover-1
c0780,50,48,29,28,0.4,dpi,0.9024,0.16,0.28,Project Components,0.1565,0.3414,0.7881,REF085,0.3693,shortlist,,20260918T0133-7dd1a33,discover-1
c1185,50,49,29,28,0.4,dpi,0.6803,0.0,0.18,Project Components,0.1513,0.3018,0.7615,REF011,0.4758,shortlist,,20260918T0133-7dd1a33,discover-1
c1217,50,45,33,24,0.3429,access_connectivity,0.8113,0.24,0.46,DESCRIPTION OF PROPOSED CHANGES,0.1751,0.2845,0.7746,REF030,0.3569,shortlist,,20260918T0133-7dd1a33,discover-1
c1265,50,36,11,8,0.1143,dpi,0.0,0.34,0.18,DETAILED CHANGE(S),0.0572,0.2918,0.7589,REF009,0.3371,shortlist,,20260918T0133-7dd1a33,discover-1
c1312,50,48,30,27,0.3857,access_connectivity,0.884,0.0,0.16,Project Components,0.1512,0.2996,0.7357,REF006,0.3314,shortlist,,20260918T0133-7dd1a33,discover-1
c1342,50,39,25,24,0.3429,access_connectivity,0.6567,0.0,0.22,Relevance to Higher Level Objectives,0.1189,0.3387,0.6944,REF056,0.454,shortlist,,20260918T0133-7dd1a33,discover-1
c1423,50,41,31,30,0.4286,access_connectivity,0.0,0.0,0.96,Implementation Arrangements and Support Plan,0.1695,0.2403,0.7983,REF058,0.3162,junk,junk_section_share>=0.6,20260918T0133-7dd1a33,discover-1
c0111,49,48,39,36,0.5143,access_connectivity,0.6567,0.0,0.2041,Results Chain,0.2087,0.2715,0.7812,REF030,0.3477,shortlist,,20260918T0133-7dd1a33,discover-1
c0210,49,49,29,28,0.4,dpi,0.9161,0.0,0.0,Project Components,0.1576,0.2773,0.7936,REF085,0.4084,shortlist,,20260918T0133-7dd1a33,discover-1
c0583,49,46,28,26,0.3714,access_connectivity,0.8764,0.0,0.3878,Project Components,0.1441,0.2659,0.7515,REF009,0.424,shortlist,,20260918T0133-7dd1a33,discover-1
c1323,49,48,30,27,0.3857,dpi,0.9183,0.0408,0.8367,Institutional and Implementation Arrangements,0.1624,0.3619,0.7906,REF030,0.3826,junk,junk_section_share>=0.6,20260918T0133-7dd1a33,discover-1
c1855,49,38,15,14,0.2,access_connectivity,0.9285,0.0204,0.0,Technical Analysis,0.0682,0.3114,0.6635,REF037,0.4722,shortlist,,20260918T0133-7dd1a33,discover-1
c0277,48,46,43,38,0.5429,dpi,0.9183,0.0,0.5625,Results Monitoring and Evaluation Arrangements,0.2433,0.2733,0.826,REF030,0.3873,shortlist,,20260918T0133-7dd1a33,discover-1
c0339,48,46,36,32,0.4571,,0.0,0.1875,1.0,Fiduciary,0.211,0.3914,0.8555,REF085,0.4082,junk,junk_section_share>=0.6,20260918T0133-7dd1a33,discover-1
c0423,48,47,39,32,0.4571,dpi,1.0,0.1875,0.6875,Implementation Arrangements and Support Plan,0.1967,0.2861,0.7362,REF030,0.3617,junk,junk_section_share>=0.6,20260918T0133-7dd1a33,discover-1
c0737,48,46,34,30,0.4286,access_connectivity,0.8351,0.0,0.1667,"Technical, Economic and Financial Analysis",0.1449,0.3893,0.6224,REF030,0.3004,shortlist,,20260918T0133-7dd1a33,discover-1
c1156,48,45,29,28,0.4,access_connectivity,0.9293,0.0417,0.5625,Implementation Arrangements and Support Plan,0.1402,0.2985,0.7059,REF045,0.3542,shortlist,,20260918T0133-7dd1a33,discover-1
c1178,48,48,44,30,0.4286,access_connectivity,0.8588,0.0,0.4375,PROJECT STATUS AND RATIONALE FOR RESTRUCTURING,0.24,0.2078,0.7963,REF063,0.2868,shortlist,,20260918T0133-7dd1a33,discover-1
c1526,48,34,24,23,0.3286,dpi,0.9851,0.0625,0.2083,Rationale for World Bank Involvement and Role of Partners,0.1218,0.328,0.7407,REF005,0.4171,shortlist,,20260918T0133-7dd1a33,discover-1
c1687,48,45,22,15,0.2143,dpi,0.3415,0.2708,0.0625,Project Components,0.1153,0.2438,0.7654,REF005,0.5591,shortlist,,20260918T0133-7dd1a33,discover-1
c1733,48,46,34,30,0.4286,,0.0,0.0,0.8958,Implementation Arrangements and Support Plan,0.1859,0.2839,0.7984,REF045,0.4068,junk,junk_section_share>=0.6,20260918T0133-7dd1a33,discover-1
c0002,47,47,47,30,0.4286,,0.0,0.0,0.0,PROPOSED CHANGES,0.3142,0.1995,0.976,REF027,0.2521,shortlist,,20260918T0133-7dd1a33,discover-1
c0065,47,46,27,26,0.3714,access_connectivity,0.8819,0.0,0.2553,Results Chain,0.1643,0.2795,0.8884,REF027,0.2673,shortlist,,20260918T0133-7dd1a33,discover-1
c0379,47,46,33,34,0.4857,access_connectivity,0.5436,0.0,0.8298,Implementation Arrangements and Support Plan,0.1796,0.454,0.7946,REF030,0.4775,junk,junk_section_share>=0.6,20260918T0133-7dd1a33,discover-1
c0614,47,47,13,16,0.2286,access_connectivity,0.8646,0.0,0.0426,Project Components,0.0716,0.2783,0.8039,REF030,0.2544,shortlist,,20260918T0133-7dd1a33,discover-1
c0698,47,47,32,30,0.4286,dpi,0.8911,0.0,0.3617,Sectoral and Institutional Context,0.1491,0.3764,0.6803,REF030,0.3183,shortlist,,20260918T0133-7dd1a33,discover-1
c0895,47,40,17,15,0.2143,dpi,0.7897,0.0,0.234,Project Components,0.0835,0.3068,0.7174,REF085,0.5204,shortlist,,20260918T0133-7dd1a33,discover-1
c1513,47,44,22,24,0.3429,cybersecurity,0.8608,0.0213,0.0638,Project Components,0.1158,0.2103,0.7683,REF059,0.4427,shortlist,,20260918T0133-7dd1a33,discover-1
c1529,47,39,30,30,0.4286,dpi,0.6784,0.0,0.8085,Institutional and Implementation Arrangements,0.1472,0.2573,0.7161,REF030,0.3614,junk,junk_section_share>=0.6,20260918T0133-7dd1a33,discover-1
c1678,47,39,32,28,0.4,,0.0,0.0,0.9574,Implementation Arrangements and Support Plan,0.155,0.2611,0.7073,REF005,0.3411,junk,junk_section_share>=0.6,20260918T0133-7dd1a33,discover-1
c1852,47,23,13,12,0.1714,access_connectivity,0.6866,0.0,0.0638,Sectoral and Institutional Context,0.0627,0.2751,0.7043,REF011,0.4863,shortlist,,20260918T0133-7dd1a33,discover-1
c1983,47,44,24,24,0.3429,access_connectivity,0.4794,0.0426,0.1489,Project Components,0.1214,0.2813,0.7387,REF046,0.5135,shortlist,,20260918T0133-7dd1a33,discover-1
c0028,46,45,27,22,0.3143,dpi,0.7942,0.0,0.4348,Project Components,0.1849,0.2384,1.0,REF053,0.2022,shortlist,,20260918T0133-7dd1a33,discover-1
c0090,46,46,37,32,0.4571,dpi,0.9285,0.0,0.087,Project Components,0.2358,0.2605,0.9306,REF030,0.3079,shortlist,,20260918T0133-7dd1a33,discover-1
c0280,46,43,25,23,0.3286,access_connectivity,1.0,0.0,0.3913,DESCRIPTION OF PROPOSED CHANGES,0.1268,0.2969,0.7405,REF085,0.3836,shortlist,,20260918T0133-7dd1a33,discover-1
c0348,46,43,32,30,0.4286,access_connectivity,0.8963,0.0,0.7391,KEY RISKS,0.1672,0.4284,0.7629,REF030,0.3683,junk,junk_section_share>=0.6,20260918T0133-7dd1a33,discover-1
c0454,46,29,4,4,0.0571,access_connectivity,0.9911,0.087,0.087,Detailed Project Description,0.0197,0.3994,0.7195,REF029,0.4599,shortlist,,20260918T0133-7dd1a33,discover-1
c0627,46,46,29,30,0.4286,dpi,0.8883,0.0435,0.0652,Project Components,0.1519,0.3199,0.7646,REF036,0.3904,shortlist,,20260918T0133-7dd1a33,discover-1
c0845,46,45,33,26,0.3714,access_connectivity,0.8653,0.0,0.2174,Detailed Project Description,0.1429,0.2611,0.6323,REF030,0.2424,shortlist,,20260918T0133-7dd1a33,discover-1
c0917,46,45,36,32,0.4571,dpi,0.0,0.3696,1.0,Fiduciary,0.2138,0.2096,0.8669,REF079,0.3834,junk,junk_section_share>=0.6,20260918T0133-7dd1a33,discover-1
c0920,46,44,35,27,0.3857,dpi,0.9,0.0,0.2174,Sectoral and Institutional Context,0.166,0.2844,0.6925,REF083,0.4397,shortlist,,20260918T0133-7dd1a33,discover-1
c0977,46,44,18,18,0.2571,access_connectivity,0.5283,0.1739,0.0652,Detailed Project Description,0.0892,0.2639,0.7238,REF045,0.4567,shortlist,,20260918T0133-7dd1a33,discover-1
c1229,46,43,34,27,0.3857,access_connectivity,0.7997,0.3696,0.2826,Sustainability,0.178,0.409,0.7642,REF085,0.2819,shortlist,,20260918T0133-7dd1a33,discover-1
c1341,46,45,31,25,0.3571,access_connectivity,0.0,0.1739,0.8261,Implementation Arrangements and Support Plan,0.1637,0.2696,0.7711,REF009,0.3202,junk,junk_section_share>=0.6,20260918T0133-7dd1a33,discover-1
c1593,46,43,27,28,0.4,access_connectivity,0.7341,0.0,0.087,Sectoral and Institutional Context,0.1387,0.293,0.7499,REF046,0.547,shortlist,,20260918T0133-7dd1a33,discover-1
c1729,46,45,29,27,0.3857,,0.0,0.0,1.0,Implementation Arrangements and Support Plan,0.1713,0.2457,0.8622,REF085,0.297,junk,junk_section_share>=0.6,20260918T0133-7dd1a33,discover-1
c1979,46,26,11,9,0.1286,access_connectivity,0.5153,0.0217,0.0217,Project Components,0.0539,0.276,0.7159,REF046,0.5015,shortlist,,20260918T0133-7dd1a33,discover-1
c0097,45,45,28,30,0.4286,submarine_cable,0.0,0.0,0.9778,Fiduciary,0.1769,0.2564,0.9225,REF009,0.3606,junk,junk_section_share>=0.6,20260918T0133-7dd1a33,discover-1
c0113,45,45,36,25,0.3571,drm_ews,0.1831,0.0,0.1111,Project Components,0.2188,0.3764,0.8872,REF058,0.4132,shortlist,,20260918T0133-7dd1a33,discover-1
c0132,45,43,34,30,0.4286,access_connectivity,0.8725,0.0,0.3778,Project Components,0.1914,0.262,0.8217,REF068,0.3273,shortlist,,20260918T0133-7dd1a33,discover-1
c0218,45,45,25,22,0.3143,access_connectivity,0.2879,0.0,0.0,Project Components,0.1411,0.2465,0.8242,REF046,0.4976,shortlist,,20260918T0133-7dd1a33,discover-1
c0638,45,41,26,24,0.3429,dpi,0.5153,0.0222,0.3333,Project Components,0.1322,0.3941,0.7423,REF079,0.3847,shortlist,,20260918T0133-7dd1a33,discover-1
c0728,45,45,33,34,0.4857,dpi,0.8768,0.0,0.0444,Project Components,0.2167,0.2645,0.9587,REF030,0.3175,shortlist,,20260918T0133-7dd1a33,discover-1
c0875,45,43,30,27,0.3857,access_connectivity,0.8681,0.0222,0.2889,Project Components,0.1609,0.353,0.7832,REF030,0.327,shortlist,,20260918T0133-7dd1a33,discover-1
c0902,45,36,18,21,0.3,access_connectivity,0.6884,0.0,0.0444,Economic and Financial Analysis,0.0822,0.3445,0.6666,REF085,0.3202,shortlist,,20260918T0133-7dd1a33,discover-1
c0929,45,44,40,38,0.5429,access_connectivity,0.0,0.0,0.2,GRIEVANCE REDRESS SERVICES,0.2407,0.2816,0.8787,REF031,0.3903,shortlist,,20260918T0133-7dd1a33,discover-1
c1159,45,42,30,24,0.3429,cybersecurity,0.6892,0.0,0.1111,Sectoral and Institutional Context,0.1434,0.2015,0.6977,REF001,0.4516,shortlist,,20260918T0133-7dd1a33,discover-1
c1301,45,43,30,28,0.4,access_connectivity,0.7573,0.4444,0.0222,Relevance to Higher Level Objectives,0.1574,0.2833,0.7662,REF005,0.3493,shortlist,,20260918T0133-7dd1a33,discover-1
c1374,45,32,19,20,0.2857,access_connectivity,0.9023,0.0222,0.0,Technical Note: Support for Climate Change Adaptation and Mitigation,0.0956,0.3745,0.7348,REF041,0.5757,shortlist,,20260918T0133-7dd1a33,discover-1
c1604,45,41,25,21,0.3,,0.0,0.0,0.7556,KEY RISKS,0.1362,0.3433,0.7956,REF005,0.3795,junk,junk_section_share>=0.6,20260918T0133-7dd1a33,discover-1
c1696,45,38,32,30,0.4286,,0.0,0.4444,1.0,Implementation Arrangements and Support Plan,0.1777,0.2112,0.8109,REF009,0.3663,junk,junk_section_share>=0.6,20260918T0133-7dd1a33,discover-1
c1737,45,40,24,23,0.3286,dpi,1.0,0.0,0.9556,Implementation Arrangements and Support Plan,0.1307,0.2058,0.7953,REF045,0.4613,junk,junk_section_share>=0.6,20260918T0133-7dd1a33,discover-1
c1773,45,42,16,14,0.2,access_connectivity,0.7942,0.0,0.0,Sectoral and Institutional Context,0.0671,0.3083,0.6125,REF087,0.3036,shortlist,,20260918T0133-7dd1a33,discover-1
c0115,44,42,30,20,0.2857,drm_ews,0.2871,0.0455,0.1818,Project Components,0.1593,0.4697,0.7751,REF053,0.4657,shortlist,,20260918T0133-7dd1a33,discover-1
c0645,44,43,31,29,0.4143,access_connectivity,0.8839,0.0,0.4773,Project Components,0.1506,0.2912,0.7094,REF030,0.3625,shortlist,,20260918T0133-7dd1a33,discover-1
c0918,44,44,34,32,0.4571,,0.0,0.4318,0.9545,Implementation Arrangements and Support Plan,0.1968,0.2289,0.8452,REF005,0.3818,junk,junk_section_share>=0.6,20260918T0133-7dd1a33,discover-1
c1518,44,25,18,18,0.2571,dpi,0.0,0.0227,0.8864,Implementation Arrangements and Support Plan,0.0837,0.2196,0.6787,REF085,0.2845,junk,junk_section_share>=0.6,20260918T0133-7dd1a33,discover-1
c1534,44,30,14,12,0.1714,dpi,0.3534,0.1818,0.0,Project Components,0.0738,0.2032,0.7695,REF011,0.6093,shortlist,,20260918T0133-7dd1a33,discover-1
c1592,44,44,25,20,0.2857,access_connectivity,0.8081,0.0227,0.2955,Project Components,0.1327,0.2743,0.7748,REF058,0.341,shortlist,,20260918T0133-7dd1a33,discover-1
c1677,44,37,28,26,0.3714,,0.0,0.0227,1.0,Implementation Arrangements and Support Plan,0.1386,0.2523,0.7225,REF005,0.3376,junk,junk_section_share>=0.6,20260918T0133-7dd1a33,discover-1
c0034,43,43,43,29,0.4143,access_connectivity,0.0,0.0,0.0233,DETAILED CHANGE(S),0.285,0.1956,0.9675,REF053,0.2896,shortlist,,20260918T0133-7dd1a33,discover-1
c0405,43,42,34,31,0.4429,access_connectivity,0.8589,0.1163,0.2326,Sustainability,0.1838,0.4274,0.7892,REF045,0.4021,shortlist,,20260918T0133-7dd1a33,discover-1
c0441,43,43,23,19,0.2714,dpi,0.5915,0.1395,0.1395,Project Components,0.1176,0.2653,0.7466,REF053,0.4905,shortlist,,20260918T0133-7dd1a33,discover-1
c0812,43,41,15,12,0.1714,dpi,0.7861,0.0,0.1628,Project Components,0.0851,0.3031,0.8279,REF030,0.3395,shortlist,,20260918T0133-7dd1a33,discover-1
c0992,43,43,23,23,0.3286,access_connectivity,0.8186,0.0,0.093,Project Components,0.1208,0.2996,0.7671,REF030,0.3183,shortlist,,20260918T0133-7dd1a33,discover-1
c1387,43,42,28,24,0.3429,dpi,0.4035,0.0,0.1163,Project Components,0.1393,0.3813,0.7262,REF056,0.3847,shortlist,,20260918T0133-7dd1a33,discover-1
c1438,43,43,22,22,0.3143,drm_ews,0.7525,0.0,0.1628,Project Components,0.1168,0.518,0.7752,REF041,0.6791,shortlist,,20260918T0133-7dd1a33,discover-1
c1483,43,42,25,26,0.3714,access_connectivity,0.7001,0.0,0.2791,Project Components,0.1329,0.3026,0.7759,REF045,0.4646,shortlist,,20260918T0133-7dd1a33,discover-1
c1625,43,35,28,26,0.3714,,0.0,0.3721,1.0,Implementation Arrangements and Support Plan,0.1486,0.3274,0.775,REF030,0.3952,junk,junk_section_share>=0.6,20260918T0133-7dd1a33,discover-1
c1641,43,41,29,28,0.4,,0.0,0.0,1.0,Implementation Arrangements and Support Plan,0.1528,0.3006,0.7693,REF085,0.3469,junk,junk_section_share>=0.6,20260918T0133-7dd1a33,discover-1
c1669,43,42,28,27,0.3857,,0.0,0.3256,1.0,Implementation Arrangements and Support Plan,0.1476,0.2228,0.7698,REF085,0.444,junk,junk_section_share>=0.6,20260918T0133-7dd1a33,discover-1
c1675,43,38,29,22,0.3143,access_connectivity,0.0,0.0233,0.7209,Implementation Arrangements and Support Plan,0.1571,0.2873,0.7908,REF045,0.2762,junk,junk_section_share>=0.6,20260918T0133-7dd1a33,discover-1
c1712,43,32,19,18,0.2571,cybersecurity,0.9183,0.1163,0.1163,Project Components,0.097,0.2126,0.7452,REF011,0.4214,shortlist,,20260918T0133-7dd1a33,discover-1
c1875,43,43,21,16,0.2286,dpi,0.8732,0.0233,0.2326,"Technical, Economic and Financial Analysis",0.1118,0.2446,0.7774,REF067,0.4524,shortlist,,20260918T0133-7dd1a33,discover-1
c0044,42,42,42,28,0.4,access_connectivity,0.0,0.0,0.0,DETAILED CHANGE(S),0.2847,0.1983,0.9898,REF030,0.296,shortlist,,20260918T0133-7dd1a33,discover-1
c0166,42,42,27,24,0.3429,dpi,0.9186,0.0,0.2857,Project Components,0.1518,0.3061,0.8211,REF018,0.389,shortlist,,20260918T0133-7dd1a33,discover-1
c0568,42,42,28,29,0.4143,access_connectivity,0.8922,0.0,0.1429,Project Beneficiaries,0.1372,0.2136,0.7153,REF075,0.2697,shortlist,,20260918T0133-7dd1a33,discover-1
c0572,42,42,24,26,0.3714,access_connectivity,0.7323,0.0,0.0952,Project Components,0.117,0.3135,0.7117,REF045,0.4088,shortlist,,20260918T0133-7dd1a33,discover-1
c0660,42,42,30,27,0.3857,dpi,0.9091,0.0,0.2619,Project Components,0.1477,0.3435,0.7189,REF030,0.3561,shortlist,,20260918T0133-7dd1a33,discover-1
c0777,42,42,34,30,0.4286,access_connectivity,0.8992,0.0,0.3095,Implementation Arrangements and Support Plan,0.1536,0.3274,0.6594,REF027,0.2408,shortlist,,20260918T0133-7dd1a33,discover-1
c0803,42,42,28,27,0.3857,data_hosting,0.0,0.0,0.7381,Implementation Arrangements and Support Plan,0.1511,0.3292,0.788,REF024,0.4035,junk,junk_section_share>=0.6,20260918T0133-7dd1a33,discover-1
c1120,42,26,21,24,0.3429,cybersecurity,0.4642,0.0,0.0,Sectoral and Institutional Context,0.101,0.3434,0.7021,REF001,0.5065,shortlist,,20260918T0133-7dd1a33,discover-1
c1383,42,27,19,16,0.2286,drm_ews,0.8496,0.0,0.0476,GHG Emissions and Transport - Mozambique EDGE Project,0.088,0.4116,0.676,REF057,0.4166,shortlist,,20260918T0133-7dd1a33,discover-1
c1487,42,40,26,24,0.3429,,0.0,0.0476,0.9524,Institutional and Implementation Arrangements,0.1343,0.2453,0.754,REF030,0.389,junk,junk_section_share>=0.6,20260918T0133-7dd1a33,discover-1
c1812,42,33,26,25,0.3571,mobile_towers,0.8382,0.0,0.0,Country Context,0.1286,0.2434,0.7222,REF089,0.2729,shortlist,,20260918T0133-7dd1a33,discover-1
c0035,41,32,31,30,0.4286,,0.0,0.0,0.0244,GRIEVANCE REDRESS SERVICES,0.1983,0.2843,0.9339,REF031,0.3283,shortlist,,20260918T0133-7dd1a33,discover-1
c0051,41,41,41,39,0.5571,,0.0,0.0,1.0,RESULTS FRAMEWORK AND MONITORING,0.2765,0.2322,0.9847,REF027,0.3136,junk,junk_section_share>=0.6,20260918T0133-7dd1a33,discover-1
c0060,41,41,29,26,0.3714,access_connectivity,0.7158,0.0,0.0488,Project Components,0.1976,0.248,0.9948,REF030,0.3191,shortlist,,20260918T0133-7dd1a33,discover-1
c0078,41,41,40,37,0.5286,data_hosting,0.0,0.0,1.0,RESULTS FRAMEWORK AND MONITORING,0.2647,0.2381,0.9663,REF027,0.2749,junk,junk_section_share>=0.6,20260918T0133-7dd1a33,discover-1
c0178,41,40,35,31,0.4429,access_connectivity,0.0,0.2195,0.878,Implementation Arrangements and Support Plan,0.1874,0.2897,0.7819,REF029,0.3491,junk,junk_section_share>=0.6,20260918T0133-7dd1a33,discover-1
c0241,41,28,11,10,0.1429,access_connectivity,0.7151,0.0,0.0,Economic and Financial Analysis,0.0572,0.2915,0.7586,REF085,0.1875,shortlist,,20260918T0133-7dd1a33,discover-1
c0355,41,41,25,24,0.3429,dpi,0.9256,0.5366,0.7805,KEY RISKS,0.1326,0.4605,0.7743,REF030,0.5095,junk,junk_section_share>=0.6,20260918T0133-7dd1a33,discover-1
c0479,41,39,26,27,0.3857,dpi,0.9134,0.0,0.5854,Institutional and Implementation Arrangements,0.1144,0.3652,0.6421,REF030,0.4045,shortlist,,20260918T0133-7dd1a33,discover-1
c0578,41,38,24,19,0.2714,access_connectivity,0.9591,0.0488,0.561,DESCRIPTION OF PROPOSED CHANGES,0.115,0.2768,0.6997,REF045,0.363,shortlist,,20260918T0133-7dd1a33,discover-1
c0613,41,40,32,34,0.4857,access_connectivity,0.9293,0.0,0.2439,Project Components,0.1637,0.3303,0.747,REF046,0.4518,shortlist,,20260918T0133-7dd1a33,discover-1
c0632,41,39,22,19,0.2714,cybersecurity,0.7287,0.0,0.1707,Project Components,0.1214,0.3378,0.806,REF088,0.3539,shortlist,,20260918T0133-7dd1a33,discover-1
c0633,41,30,17,16,0.2286,cybersecurity,0.8322,0.0,0.3659,Project Components,0.0866,0.2891,0.7437,REF086,0.3232,shortlist,,20260918T0133-7dd1a33,discover-1
c0677,41,41,28,24,0.3429,dpi,0.6876,0.0,0.6829,Implementation Arrangements and Support Plan,0.1436,0.3245,0.7489,REF028,0.3604,junk,junk_section_share>=0.6,20260918T0133-7dd1a33,discover-1
c0751,41,40,30,24,0.3429,dpi,0.5436,0.0488,0.7805,Implementation Arrangements and Support Plan,0.1425,0.2741,0.6936,REF085,0.3775,junk,junk_section_share>=0.6,20260918T0133-7dd1a33,discover-1
c0962,41,40,33,33,0.4714,access_connectivity,0.8455,0.0,0.2927,Project Components,0.1514,0.3981,0.6699,REF037,0.3281,shortlist,,20260918T0133-7dd1a33,discover-1
c1136,41,40,25,23,0.3286,dpi,1.0,0.0,0.8293,Fiduciary,0.144,0.2701,0.8409,REF062,0.2664,junk,junk_section_share>=0.6,20260918T0133-7dd1a33,discover-1
c1219,41,35,27,22,0.3143,dpi,0.9875,0.0,0.1707,Sectoral and Institutional Context,0.1213,0.298,0.6558,REF011,0.257,shortlist,,20260918T0133-7dd1a33,discover-1
c1397,41,41,28,25,0.3571,dpi,0.6735,0.0,0.1463,Sectoral and Institutional Context,0.1562,0.329,0.8144,REF086,0.4191,shortlist,,20260918T0133-7dd1a33,discover-1
c1583,41,39,28,22,0.3143,dpi,0.9855,0.0,0.5854,Institutional and Implementation Arrangements,0.1279,0.269,0.6668,REF083,0.3413,shortlist,,20260918T0133-7dd1a33,discover-1
c0087,40,40,21,24,0.3429,drm_ews,0.8943,0.0,0.475,Implementation Arrangements and Support Plan,0.1259,0.212,0.8754,REF083,0.2901,shortlist,,20260918T0133-7dd1a33,discover-1
c0144,40,40,19,16,0.2286,access_connectivity,0.0,0.0,0.425,DESCRIPTION OF PROPOSED CHANGES,0.1094,0.2701,0.8408,REF036,0.3076,shortlist,,20260918T0133-7dd1a33,discover-1
c0327,40,38,34,22,0.3143,access_connectivity,0.3228,0.0,0.425,Project Status,0.1881,0.3489,0.8079,REF030,0.3445,shortlist,,20260918T0133-7dd1a33,discover-1
c0369,40,28,20,23,0.3286,access_connectivity,0.4039,0.0,0.8,Environmental and Social,0.094,0.4865,0.6866,REF037,0.333,junk,junk_section_share>=0.6,20260918T0133-7dd1a33,discover-1
c0809,40,39,26,22,0.3143,access_connectivity,0.8689,0.0,0.25,Technical Design and Component Descriptions,0.1002,0.4178,0.5627,REF019,0.2233,shortlist,,20260918T0133-7dd1a33,discover-1
c0973,40,35,23,17,0.2429,dpi,0.5621,0.05,0.075,Project Components,0.1075,0.2822,0.6823,REF008,0.6624,shortlist,,20260918T0133-7dd1a33,discover-1
c1370,40,40,28,27,0.3857,access_connectivity,0.825,0.0,0.525,Fiduciary,0.1599,0.3134,0.834,REF005,0.3381,shortlist,,20260918T0133-7dd1a33,discover-1
c1476,40,34,21,20,0.2857,access_connectivity,0.0,0.175,0.975,Implementation Arrangements and Support Plan,0.1113,0.2415,0.7738,REF005,0.3535,junk,junk_section_share>=0.6,20260918T0133-7dd1a33,discover-1
c1704,40,38,25,25,0.3571,access_connectivity,0.8194,0.25,0.175,Project Components,0.1321,0.2389,0.7713,REF011,0.5181,shortlist,,20260918T0133-7dd1a33,discover-1
c1708,40,36,25,23,0.3286,cybersecurity,0.9851,0.55,0.175,Project Components,0.1312,0.246,0.7662,REF011,0.5219,shortlist,,20260918T0133-7dd1a33,discover-1
c1833,40,37,29,31,0.4429,submarine_cable,0.8831,0.0,0.025,Country Context,0.1375,0.2037,0.6922,REF005,0.3308,shortlist,,20260918T0133-7dd1a33,discover-1
c1866,40,39,25,22,0.3143,access_connectivity,0.6536,0.0,0.025,Sectoral and Institutional Context,0.1438,0.2935,0.84,REF061,0.5455,shortlist,,20260918T0133-7dd1a33,discover-1
c0064,39,37,35,38,0.5429,access_connectivity,0.0,0.0256,0.0,GRIEVANCE REDRESS SERVICES,0.2263,0.389,0.944,REF030,0.3252,shortlist,,20260918T0133-7dd1a33,discover-1
c0181,39,35,27,22,0.3143,access_connectivity,0.7258,0.0,0.5128,DESCRIPTION OF PROPOSED CHANGES,0.1356,0.256,0.7334,REF045,0.303,shortlist,,20260918T0133-7dd1a33,discover-1
c0465,39,37,26,24,0.3429,dpi,0.788,0.0,0.4103,KEY RISKS,0.1251,0.4056,0.7026,REF080,0.4272,shortlist,,20260918T0133-7dd1a33,discover-1
c0666,39,38,32,30,0.4286,mobile_towers,1.0,0.0256,0.7179,Implementation Arrangements and Support Plan,0.1767,0.2534,0.8064,REF085,0.4298,junk,junk_section_share>=0.6,20260918T0133-7dd1a33,discover-1
c0736,39,39,31,30,0.4286,access_connectivity,0.7415,0.0,0.2821,Sectoral and Institutional Context,0.1286,0.4204,0.6058,REF011,0.2417,shortlist,,20260918T0133-7dd1a33,discover-1
c0795,39,38,24,26,0.3714,access_connectivity,0.9188,0.6154,0.0256,Project Components,0.1352,0.2591,0.8223,REF085,0.3427,shortlist,,20260918T0133-7dd1a33,discover-1
c0899,39,36,21,19,0.2714,access_connectivity,0.8384,0.0,0.359,Sectoral and Institutional Context,0.1091,0.3267,0.7585,REF030,0.4667,shortlist,,20260918T0133-7dd1a33,discover-1
c0937,39,37,26,28,0.4,dpi,0.8956,0.0,0.0769,Project Components,0.1306,0.3739,0.7334,REF030,0.435,shortlist,,20260918T0133-7dd1a33,discover-1
c0975,39,38,23,23,0.3286,cybersecurity,0.4416,0.0513,0.1282,Project Components,0.1167,0.3068,0.7407,REF086,0.3916,shortlist,,20260918T0133-7dd1a33,discover-1
c1014,39,29,19,19,0.2714,dpi,0.8074,0.0,0.2308,Technical Design and Component Descriptions,0.0792,0.3304,0.6087,REF083,0.3642,shortlist,,20260918T0133-7dd1a33,discover-1
c1068,39,37,28,24,0.3429,dpi,0.9183,0.4872,0.359,Environmental and Social,0.1476,0.2618,0.7694,REF021,0.4776,shortlist,,20260918T0133-7dd1a33,discover-1
c1137,39,37,22,20,0.2857,access_connectivity,0.9464,0.0,0.7436,Implementation Arrangements and Support Plan,0.1202,0.27,0.798,REF063,0.2449,junk,junk_section_share>=0.6,20260918T0133-7dd1a33,discover-1
c1195,39,35,25,20,0.2857,access_connectivity,0.7718,0.0,0.3077,Project Status,0.1251,0.245,0.7303,REF045,0.3676,shortlist,,20260918T0133-7dd1a33,discover-1
c1275,39,31,1,1,0.0143,dpi,0.3897,0.4103,0.2821,Project Components,0.0054,0.2561,0.7844,REF005,0.3761,junk,n_projects<3,20260918T0133-7dd1a33,discover-1
c1460,39,39,29,27,0.3857,drm_ews,0.7331,0.0,0.0513,Relevance to Higher Level Objectives,0.1594,0.753,0.8024,REF041,0.54,shortlist,,20260918T0133-7dd1a33,discover-1
c1632,39,37,24,21,0.3,access_connectivity,0.7323,0.0,0.3846,DESCRIPTION OF PROPOSED CHANGES,0.1326,0.2629,0.8069,REF011,0.4155,shortlist,,20260918T0133-7dd1a33,discover-1
c1753,39,37,30,29,0.4143,dpi,1.0,0.0,0.9744,Implementation Arrangements and Support Plan,0.1556,0.1948,0.7575,REF085,0.3101,junk,junk_section_share>=0.6,20260918T0133-7dd1a33,discover-1
c1832,39,39,31,23,0.3286,access_connectivity,0.5033,0.0,0.2564,Project Development Objective,0.1744,0.2364,0.8213,REF046,0.5103,shortlist,,20260918T0133-7dd1a33,discover-1
c1922,39,37,13,15,0.2143,access_connectivity,0.8501,0.0,0.0,Project Components,0.0698,0.2749,0.7835,REF084,0.6194,shortlist,,20260918T0133-7dd1a33,discover-1
c0030,38,38,38,39,0.5571,access_connectivity,0.9464,0.0,0.9474,RESULTS FRAMEWORK AND MONITORING,0.2492,0.2372,0.9575,REF085,0.3409,junk,junk_section_share>=0.6,20260918T0133-7dd1a33,discover-1
c0067,38,37,19,19,0.2714,drm_ews,0.8515,0.0,0.0,Project Components,0.1217,0.2528,0.9352,REF030,0.2842,shortlist,,20260918T0133-7dd1a33,discover-1
c0567,38,34,24,22,0.3143,access_connectivity,0.4941,0.0,0.5263,Environmental and Social,0.1278,0.3511,0.7777,REF035,0.3353,shortlist,,20260918T0133-7dd1a33,discover-1
c0691,38,38,30,28,0.4,dpi,0.9031,0.0,0.5,Implementation Arrangements and Support Plan,0.1565,0.3382,0.7615,REF019,0.2773,shortlist,,20260918T0133-7dd1a33,discover-1
c0708,38,38,27,30,0.4286,dpi,0.9618,0.0,0.2105,Project Components,0.1253,0.3581,0.6776,REF069,0.305,shortlist,,20260918T0133-7dd1a33,discover-1
c1007,38,38,30,24,0.3429,dpi,0.7766,0.0,0.5263,Implementation Arrangements and Support Plan,0.1478,0.3251,0.7191,REF083,0.4261,shortlist,,20260918T0133-7dd1a33,discover-1
c1057,38,38,23,19,0.2714,cybersecurity,0.8764,0.0,0.1316,Project Components,0.1159,0.3018,0.736,REF067,0.4673,shortlist,,20260918T0133-7dd1a33,discover-1
c1063,38,37,28,30,0.4286,dpi,0.8699,0.1842,0.4211,Results Monitoring and Evaluation Arrangements,0.141,0.2787,0.735,REF089,0.5011,shortlist,,20260918T0133-7dd1a33,discover-1
c1111,38,36,25,26,0.3714,cybersecurity,0.9591,0.0,0.0789,Project Components,0.1271,0.2959,0.7425,REF067,0.3181,shortlist,,20260918T0133-7dd1a33,discover-1
c1149,38,34,25,21,0.3,access_connectivity,0.8584,0.0,0.3684,Sectoral and Institutional Context,0.1155,0.2867,0.6746,REF059,0.2527,shortlist,,20260918T0133-7dd1a33,discover-1
c1442,38,25,15,15,0.2143,dpi,0.0,0.0263,0.7368,Implementation Arrangements and Support Plan,0.0731,0.2258,0.7117,REF085,0.5053,junk,junk_section_share>=0.6,20260918T0133-7dd1a33,discover-1
c1498,38,29,27,27,0.3857,drm_ews,0.7718,0.0,0.0526,Relevance to Higher Level Objectives,0.1382,0.3312,0.7474,REF057,0.4624,shortlist,,20260918T0133-7dd1a33,discover-1
c1838,38,38,28,27,0.3857,dpi,0.8732,0.0,0.1842,Sectoral and Institutional Context,0.1523,0.3609,0.7943,REF042,0.5378,shortlist,,20260918T0133-7dd1a33,discover-1
c2004,38,36,25,24,0.3429,access_connectivity,0.7546,0.0,0.1053,Sectoral and Institutional Context,0.1197,0.337,0.6991,REF076,0.513,shortlist,,20260918T0133-7dd1a33,discover-1
c0176,37,36,32,29,0.4143,cybersecurity,0.9011,0.0,0.3243,Project Components,0.1836,0.3117,0.8377,REF042,0.3094,shortlist,,20260918T0133-7dd1a33,discover-1
c0183,37,36,31,25,0.3571,dpi,1.0,0.0,0.8378,Implementation Arrangements and Support Plan,0.1474,0.3452,0.6941,REF030,0.4231,junk,junk_section_share>=0.6,20260918T0133-7dd1a33,discover-1
c0313,37,37,30,30,0.4286,access_connectivity,0.6306,0.0,0.027,Project Components,0.2022,0.2464,0.9843,REF030,0.3185,shortlist,,20260918T0133-7dd1a33,discover-1
c0337,37,30,23,19,0.2714,access_connectivity,0.0,0.027,0.7027,Environmental and Social,0.1203,0.3617,0.7638,REF030,0.4657,junk,junk_section_share>=0.6,20260918T0133-7dd1a33,discover-1
c0392,37,36,25,15,0.2143,access_connectivity,0.3494,0.1351,0.2432,Project Components,0.1338,0.2648,0.7816,REF061,0.5699,shortlist,,20260918T0133-7dd1a33,discover-1
c0436,37,37,21,21,0.3,drm_ews,0.8546,0.0,0.2973,Implementation Arrangements and Support Plan,0.1207,0.2992,0.8388,REF030,0.2632,shortlist,,20260918T0133-7dd1a33,discover-1
c0733,37,36,27,26,0.3714,access_connectivity,0.6388,0.0,0.3784,Results Monitoring and Evaluation Arrangements,0.1447,0.3122,0.7824,REF030,0.2721,shortlist,,20260918T0133-7dd1a33,discover-1
c0779,37,37,29,28,0.4,access_connectivity,0.9157,0.0,0.3784,Sustainability,0.1445,0.271,0.7274,REF027,0.1932,shortlist,,20260918T0133-7dd1a33,discover-1
c0936,37,37,34,36,0.5143,access_connectivity,0.2762,0.2973,0.027,Relevance to Higher Level Objectives,0.1912,0.243,0.8212,REF085,0.4521,shortlist,,20260918T0133-7dd1a33,discover-1
c0985,37,30,19,19,0.2714,access_connectivity,0.7725,0.0,0.0,"Technical, Economic and Financial Analysis",0.0891,0.2825,0.6844,REF085,0.2345,shortlist,,20260918T0133-7dd1a33,discover-1
c1021,37,31,13,12,0.1714,drm_ews,0.8998,0.0811,0.0811,Detailed Project Description,0.0653,0.2142,0.7331,REF058,0.6506,shortlist,,20260918T0133-7dd1a33,discover-1
c1022,37,25,9,8,0.1143,access_connectivity,0.7823,0.0,0.2432,Technical Analysis,0.0442,0.3344,0.7173,REF045,0.5118,shortlist,,20260918T0133-7dd1a33,discover-1
c1113,37,36,29,27,0.3857,dpi,0.9923,0.0,0.4054,Sectoral and Institutional Context,0.1506,0.3145,0.7581,REF043,0.4865,shortlist,,20260918T0133-7dd1a33,discover-1
c1382,37,37,25,25,0.3571,,0.0,0.2973,0.9189,Implementation Arrangements and Support Plan,0.1425,0.2216,0.8321,REF045,0.4069,junk,junk_section_share>=0.6,20260918T0133-7dd1a33,discover-1
c1393,37,35,20,17,0.2429,dpi,0.0,0.1892,0.8649,Institutional and Implementation Arrangements,0.1032,0.2995,0.7533,REF079,0.3558,junk,junk_section_share>=0.6,20260918T0133-7dd1a33,discover-1
c1512,37,37,22,17,0.2429,cybersecurity,0.7855,0.0,0.027,Project Components,0.1205,0.2366,0.7997,REF067,0.4446,shortlist,,20260918T0133-7dd1a33,discover-1
c1616,37,34,28,28,0.4,dpi,1.0,0.1622,0.973,Implementation Arrangements and Support Plan,0.1596,0.2425,0.8322,REF085,0.3563,junk,junk_section_share>=0.6,20260918T0133-7dd1a33,discover-1
c1685,37,35,25,26,0.3714,submarine_cable,0.0,0.0811,1.0,Implementation Arrangements and Support Plan,0.133,0.2046,0.777,REF045,0.4662,junk,junk_section_share>=0.6,20260918T0133-7dd1a33,discover-1
c1816,37,36,25,26,0.3714,dpi,0.8532,0.0,0.1081,Country Context,0.1172,0.1727,0.6842,REF075,0.3041,shortlist,,20260918T0133-7dd1a33,discover-1
c0082,36,35,18,18,0.2571,dpi,0.9316,0.0,0.7222,Implementation Arrangements and Support Plan,0.1088,0.2521,0.8827,REF027,0.2463,junk,junk_section_share>=0.6,20260918T0133-7dd1a33,discover-1
c0138,36,35,25,25,0.3571,cybersecurity,0.9464,0.3056,1.0,KEY RISKS,0.1306,0.4173,0.7628,REF030,0.5063,junk,junk_section_share>=0.6,20260918T0133-7dd1a33,discover-1
c0174,36,35,27,23,0.3286,dpi,0.9403,0.0,0.3889,Implementation Arrangements and Support Plan,0.1457,0.2024,0.7877,REF023,0.2949,shortlist,,20260918T0133-7dd1a33,discover-1
c0233,36,36,31,27,0.3857,access_connectivity,0.7862,0.0,0.0556,Project Components,0.142,0.3472,0.6686,REF046,0.377,shortlist,,20260918T0133-7dd1a33,discover-1
c0292,36,36,22,20,0.2857,drm_ews,0.7982,0.0,0.4444,Implementation Arrangements and Support Plan,0.1225,0.2434,0.813,REF005,0.2243,shortlist,,20260918T0133-7dd1a33,discover-1
c0474,36,27,10,9,0.1286,dpi,0.8445,0.0,0.6944,Implementation Arrangements and Support Plan,0.0409,0.3376,0.5977,REF045,0.3594,junk,junk_section_share>=0.6,20260918T0133-7dd1a33,discover-1
c0757,36,34,22,25,0.3571,dpi,0.8648,0.0278,0.1944,Project Components,0.1122,0.3293,0.7449,REF030,0.2916,shortlist,,20260918T0133-7dd1a33,discover-1
c0805,36,32,19,18,0.2571,dpi,0.4926,0.0,0.0556,Sectoral and Institutional Context,0.0936,0.288,0.7193,REF064,0.4794,shortlist,,20260918T0133-7dd1a33,discover-1
c0863,36,36,32,27,0.3857,access_connectivity,0.0,0.0,0.4444,Environmental and Social,0.1583,0.3718,0.7223,REF030,0.3399,shortlist,,20260918T0133-7dd1a33,discover-1
c0905,36,31,26,24,0.3429,dpi,0.6206,0.0,0.0278,Country Context,0.1212,0.2633,0.6803,REF046,0.3901,shortlist,,20260918T0133-7dd1a33,discover-1
c0915,36,25,9,8,0.1143,drm_ews,0.6194,0.1111,0.1389,Detailed Project Description,0.0431,0.3482,0.6999,REF056,0.6678,shortlist,,20260918T0133-7dd1a33,discover-1
c0971,36,36,26,21,0.3,dpi,0.9729,0.3611,0.0833,Project Components,0.1369,0.2636,0.7688,REF085,0.3897,shortlist,,20260918T0133-7dd1a33,discover-1
c1167,36,34,22,19,0.2714,dpi,0.841,0.0,0.0278,Project Components,0.1186,0.5211,0.7871,REF086,0.6301,shortlist,,20260918T0133-7dd1a33,discover-1
c1348,36,36,28,24,0.3429,dpi,0.9455,0.0278,0.6667,Implementation Arrangements and Support Plan,0.1535,0.3851,0.8006,REF030,0.3603,junk,junk_section_share>=0.6,20260918T0133-7dd1a33,discover-1
c1361,36,35,26,25,0.3571,dpi,0.9464,0.0278,0.8611,Implementation Arrangements and Support Plan,0.1481,0.3312,0.8319,REF005,0.3264,junk,junk_section_share>=0.6,20260918T0133-7dd1a33,discover-1
c1603,36,29,22,21,0.3,dpi,0.0,0.0,1.0,Implementation Arrangements and Support Plan,0.1245,0.2291,0.8259,REF045,0.4311,junk,junk_section_share>=0.6,20260918T0133-7dd1a33,discover-1
c1722,36,35,24,23,0.3286,,0.0,0.25,0.9722,Implementation Arrangements and Support Plan,0.1348,0.2689,0.8203,REF045,0.393,junk,junk_section_share>=0.6,20260918T0133-7dd1a33,discover-1
c1948,36,31,25,27,0.3857,dpi,0.9224,0.0,0.0,Relevance to Higher Level Objectives,0.1406,0.165,0.8208,REF056,0.4173,shortlist,,20260918T0133-7dd1a33,discover-1
c1965,36,35,23,19,0.2714,dpi,0.8158,0.6944,0.2222,Project Components,0.1222,0.2269,0.7757,REF079,0.5172,shortlist,,20260918T0133-7dd1a33,discover-1
c0262,35,35,7,7,0.1,,0.0,0.0,0.4,DETAILED CHANGE(S),0.0467,0.2094,0.9734,REF030,0.2606,shortlist,,20260918T0133-7dd1a33,discover-1
c0444,35,32,16,15,0.2143,drm_ews,0.7386,0.0,0.1714,Project Components,0.0797,0.4266,0.7274,REF054,0.4779,shortlist,,20260918T0133-7dd1a33,discover-1
c0509,35,21,14,13,0.1857,drm_ews,0.9206,0.0,0.2286,DESCRIPTION OF ADDITIONAL FINANCING,0.0637,0.4279,0.6644,REF055,0.5743,shortlist,,20260918T0133-7dd1a33,discover-1
c0525,35,34,24,27,0.3857,dpi,0.6022,0.0,0.1429,Project Components,0.1212,0.3197,0.737,REF010,0.3942,shortlist,,20260918T0133-7dd1a33,discover-1
c0531,35,35,27,27,0.3857,dpi,0.8187,0.0,0.2571,Project Components,0.1482,0.3458,0.8012,REF036,0.3526,shortlist,,20260918T0133-7dd1a33,discover-1
c0585,35,34,9,9,0.1286,access_connectivity,0.9441,0.0571,0.0571,Project Components,0.0556,0.2473,0.9015,REF045,0.301,shortlist,,20260918T0133-7dd1a33,discover-1
c0586,35,24,16,12,0.1714,cybersecurity,0.7934,0.0,0.1714,Technical Design and Component Descriptions,0.0707,0.2666,0.6456,REF083,0.2843,shortlist,,20260918T0133-7dd1a33,discover-1
c0587,35,34,31,33,0.4714,dpi,0.895,0.4571,0.0,Project Beneficiaries,0.1642,0.2191,0.7733,REF005,0.4003,shortlist,,20260918T0133-7dd1a33,discover-1
c0589,35,35,28,28,0.4,access_connectivity,0.7897,0.0,0.7714,Implementation Arrangements and Support Plan,0.1456,0.3465,0.7595,REF057,0.3988,junk,junk_section_share>=0.6,20260918T0133-7dd1a33,discover-1
c0735,35,35,25,24,0.3429,dpi,0.8451,0.0,0.0286,Project Components,0.1181,0.3406,0.6899,REF053,0.3817,shortlist,,20260918T0133-7dd1a33,discover-1
c0786,35,35,26,25,0.3571,dpi,0.7444,0.0,0.2,Project Components,0.109,0.3224,0.6124,REF023,0.2392,shortlist,,20260918T0133-7dd1a33,discover-1
c0884,35,34,21,18,0.2571,access_connectivity,0.8283,0.0,0.1143,Project Components,0.1218,0.362,0.8468,REF030,0.3261,shortlist,,20260918T0133-7dd1a33,discover-1
c0916,35,34,25,24,0.3429,dpi,0.8076,0.0,0.0571,Relevance to Higher Level Objectives,0.1304,0.3211,0.7613,REF067,0.4101,shortlist,,20260918T0133-7dd1a33,discover-1
c1035,35,35,26,23,0.3286,dpi,0.8962,0.0286,0.4286,Results Monitoring and Evaluation Arrangements,0.1323,0.3183,0.7429,REF009,0.4683,shortlist,,20260918T0133-7dd1a33,discover-1
c1088,35,34,21,17,0.2429,dpi,0.9244,0.0,0.2571,Project Components,0.094,0.3158,0.6532,REF009,0.4168,shortlist,,20260918T0133-7dd1a33,discover-1
c1270,35,31,18,21,0.3,access_connectivity,0.6458,0.0571,0.1429,Project Components,0.0911,0.3212,0.739,REF085,0.4122,shortlist,,20260918T0133-7dd1a33,discover-1
c1326,35,7,3,2,0.0286,,0.0,0.0,0.0,Information on CIRAS,0.0153,0.233,0.7457,REF047,0.4294,junk,n_projects<3,20260918T0133-7dd1a33,discover-1
c1579,35,33,24,24,0.3429,dpi,0.9206,0.0,0.0857,Project Components,0.1214,0.2257,0.7385,REF011,0.3973,shortlist,,20260918T0133-7dd1a33,discover-1
c1594,35,35,26,28,0.4,drm_ews,0.7117,0.0,0.0,Project Components,0.1455,0.5669,0.8172,REF085,0.5287,shortlist,,20260918T0133-7dd1a33,discover-1
c1637,35,35,31,32,0.4571,data_hosting,0.0,0.0286,0.9143,Fiduciary,0.1863,0.2232,0.8774,REF045,0.4278,junk,junk_section_share>=0.6,20260918T0133-7dd1a33,discover-1
c1717,35,35,26,21,0.3,mobile_towers,0.8342,0.0,0.2,Project Development Objective,0.1436,0.1777,0.8066,REF011,0.2861,shortlist,,20260918T0133-7dd1a33,discover-1
c1719,35,35,28,26,0.3714,,0.0,0.0571,1.0,Implementation Arrangements and Support Plan,0.168,0.1756,0.8762,REF085,0.2735,junk,junk_section_share>=0.6,20260918T0133-7dd1a33,discover-1
c1826,35,35,28,28,0.4,access_connectivity,0.6062,0.0286,0.1429,Project Components,0.1545,0.3096,0.8058,REF046,0.5469,shortlist,,20260918T0133-7dd1a33,discover-1
c1958,35,32,16,19,0.2714,access_connectivity,0.6079,0.0,0.0286,Sectoral and Institutional Context,0.0805,0.2658,0.7347,REF046,0.5025,shortlist,,20260918T0133-7dd1a33,discover-1
c0118,34,9,6,9,0.1286,access_connectivity,0.9464,0.0,0.0,Republic of Angola,0.0253,0.2865,0.6154,REF089,0.3279,shortlist,,20260918T0133-7dd1a33,discover-1
c0591,34,34,22,22,0.3143,cybersecurity,0.9543,0.0,0.2647,Project Components,0.1059,0.3793,0.7029,REF030,0.3641,shortlist,,20260918T0133-7dd1a33,discover-1
c0950,34,34,33,35,0.5,dpi,0.0,0.0,0.0588,GRIEVANCE REDRESS SERVICES,0.2066,0.2477,0.914,REF031,0.362,shortlist,,20260918T0133-7dd1a33,discover-1
c1072,34,33,23,20,0.2857,dpi,0.8025,0.0,0.2941,Detailed Project Description,0.1047,0.3958,0.6648,REF024,0.4612,shortlist,,20260918T0133-7dd1a33,discover-1
c1168,34,32,19,16,0.2286,access_connectivity,0.9248,0.0294,0.2941,Sectoral and Institutional Context,0.0861,0.2177,0.6613,REF063,0.3663,shortlist,,20260918T0133-7dd1a33,discover-1
c1550,34,32,23,23,0.3286,dpi,0.9165,0.0294,0.8529,Implementation Arrangements and Support Plan,0.1136,0.2443,0.7209,REF083,0.3619,junk,junk_section_share>=0.6,20260918T0133-7dd1a33,discover-1
c1746,34,31,26,25,0.3571,,0.0,0.0294,0.8235,Implementation Arrangements and Support Plan,0.1329,0.2518,0.7464,REF045,0.3905,junk,junk_section_share>=0.6,20260918T0133-7dd1a33,discover-1
c1913,34,31,22,25,0.3571,access_connectivity,0.8768,0.0,0.0,Sectoral and Institutional Context,0.1046,0.2498,0.6944,REF061,0.468,shortlist,,20260918T0133-7dd1a33,discover-1
c1940,34,29,16,17,0.2429,access_connectivity,0.889,0.0882,0.2059,Project Components,0.0811,0.3031,0.7399,REF036,0.5184,shortlist,,20260918T0133-7dd1a33,discover-1
c1963,34,32,26,23,0.3286,access_connectivity,0.6736,0.0,0.0,Project Beneficiaries,0.1409,0.2549,0.7915,REF046,0.5368,shortlist,,20260918T0133-7dd1a33,discover-1
c0013,33,33,23,22,0.3143,,0.0,0.0,1.0,Fiduciary,0.1568,0.1881,0.9956,REF023,0.1785,junk,junk_section_share>=0.6,20260918T0133-7dd1a33,discover-1
c0020,33,33,17,17,0.2429,access_connectivity,0.8709,0.0,0.2424,National Level Program Details - Grenada,0.1164,0.2216,1.0,REF057,0.1453,shortlist,,20260918T0133-7dd1a33,discover-1
c0053,33,33,33,32,0.4571,,0.0,0.0,0.0,GRIEVANCE REDRESS SERVICES,0.22,0.1778,0.9732,REF031,0.2514,shortlist,,20260918T0133-7dd1a33,discover-1
c0190,33,31,18,16,0.2286,dpi,0.9206,0.3333,0.8182,Implementation Arrangements and Support Plan,0.0976,0.2564,0.7915,REF009,0.3416,junk,junk_section_share>=0.6,20260918T0133-7dd1a33,discover-1
c0276,33,29,26,26,0.3714,access_connectivity,0.0,0.303,0.7273,Results Monitoring and Evaluation Arrangements,0.1392,0.2609,0.7818,REF057,0.3648,junk,junk_section_share>=0.6,20260918T0133-7dd1a33,discover-1
c0341,33,29,28,28,0.4,access_connectivity,0.8261,0.0,0.9697,KEY RISKS,0.166,0.3773,0.8657,REF030,0.3732,junk,junk_section_share>=0.6,20260918T0133-7dd1a33,discover-1
c0375,33,33,33,27,0.3857,access_connectivity,0.0,0.0,0.8485,KEY RISKS,0.1943,0.4169,0.8597,REF030,0.3726,junk,junk_section_share>=0.6,20260918T0133-7dd1a33,discover-1
c0446,33,31,18,18,0.2571,access_connectivity,0.8427,0.7879,0.2121,Project Components,0.0918,0.2967,0.7446,REF005,0.3959,shortlist,,20260918T0133-7dd1a33,discover-1
c0447,33,33,24,25,0.3571,data_hosting,0.9257,0.0,0.0909,Project Components,0.1156,0.3961,0.7031,REF019,0.3708,shortlist,,20260918T0133-7dd1a33,discover-1
c0654,33,32,24,22,0.3143,dpi,1.0,0.0,0.5455,Implementation Arrangements and Support Plan,0.13,0.308,0.791,REF057,0.352,shortlist,,20260918T0133-7dd1a33,discover-1
c0686,33,27,23,23,0.3286,access_connectivity,0.9206,0.0,0.8485,Implementation Arrangements and Support Plan,0.1136,0.2902,0.7213,REF005,0.4013,junk,junk_section_share>=0.6,20260918T0133-7dd1a33,discover-1
c0694,33,32,24,23,0.3286,dpi,0.7727,0.0,0.2727,Sectoral and Institutional Context,0.1134,0.3618,0.6896,REF036,0.4212,shortlist,,20260918T0133-7dd1a33,discover-1
c1117,33,32,21,21,0.3,dpi,0.7498,0.0,0.1515,Project Components,0.1076,0.3235,0.7479,REF064,0.6294,shortlist,,20260918T0133-7dd1a33,discover-1
c1297,33,28,23,22,0.3143,,0.0,0.0303,1.0,Implementation Arrangements and Support Plan,0.1249,0.2348,0.7929,REF045,0.4149,junk,junk_section_share>=0.6,20260918T0133-7dd1a33,discover-1
c1303,33,32,26,24,0.3429,dpi,0.8845,0.0303,0.0303,Relevance to Higher Level Objectives,0.139,0.2871,0.7804,REF030,0.329,shortlist,,20260918T0133-7dd1a33,discover-1
c1432,33,33,27,24,0.3429,access_connectivity,0.919,0.0,0.3333,Project Components,0.1428,0.3588,0.7723,REF005,0.313,shortlist,,20260918T0133-7dd1a33,discover-1
c1434,33,29,21,19,0.2714,dpi,0.0,0.0,0.9697,Implementation Arrangements and Support Plan,0.1129,0.2401,0.7852,REF045,0.3843,junk,junk_section_share>=0.6,20260918T0133-7dd1a33,discover-1
c1710,33,33,28,24,0.3429,access_connectivity,0.0,0.0,0.8182,Implementation Arrangements and Support Plan,0.1562,0.2922,0.8147,REF079,0.2843,junk,junk_section_share>=0.6,20260918T0133-7dd1a33,discover-1
c1759,33,26,9,9,0.1286,dpi,0.335,0.0,0.0606,Sectoral and Institutional Context,0.041,0.2586,0.6658,REF068,0.4292,shortlist,,20260918T0133-7dd1a33,discover-1
c1868,33,32,22,25,0.3571,access_connectivity,0.9464,0.0,0.4242,DESCRIPTION OF PROPOSED CHANGES,0.1185,0.2187,0.7861,REF061,0.4817,shortlist,,20260918T0133-7dd1a33,discover-1
c2000,33,32,25,23,0.3286,access_connectivity,0.562,0.0,0.0909,Project Components,0.1303,0.3733,0.7608,REF046,0.5382,shortlist,,20260918T0133-7dd1a33,discover-1
c0018,32,32,32,35,0.5,,0.0,0.0,0.0,GRIEVANCE REDRESS SERVICES,0.2158,0.2653,0.9845,REF012,0.3697,shortlist,,20260918T0133-7dd1a33,discover-1
c0068,32,32,31,27,0.3857,,0.0,0.0,0.0312,GRIEVANCE REDRESS SERVICES,0.2036,0.3574,0.9588,REF030,0.3582,shortlist,,20260918T0133-7dd1a33,discover-1
c0107,32,32,28,27,0.3857,access_connectivity,0.7233,0.0,0.0,Results Chain,0.1768,0.1939,0.922,REF030,0.2794,shortlist,,20260918T0133-7dd1a33,discover-1
c0154,32,25,15,16,0.2286,access_connectivity,0.7924,0.0,0.3125,Project Components,0.0703,0.4517,0.6843,REF036,0.4425,shortlist,,20260918T0133-7dd1a33,discover-1
c0238,32,32,21,21,0.3,access_connectivity,0.8849,0.0,0.5625,Implementation Arrangements and Support Plan,0.1236,0.3158,0.8596,REF048,0.2502,shortlist,,20260918T0133-7dd1a33,discover-1
c0263,32,32,26,18,0.2571,access_connectivity,0.7219,0.1875,0.2812,Project Development Objective,0.1428,0.292,0.8019,REF005,0.3898,shortlist,,20260918T0133-7dd1a33,discover-1
c0289,32,32,26,25,0.3571,dpi,0.8805,0.0,0.0625,Project Components,0.1733,0.2637,0.9731,REF030,0.317,shortlist,,20260918T0133-7dd1a33,discover-1
c0338,32,32,31,32,0.4571,dpi,0.9602,0.0,1.0,KEY RISKS,0.1877,0.3532,0.8842,REF030,0.3867,junk,junk_section_share>=0.6,20260918T0133-7dd1a33,discover-1
c0344,32,30,22,20,0.2857,drm_ews,0.963,0.0625,0.8438,KEY RISKS,0.115,0.4281,0.7633,REF030,0.445,junk,junk_section_share>=0.6,20260918T0133-7dd1a33,discover-1
c0492,32,27,17,15,0.2143,access_connectivity,0.7223,0.0,0.125,Sectoral and Institutional Context,0.0878,0.2791,0.7538,REF046,0.4467,shortlist,,20260918T0133-7dd1a33,discover-1
c0505,32,30,27,26,0.3714,dpi,1.0,0.0938,0.75,Results Monitoring and Evaluation Arrangements,0.1472,0.2601,0.7961,REF021,0.3177,junk,junk_section_share>=0.6,20260918T0133-7dd1a33,discover-1
c0570,32,29,22,25,0.3571,access_connectivity,0.7664,0.0,0.1562,Project Components,0.1104,0.3006,0.7325,REF052,0.3668,shortlist,,20260918T0133-7dd1a33,discover-1
c0599,32,32,17,16,0.2286,cybersecurity,0.9135,0.0,0.0625,Project Components,0.0952,0.2697,0.8172,REF030,0.2657,shortlist,,20260918T0133-7dd1a33,discover-1
c0690,32,31,27,27,0.3857,cybersecurity,0.9141,0.0,0.75,Implementation Arrangements and Support Plan,0.1232,0.3519,0.666,REF008,0.3348,junk,junk_section_share>=0.6,20260918T0133-7dd1a33,discover-1
c0699,32,26,18,20,0.2857,access_connectivity,0.7577,0.0,0.0938,Relevance to Higher Level Objectives,0.0794,0.346,0.6442,REF030,0.4177,shortlist,,20260918T0133-7dd1a33,discover-1
c1046,32,30,22,20,0.2857,access_connectivity,0.8154,0.0,0.0625,Project Beneficiaries,0.1201,0.2846,0.7969,REF036,0.2959,shortlist,,20260918T0133-7dd1a33,discover-1
c1118,32,32,22,19,0.2714,dpi,0.9455,0.2812,0.1562,Project Components,0.1225,0.2477,0.8129,REF058,0.3405,shortlist,,20260918T0133-7dd1a33,discover-1
c1173,32,28,22,21,0.3,dpi,0.6686,0.0,0.0938,Project Components,0.1081,0.3049,0.7171,REF062,0.6353,shortlist,,20260918T0133-7dd1a33,discover-1
c1175,32,31,22,22,0.3143,cybersecurity,0.8082,0.0,0.1875,Sectoral and Institutional Context,0.102,0.2471,0.6766,REF063,0.3574,shortlist,,20260918T0133-7dd1a33,discover-1
c1199,32,28,22,15,0.2143,dpi,0.9183,0.0,0.5938,DESCRIPTION OF PROPOSED CHANGES,0.1244,0.2633,0.8257,REF005,0.3039,shortlist,,20260918T0133-7dd1a33,discover-1
c1233,32,29,25,28,0.4,drm_ews,0.7193,0.0,0.0625,"Technical, Economic and Financial Analysis",0.1383,0.5534,0.8077,REF085,0.4901,shortlist,,20260918T0133-7dd1a33,discover-1
c1310,32,32,23,21,0.3,access_connectivity,0.8565,0.0,0.125,Country Context,0.1171,0.3506,0.7435,REF051,0.4163,shortlist,,20260918T0133-7dd1a33,discover-1
c1381,32,32,23,22,0.3143,dpi,0.8579,0.5938,0.2188,Project Components,0.1155,0.3249,0.7334,REF079,0.3332,shortlist,,20260918T0133-7dd1a33,discover-1
c1391,32,31,28,27,0.3857,access_connectivity,0.7828,0.0938,0.9688,Lessons Learned and Reflected in the Project Design,0.1636,0.2668,0.8528,REF027,0.3206,junk,junk_section_share>=0.6,20260918T0133-7dd1a33,discover-1
c1770,32,28,15,12,0.1714,dpi,0.565,0.0,0.0938,Sectoral and Institutional Context,0.0693,0.241,0.6748,REF068,0.5909,shortlist,,20260918T0133-7dd1a33,discover-1
c1974,32,31,24,23,0.3286,access_connectivity,0.7842,0.0,0.5,Lessons Learned and Reflected in the Project Design,0.1268,0.2852,0.7717,REF005,0.5029,shortlist,,20260918T0133-7dd1a33,discover-1
c0000,31,31,31,34,0.4857,,0.0,0.0,0.0,GRIEVANCE REDRESS SERVICES,0.2123,0.2704,1.0,REF031,0.3524,shortlist,,20260918T0133-7dd1a33,discover-1
c0006,31,31,31,34,0.4857,,0.0,0.0,0.0,GRIEVANCE REDRESS SERVICES,0.211,0.2541,0.9938,REF030,0.3077,shortlist,,20260918T0133-7dd1a33,discover-1
c0007,31,31,17,15,0.2143,access_connectivity,0.9629,0.0,0.4839,Project Components,0.1164,0.1744,1.0,REF023,0.1562,shortlist,,20260918T0133-7dd1a33,discover-1
c0008,31,31,31,34,0.4857,,0.0,0.0,0.0,GRIEVANCE REDRESS SERVICES,0.209,0.2283,0.9845,REF030,0.2777,shortlist,,20260918T0133-7dd1a33,discover-1
c0009,31,31,31,34,0.4857,,0.0,0.0,0.0,GRIEVANCE REDRESS SERVICES,0.2102,0.2625,0.9898,REF030,0.3247,shortlist,,20260918T0133-7dd1a33,discover-1
c0027,31,30,18,21,0.3,access_connectivity,0.8445,0.0,0.3226,Sectoral and Institutional Context,0.1233,0.2384,1.0,REF053,0.2022,shortlist,,20260918T0133-7dd1a33,discover-1
c0031,31,31,31,34,0.4857,,0.0,0.0,0.0,GRIEVANCE REDRESS SERVICES,0.2098,0.2261,0.9881,REF009,0.2825,shortlist,,20260918T0133-7dd1a33,discover-1
c0055,31,31,31,34,0.4857,,0.0,0.0,0.0,GRIEVANCE REDRESS SERVICES,0.2123,0.2505,1.0,REF031,0.2146,shortlist,,20260918T0133-7dd1a33,discover-1
c0120,31,31,22,21,0.3,access_connectivity,0.8962,0.0,0.8065,Implementation Arrangements and Support Plan,0.1241,0.3202,0.8236,REF030,0.2843,junk,junk_section_share>=0.6,20260918T0133-7dd1a33,discover-1
c0126,31,31,19,20,0.2857,access_connectivity,0.7669,0.0,0.2581,Project Components,0.1173,0.3199,0.9017,REF037,0.2348,shortlist,,20260918T0133-7dd1a33,discover-1
c0134,31,31,30,29,0.4143,dpi,0.9224,0.0,0.0,Project Components,0.2047,0.247,0.996,REF030,0.3178,shortlist,,20260918T0133-7dd1a33,discover-1
c0145,31,31,9,8,0.1143,access_connectivity,0.9122,0.0,0.129,DETAILED CHANGE(S),0.0518,0.2511,0.841,REF036,0.3206,shortlist,,20260918T0133-7dd1a33,discover-1
c0201,31,31,24,23,0.3286,access_connectivity,0.0,0.0,0.9032,Implementation Arrangements and Support Plan,0.1307,0.278,0.7951,REF079,0.3809,junk,junk_section_share>=0.6,20260918T0133-7dd1a33,discover-1
c0267,31,29,9,9,0.1286,dpi,0.865,0.0,0.3548,DETAILED CHANGE(S),0.0506,0.215,0.8214,REF030,0.2878,shortlist,,20260918T0133-7dd1a33,discover-1
c0521,31,31,22,21,0.3,,0.0,0.0,1.0,Implementation Arrangements and Support Plan,0.1326,0.216,0.88,REF063,0.2394,junk,junk_section_share>=0.6,20260918T0133-7dd1a33,discover-1
c0538,31,21,10,10,0.1429,dpi,0.7147,0.0,0.0323,Economic and Financial Analysis,0.0526,0.2438,0.7675,REF006,0.3012,shortlist,,20260918T0133-7dd1a33,discover-1
c0807,31,28,25,24,0.3429,access_connectivity,0.9394,0.0,0.3226,Technical Analysis,0.1185,0.26,0.692,REF023,0.1853,shortlist,,20260918T0133-7dd1a33,discover-1
c0849,31,31,20,15,0.2143,dpi,0.875,0.0,0.4516,DESCRIPTION OF PROPOSED CHANGES,0.0849,0.2488,0.6196,REF023,0.2352,shortlist,,20260918T0133-7dd1a33,discover-1
c1055,31,25,9,7,0.1,data_hosting,0.8077,0.0323,0.0645,Project Components,0.0462,0.4814,0.7491,REF041,0.5731,shortlist,,20260918T0133-7dd1a33,discover-1
c1071,31,28,23,21,0.3,dpi,0.6426,0.0,0.3548,Project Components,0.1214,0.3294,0.7703,REF038,0.5635,shortlist,,20260918T0133-7dd1a33,discover-1
c1215,31,19,16,16,0.2286,cybersecurity,0.4869,0.0,0.0323,Sectoral and Institutional Context,0.0783,0.324,0.7147,REF047,0.5776,shortlist,,20260918T0133-7dd1a33,discover-1
c1280,31,30,24,25,0.3571,submarine_cable,0.0,0.0,0.9677,Fiduciary,0.1362,0.2534,0.8286,REF045,0.4347,junk,junk_section_share>=0.6,20260918T0133-7dd1a33,discover-1
c1286,31,31,23,21,0.3,access_connectivity,0.8194,0.0,0.7097,Institutional and Implementation Arrangements,0.1347,0.3465,0.8548,REF005,0.3715,junk,junk_section_share>=0.6,20260918T0133-7dd1a33,discover-1
c1415,31,31,21,20,0.2857,dpi,0.758,0.0,0.3226,Project Components,0.1012,0.304,0.7039,REF086,0.3654,shortlist,,20260918T0133-7dd1a33,discover-1
c1436,31,30,20,17,0.2429,access_connectivity,0.8289,0.0323,0.7419,Implementation Arrangements and Support Plan,0.1167,0.323,0.8522,REF027,0.25,junk,junk_section_share>=0.6,20260918T0133-7dd1a33,discover-1
c1508,31,28,19,18,0.2571,dpi,0.5166,0.0,0.0323,Project Components,0.1006,0.2577,0.7728,REF086,0.4775,shortlist,,20260918T0133-7dd1a33,discover-1
c1563,31,30,18,18,0.2571,dpi,0.7233,0.0,0.6129,Institutional and Implementation Arrangements,0.0885,0.2249,0.7181,REF086,0.4393,junk,junk_section_share>=0.6,20260918T0133-7dd1a33,discover-1
c1684,31,22,15,15,0.2143,drm_ews,0.7941,0.0,0.0968,Country Context,0.0658,0.206,0.64,REF070,0.3717,shortlist,,20260918T0133-7dd1a33,discover-1
c1736,31,23,18,14,0.2,access_connectivity,0.0,0.0,0.7097,Financial Management,0.0879,0.2344,0.7133,REF085,0.2935,junk,junk_section_share>=0.6,20260918T0133-7dd1a33,discover-1
c1788,31,30,25,22,0.3143,dpi,0.961,0.0,0.9032,Implementation Arrangements and Support Plan,0.1347,0.2531,0.7864,REF066,0.3683,junk,junk_section_share>=0.6,20260918T0133-7dd1a33,discover-1
c1984,31,31,17,19,0.2714,access_connectivity,0.3346,0.0968,0.0,Project Beneficiaries,0.0901,0.2548,0.774,REF052,0.5615,shortlist,,20260918T0133-7dd1a33,discover-1
c0054,30,30,30,29,0.4143,,0.0,0.0,0.0,GRIEVANCE REDRESS SERVICES,0.1892,0.2356,0.9209,REF003,0.2429,shortlist,,20260918T0133-7dd1a33,discover-1
c0057,30,30,30,33,0.4714,,0.0,0.0,0.0,GRIEVANCE REDRESS SERVICES,0.2005,0.1601,0.9757,REF030,0.2125,shortlist,,20260918T0133-7dd1a33,discover-1
c0319,30,28,21,23,0.3286,access_connectivity,0.9911,0.0,0.8333,Environmental and Social,0.1122,0.3809,0.7801,REF030,0.4201,junk,junk_section_share>=0.6,20260918T0133-7dd1a33,discover-1
c0385,30,29,19,17,0.2429,access_connectivity,0.9081,0.0,0.2333,Project Components,0.0949,0.3304,0.7296,REF087,0.3021,shortlist,,20260918T0133-7dd1a33,discover-1
c0467,30,25,22,25,0.3571,dpi,0.6208,0.1,0.0333,Relevance to Higher Level Objectives,0.1132,0.2465,0.7515,REF005,0.3847,shortlist,,20260918T0133-7dd1a33,discover-1
c0471,30,30,24,26,0.3714,dpi,0.8744,0.0,0.3,Sectoral and Institutional Context,0.1185,0.3973,0.7211,REF002,0.2726,shortlist,,20260918T0133-7dd1a33,discover-1
c0508,30,29,17,15,0.2143,dpi,0.809,0.0,0.0667,"Technical, Economic, and Financial Analysis",0.0823,0.2719,0.7069,REF054,0.4039,shortlist,,20260918T0133-7dd1a33,discover-1
c0523,30,28,20,20,0.2857,access_connectivity,1.0,0.0333,0.8667,Implementation Arrangements and Support Plan,0.1155,0.2451,0.8429,REF030,0.2235,junk,junk_section_share>=0.6,20260918T0133-7dd1a33,discover-1
c0596,30,30,19,17,0.2429,access_connectivity,0.8304,0.0,0.1333,Project Components,0.1053,0.3758,0.8092,REF011,0.3912,shortlist,,20260918T0133-7dd1a33,discover-1
c0625,30,30,18,16,0.2286,cybersecurity,0.9403,0.0,0.0667,Project Components,0.097,0.339,0.787,REF016,0.3997,shortlist,,20260918T0133-7dd1a33,discover-1
c0661,30,29,24,22,0.3143,dpi,0.9256,0.0,0.3667,Project Status,0.1209,0.347,0.7357,REF030,0.3123,shortlist,,20260918T0133-7dd1a33,discover-1
c0664,30,26,15,15,0.2143,access_connectivity,0.8076,0.0,0.2,Sectoral and Institutional Context,0.0734,0.2507,0.7148,REF041,0.4253,shortlist,,20260918T0133-7dd1a33,discover-1
c0668,30,30,20,17,0.2429,dpi,0.7817,0.0,0.1333,Sectoral and Institutional Context,0.0979,0.3484,0.715,REF006,0.3391,shortlist,,20260918T0133-7dd1a33,discover-1
c0692,30,29,24,22,0.3143,access_connectivity,0.7782,0.0,0.1333,Project Components,0.1162,0.4295,0.7069,REF050,0.3646,shortlist,,20260918T0133-7dd1a33,discover-1
c0726,30,30,26,25,0.3571,dpi,0.7855,0.0,0.0667,Project Components,0.1756,0.2449,0.9863,REF030,0.3229,shortlist,,20260918T0133-7dd1a33,discover-1
c0832,30,29,22,19,0.2714,access_connectivity,0.8962,0.0,0.6333,Implementation Arrangements and Support Plan,0.1149,0.3705,0.7625,REF030,0.3066,junk,junk_section_share>=0.6,20260918T0133-7dd1a33,discover-1
c0983,30,30,20,19,0.2714,dpi,0.9361,0.2,0.1333,Project Components,0.1024,0.2976,0.7472,REF085,0.4159,shortlist,,20260918T0133-7dd1a33,discover-1
c1012,30,22,10,10,0.1429,drm_ews,0.9821,0.0,0.0333,Detailed Project Description,0.0522,0.2996,0.7626,REF006,0.6073,shortlist,,20260918T0133-7dd1a33,discover-1
c1157,30,28,12,12,0.1714,access_connectivity,0.9697,0.0,0.1667,DESCRIPTION OF ADDITIONAL FINANCING,0.0644,0.2774,0.7831,REF085,0.3211,shortlist,,20260918T0133-7dd1a33,discover-1
c1182,30,30,16,15,0.2143,access_connectivity,0.9697,0.0,0.2333,Project Components,0.0919,0.2915,0.8385,REF030,0.3174,shortlist,,20260918T0133-7dd1a33,discover-1
c1236,30,28,27,18,0.2571,dpi,1.0,0.0,0.2667,Rationale for Restructuring,0.1398,0.2754,0.756,REF005,0.3515,shortlist,,20260918T0133-7dd1a33,discover-1
c1281,30,30,25,24,0.3429,,0.0,0.0,1.0,Fiduciary,0.1383,0.2631,0.8075,REF045,0.4541,junk,junk_section_share>=0.6,20260918T0133-7dd1a33,discover-1
c1288,30,30,17,16,0.2286,access_connectivity,0.825,0.5333,0.4667,Environmental and Social,0.0923,0.2868,0.7927,REF045,0.3199,shortlist,,20260918T0133-7dd1a33,discover-1
c1315,30,28,22,20,0.2857,,0.0,0.2667,0.9667,Implementation Arrangements and Support Plan,0.1149,0.3003,0.7623,REF085,0.4085,junk,junk_section_share>=0.6,20260918T0133-7dd1a33,discover-1
c1416,30,30,18,18,0.2571,dpi,0.8515,0.0,0.3667,Project Components,0.0918,0.3364,0.7448,REF053,0.3492,shortlist,,20260918T0133-7dd1a33,discover-1
c1463,30,30,21,20,0.2857,drm_ews,0.8012,0.0,0.0667,Project Components,0.1082,0.7258,0.7522,REF041,0.5099,shortlist,,20260918T0133-7dd1a33,discover-1
c1514,30,26,20,20,0.2857,,0.0,0.3667,0.1,Project Components,0.1105,0.2799,0.8065,REF085,0.3481,shortlist,,20260918T0133-7dd1a33,discover-1
c1543,30,30,21,19,0.2714,dpi,0.9183,0.4333,0.8667,Institutional and Implementation Arrangements,0.114,0.3078,0.7925,REF053,0.339,junk,junk_section_share>=0.6,20260918T0133-7dd1a33,discover-1
c1547,30,30,26,25,0.3571,drm_ews,0.841,0.1333,0.0333,Relevance to Higher Level Objectives,0.1431,0.421,0.8033,REF085,0.4988,shortlist,,20260918T0133-7dd1a33,discover-1
c1581,30,29,27,29,0.4143,drm_ews,0.6152,0.0,0.1333,Project Beneficiaries,0.1517,0.5519,0.8203,REF041,0.5843,shortlist,,20260918T0133-7dd1a33,discover-1
c1605,30,26,12,14,0.2,dpi,0.8504,0.0,0.1,Country Context,0.0584,0.237,0.7106,REF084,0.3389,shortlist,,20260918T0133-7dd1a33,discover-1
c1631,30,29,25,23,0.3286,,0.0,0.3,0.9333,Implementation Arrangements and Support Plan,0.1399,0.3447,0.8171,REF085,0.4309,junk,junk_section_share>=0.6,20260918T0133-7dd1a33,discover-1
c1654,30,30,23,22,0.3143,dpi,0.7665,0.3667,0.1333,Relevance to Higher Level Objectives,0.1212,0.2276,0.7692,REF079,0.486,shortlist,,20260918T0133-7dd1a33,discover-1
c1716,30,28,22,22,0.3143,mobile_towers,0.8711,0.0,0.0333,Sectoral and Institutional Context,0.112,0.1731,0.7432,REF011,0.2381,shortlist,,20260918T0133-7dd1a33,discover-1
c1740,30,28,19,19,0.2714,data_hosting,1.0,0.2667,0.9667,Implementation Arrangements and Support Plan,0.0971,0.2375,0.7462,REF045,0.4278,junk,junk_section_share>=0.6,20260918T0133-7dd1a33,discover-1
c1780,30,27,6,6,0.0857,access_connectivity,0.8581,0.0,0.3,Project Components,0.0291,0.2632,0.7072,REF087,0.3279,shortlist,,20260918T0133-7dd1a33,discover-1
c1860,30,28,21,24,0.3429,access_connectivity,0.8773,0.0,0.0333,Sectoral and Institutional Context,0.1053,0.2911,0.7318,REF061,0.4712,shortlist,,20260918T0133-7dd1a33,discover-1
c1890,30,29,24,20,0.2857,access_connectivity,0.6485,0.0,0.4333,DESCRIPTION OF PROPOSED CHANGES,0.1329,0.2587,0.8086,REF046,0.4536,shortlist,,20260918T0133-7dd1a33,discover-1
c1901,30,25,19,18,0.2571,access_connectivity,0.4967,0.1,0.9,KEY RISKS,0.0929,0.3111,0.7135,REF043,0.5253,junk,junk_section_share>=0.6,20260918T0133-7dd1a33,discover-1
c1916,30,28,19,18,0.2571,access_connectivity,0.4416,0.0,0.4667,Lessons Learned and Reflected in the Project Design,0.0994,0.3331,0.7641,REF045,0.4626,shortlist,,20260918T0133-7dd1a33,discover-1
c1928,30,28,17,16,0.2286,access_connectivity,0.9194,0.0,0.1333,Detailed Project Description,0.1014,0.242,0.8712,REF067,0.4655,shortlist,,20260918T0133-7dd1a33,discover-1
c0012,29,29,29,33,0.4714,,0.0,0.0,0.069,GRIEVANCE REDRESS SERVICES,0.1926,0.3071,0.9698,REF030,0.3226,shortlist,,20260918T0133-7dd1a33,discover-1
c0016,29,29,14,13,0.1857,dpi,0.812,0.0,0.1724,Project Components,0.0959,0.2216,1.0,REF057,0.1453,shortlist,,20260918T0133-7dd1a33,discover-1
c0050,29,21,21,20,0.2857,,0.0,0.0,0.0,GRIEVANCE REDRESS SERVICES,0.1438,0.2191,1.0,REF041,0.198,shortlist,,20260918T0133-7dd1a33,discover-1
c0163,29,28,19,22,0.3143,dpi,0.9285,0.0,0.2069,Project Components,0.12,0.2548,0.9225,REF027,0.3062,shortlist,,20260918T0133-7dd1a33,discover-1
c0223,29,29,19,19,0.2714,drm_ews,0.9183,0.0,0.0345,Project Components,0.1128,0.2014,0.8666,REF056,0.443,shortlist,,20260918T0133-7dd1a33,discover-1
c0382,29,24,20,18,0.2571,dpi,0.8322,0.0,0.5172,KEY RISKS,0.0889,0.2167,0.6488,REF083,0.3306,shortlist,,20260918T0133-7dd1a33,discover-1
c0391,29,27,7,10,0.1429,access_connectivity,0.704,0.0,0.3793,Project Components,0.0362,0.3784,0.7556,REF023,0.3854,shortlist,,20260918T0133-7dd1a33,discover-1
c0416,29,29,18,19,0.2714,dpi,0.9215,0.0,0.1724,"Technical, Economic, and Financial Analysis",0.0796,0.3627,0.6454,REF086,0.2022,shortlist,,20260918T0133-7dd1a33,discover-1
c0594,29,28,20,19,0.2714,dpi,0.961,0.0,0.4828,Implementation Arrangements and Support Plan,0.105,0.3674,0.7666,REF066,0.3721,shortlist,,20260918T0133-7dd1a33,discover-1
c0857,29,17,5,4,0.0571,data_hosting,0.9986,0.0,0.5862,PROJECT STATUS AND RATIONALE FOR RESTRUCTURING,0.0238,0.3034,0.694,REF036,0.4369,shortlist,,20260918T0133-7dd1a33,discover-1
c0873,29,29,24,20,0.2857,dpi,0.961,0.069,0.3103,Project Components,0.1232,0.3112,0.7494,REF030,0.2809,shortlist,,20260918T0133-7dd1a33,discover-1
c0877,29,29,17,18,0.2571,dpi,0.7284,0.0,0.0345,Project Components,0.0978,0.3634,0.8398,REF030,0.3677,shortlist,,20260918T0133-7dd1a33,discover-1
c0879,29,25,17,15,0.2143,dpi,0.5579,0.0,0.0,"Technical, Economic and Financial Analysis",0.0856,0.3241,0.7349,REF011,0.4091,shortlist,,20260918T0133-7dd1a33,discover-1
c0987,29,29,22,20,0.2857,access_connectivity,0.7184,0.0,0.2069,Project Components,0.118,0.3057,0.7828,REF045,0.3138,shortlist,,20260918T0133-7dd1a33,discover-1
c0999,29,27,9,12,0.1714,dpi,0.8764,0.0,0.4483,Project Components,0.0459,0.3878,0.7439,REF084,0.5054,shortlist,,20260918T0133-7dd1a33,discover-1
c1091,29,27,14,15,0.2143,access_connectivity,0.9232,0.0,0.5517,KEY RISKS,0.0765,0.2993,0.7979,REF046,0.3154,shortlist,,20260918T0133-7dd1a33,discover-1
c1179,29,27,23,19,0.2714,access_connectivity,0.9206,0.0,0.2759,PROJECT STATUS AND RATIONALE FOR RESTRUCTURING,0.1247,0.2137,0.7916,REF063,0.2949,shortlist,,20260918T0133-7dd1a33,discover-1
c1198,29,25,18,12,0.1714,,0.0,0.0,0.6207,DESCRIPTION OF PROPOSED CHANGES,0.0976,0.3151,0.7918,REF030,0.3362,junk,junk_section_share>=0.6,20260918T0133-7dd1a33,discover-1
c1239,29,28,20,19,0.2714,dpi,0.9212,0.0,0.931,Institutional and Implementation Arrangements,0.1073,0.1855,0.7831,REF086,0.2741,junk,junk_section_share>=0.6,20260918T0133-7dd1a33,discover-1
c1329,29,29,20,20,0.2857,dpi,0.8039,0.1034,0.4138,Fiduciary,0.1175,0.3138,0.8579,REF085,0.339,shortlist,,20260918T0133-7dd1a33,discover-1
c1457,29,25,10,10,0.1429,data_hosting,0.6736,0.0,0.0345,Project Components,0.051,0.3632,0.7444,REF036,0.5324,shortlist,,20260918T0133-7dd1a33,discover-1
c1461,29,25,18,18,0.2571,drm_ews,0.0,0.2759,0.931,Implementation Arrangements and Support Plan,0.0957,0.2314,0.7766,REF045,0.4348,junk,junk_section_share>=0.6,20260918T0133-7dd1a33,discover-1
c1511,29,22,17,16,0.2286,dpi,0.8869,0.0,0.3448,KEY RISKS,0.0808,0.3751,0.6937,REF083,0.3217,shortlist,,20260918T0133-7dd1a33,discover-1
c1639,29,29,21,20,0.2857,access_connectivity,0.0,0.0,1.0,Implementation Arrangements and Support Plan,0.1375,0.2699,0.956,REF009,0.3094,junk,junk_section_share>=0.6,20260918T0133-7dd1a33,discover-1
c1655,29,25,15,15,0.2143,dpi,0.0,0.0,0.8621,Implementation Arrangements and Support Plan,0.0725,0.3015,0.7055,REF066,0.3418,junk,junk_section_share>=0.6,20260918T0133-7dd1a33,discover-1
c1664,29,25,19,20,0.2857,,0.0,0.0,0.9655,Implementation Arrangements and Support Plan,0.1035,0.2602,0.7953,REF045,0.4019,junk,junk_section_share>=0.6,20260918T0133-7dd1a33,discover-1
c1701,29,27,18,18,0.2571,access_connectivity,0.9206,0.3448,0.1034,Project Components,0.0917,0.2234,0.7434,REF011,0.4899,shortlist,,20260918T0133-7dd1a33,discover-1
c1814,29,28,20,20,0.2857,dpi,0.8852,0.0,0.0345,Sectoral and Institutional Context,0.0896,0.257,0.6542,REF011,0.1751,shortlist,,20260918T0133-7dd1a33,discover-1
c1889,29,29,21,19,0.2714,cybersecurity,0.9089,0.0,0.1379,Project Components,0.1127,0.2602,0.7834,REF012,0.5271,shortlist,,20260918T0133-7dd1a33,discover-1
c1930,29,27,23,20,0.2857,dpi,0.8699,0.0,0.069,Sectoral and Institutional Context,0.1194,0.267,0.7576,REF079,0.4619,shortlist,,20260918T0133-7dd1a33,discover-1
c1971,29,29,21,15,0.2143,access_connectivity,0.0,0.0,0.3793,DETAILED CHANGE(S),0.1129,0.251,0.7848,REF056,0.4732,shortlist,,20260918T0133-7dd1a33,discover-1
c0024,28,28,28,21,0.3,drm_ews,0.0,1.0,0.0,DETAILED CHANGE(S),0.1918,0.2969,1.0,REF030,0.3195,shortlist,,20260918T0133-7dd1a33,discover-1
c0049,28,22,22,22,0.3143,,0.0,0.0,0.0,GRIEVANCE REDRESS SERVICES,0.1507,0.2191,1.0,REF041,0.198,shortlist,,20260918T0133-7dd1a33,discover-1
c0157,28,26,18,16,0.2286,access_connectivity,0.7755,0.0,0.7143,Implementation Arrangements and Support Plan,0.1026,0.2726,0.8324,REF024,0.2715,junk,junk_section_share>=0.6,20260918T0133-7dd1a33,discover-1
c0317,28,26,20,19,0.2714,access_connectivity,0.5436,0.0,0.5714,Environmental and Social,0.114,0.2362,0.8326,REF085,0.3405,shortlist,,20260918T0133-7dd1a33,discover-1
c0503,28,24,17,16,0.2286,dpi,0.8675,0.0,0.1071,Sectoral and Institutional Context,0.0876,0.4161,0.7521,REF061,0.3922,shortlist,,20260918T0133-7dd1a33,discover-1
c0522,28,28,21,22,0.3143,dpi,0.6803,0.0,0.1071,Project Components,0.0987,0.3829,0.6863,REF038,0.2977,shortlist,,20260918T0133-7dd1a33,discover-1
c0526,28,28,21,20,0.2857,dpi,0.8113,0.0,0.3571,Technical Design and Component Descriptions,0.1054,0.3929,0.7327,REF030,0.4024,shortlist,,20260918T0133-7dd1a33,discover-1
c0784,28,28,23,22,0.3143,dpi,0.8338,0.0,0.25,Project Components,0.1028,0.3189,0.6527,REF057,0.2041,shortlist,,20260918T0133-7dd1a33,discover-1
c0839,28,28,22,20,0.2857,access_connectivity,0.8027,0.0,0.1429,Detailed Project Description,0.0999,0.3122,0.6628,REF076,0.1727,shortlist,,20260918T0133-7dd1a33,discover-1
c0947,28,27,20,19,0.2714,dpi,0.8289,0.0,0.3214,Project Beneficiaries,0.1061,0.3129,0.7747,REF021,0.3142,shortlist,,20260918T0133-7dd1a33,discover-1
c0969,28,28,17,15,0.2143,access_connectivity,0.971,0.0,0.3929,Environmental and Social,0.0919,0.3289,0.7895,REF031,0.381,shortlist,,20260918T0133-7dd1a33,discover-1
c1172,28,20,13,13,0.1857,cybersecurity,0.7432,0.0,0.3571,Project Components,0.0643,0.2815,0.7219,REF009,0.471,shortlist,,20260918T0133-7dd1a33,discover-1
c1237,28,28,18,17,0.2429,access_connectivity,0.8044,0.0,0.1786,Project Components,0.0886,0.387,0.719,REF037,0.4557,shortlist,,20260918T0133-7dd1a33,discover-1
c1385,28,28,24,24,0.3429,dpi,0.6696,0.1071,0.3571,Project Beneficiaries,0.1247,0.2113,0.7583,REF005,0.4426,shortlist,,20260918T0133-7dd1a33,discover-1
c1425,28,27,23,24,0.3429,access_connectivity,0.65,0.0,0.7857,Environmental and Social,0.1167,0.3516,0.741,REF011,0.5677,junk,junk_section_share>=0.6,20260918T0133-7dd1a33,discover-1
c1478,28,28,24,19,0.2714,dpi,0.9183,0.0,0.75,Project Status,0.1239,0.299,0.7538,REF045,0.3794,junk,junk_section_share>=0.6,20260918T0133-7dd1a33,discover-1
c1484,28,27,21,20,0.2857,cybersecurity,0.0,0.0,0.8214,KEY RISKS,0.1073,0.3001,0.7459,REF045,0.428,junk,junk_section_share>=0.6,20260918T0133-7dd1a33,discover-1
c1539,28,25,20,19,0.2714,dpi,0.9183,0.0,0.9643,Implementation Arrangements and Support Plan,0.1056,0.2416,0.7711,REF045,0.4333,junk,junk_section_share>=0.6,20260918T0133-7dd1a33,discover-1
c1578,28,26,9,9,0.1286,dpi,0.4416,0.0,0.3571,Project Components,0.0431,0.2954,0.6999,REF069,0.4726,shortlist,,20260918T0133-7dd1a33,discover-1
c1707,28,26,19,22,0.3143,,0.0,0.0357,0.8929,Institutional and Implementation Arrangements,0.1009,0.2916,0.7757,REF053,0.3935,junk,junk_section_share>=0.6,20260918T0133-7dd1a33,discover-1
c1756,28,27,22,20,0.2857,,0.0,0.0,0.9286,Implementation Arrangements and Support Plan,0.12,0.2788,0.7965,REF085,0.3404,junk,junk_section_share>=0.6,20260918T0133-7dd1a33,discover-1
c1840,28,20,16,16,0.2286,dpi,0.9328,0.0,0.0357,Country Context,0.0823,0.2513,0.7509,REF085,0.3286,shortlist,,20260918T0133-7dd1a33,discover-1
c0021,27,27,21,22,0.3143,access_connectivity,0.912,0.0,0.4444,Fiduciary,0.1438,0.2216,1.0,REF057,0.1453,shortlist,,20260918T0133-7dd1a33,discover-1
c0022,27,27,14,14,0.2,drm_ews,0.8787,0.0,0.3704,Project Components,0.0959,0.2216,1.0,REF057,0.1453,shortlist,,20260918T0133-7dd1a33,discover-1
c0056,27,27,27,24,0.3429,,0.0,0.0,0.0,DETAILED CHANGE(S),0.1807,0.1822,0.9772,REF005,0.3041,shortlist,,20260918T0133-7dd1a33,discover-1
c0104,27,27,19,19,0.2714,dpi,0.8699,0.0,0.6667,Implementation Arrangements and Support Plan,0.1265,0.1586,0.9724,REF034,0.1723,junk,junk_section_share>=0.6,20260918T0133-7dd1a33,discover-1
c0230,27,27,22,22,0.3143,dpi,0.0,0.0,0.963,Implementation Arrangements and Support Plan,0.1259,0.2655,0.8352,REF030,0.358,junk,junk_section_share>=0.6,20260918T0133-7dd1a33,discover-1
c0302,27,24,18,21,0.3,access_connectivity,0.7642,0.0,0.0,Relevance to Higher Level Objectives,0.0986,0.211,0.7996,REF011,0.4597,shortlist,,20260918T0133-7dd1a33,discover-1
c0325,27,27,26,28,0.4,cybersecurity,0.8342,0.0,1.0,KEY RISKS,0.1591,0.3704,0.8936,REF030,0.357,junk,junk_section_share>=0.6,20260918T0133-7dd1a33,discover-1
c0342,27,27,20,16,0.2286,access_connectivity,0.8113,0.0741,0.8148,Implementation Arrangements and Support Plan,0.1106,0.3813,0.8077,REF030,0.4636,junk,junk_section_share>=0.6,20260918T0133-7dd1a33,discover-1
c0407,27,25,15,14,0.2,access_connectivity,0.8113,0.1852,0.0741,Project Components,0.0806,0.2399,0.7842,REF067,0.5467,shortlist,,20260918T0133-7dd1a33,discover-1
c0443,27,16,14,13,0.1857,dpi,0.6194,0.0,0.037,Technical and Economic Analysis,0.0738,0.321,0.7693,REF003,0.3082,shortlist,,20260918T0133-7dd1a33,discover-1
c0459,27,23,14,12,0.1714,access_connectivity,0.0,0.0741,0.1111,Project Components,0.0689,0.26,0.7186,REF059,0.5308,shortlist,,20260918T0133-7dd1a33,discover-1
c0604,27,26,20,20,0.2857,dpi,0.7744,0.0,0.4444,Implementation Arrangements and Support Plan,0.1098,0.3542,0.8015,REF079,0.3598,shortlist,,20260918T0133-7dd1a33,discover-1
c0672,27,27,12,11,0.1571,access_connectivity,0.9796,0.0,0.0,"Technical, Economic, and Financial Analysis",0.0686,0.2363,0.8342,REF030,0.3077,shortlist,,20260918T0133-7dd1a33,discover-1
c0748,27,26,20,20,0.2857,access_connectivity,0.9183,0.0,0.4815,Implementation Arrangements and Support Plan,0.1036,0.3909,0.7563,REF030,0.3811,shortlist,,20260918T0133-7dd1a33,discover-1
c0755,27,26,20,19,0.2714,dpi,0.7233,0.0,0.1852,Project Components,0.0958,0.3269,0.6993,REF030,0.341,shortlist,,20260918T0133-7dd1a33,discover-1
c0775,27,27,22,21,0.3,dpi,0.846,0.0,0.1481,Sectoral and Institutional Context,0.1223,0.3629,0.8113,REF025,0.2876,shortlist,,20260918T0133-7dd1a33,discover-1
c0828,27,25,23,22,0.3143,access_connectivity,0.6784,0.0,0.7407,Implementation Arrangements and Support Plan,0.1169,0.3003,0.7419,REF030,0.3218,junk,junk_section_share>=0.6,20260918T0133-7dd1a33,discover-1
c0908,27,27,10,9,0.1286,dpi,0.8043,0.0,0.0741,Project Components,0.0622,0.2609,0.9086,REF057,0.2746,shortlist,,20260918T0133-7dd1a33,discover-1
c0986,27,22,14,17,0.2429,dpi,0.7653,0.037,0.0,"Technical, Economic and Financial Analysis",0.0839,0.2689,0.8747,REF025,0.2152,shortlist,,20260918T0133-7dd1a33,discover-1
c0990,27,27,22,21,0.3,cybersecurity,0.9758,0.1481,0.1481,Project Components,0.1126,0.277,0.7475,REF056,0.3822,shortlist,,20260918T0133-7dd1a33,discover-1
c0996,27,25,20,19,0.2714,access_connectivity,0.5817,0.0741,0.037,Economic and Financial Analysis,0.1056,0.285,0.7712,REF085,0.3806,shortlist,,20260918T0133-7dd1a33,discover-1
c1010,27,27,22,21,0.3,access_connectivity,1.0,0.0,0.963,Implementation Arrangements and Support Plan,0.1233,0.2621,0.8184,REF009,0.4058,junk,junk_section_share>=0.6,20260918T0133-7dd1a33,discover-1
c1042,27,26,17,19,0.2714,dpi,0.676,0.037,0.0741,Project Components,0.091,0.2856,0.7814,REF021,0.5076,shortlist,,20260918T0133-7dd1a33,discover-1
c1044,27,22,19,23,0.3286,access_connectivity,0.7577,0.037,0.0,"Technical, Economic and Financial Analysis",0.101,0.4367,0.776,REF085,0.4221,shortlist,,20260918T0133-7dd1a33,discover-1
c1127,27,13,11,11,0.1571,,0.0,0.0,0.963,Implementation Arrangements and Support Plan,0.0587,0.2401,0.7795,REF030,0.3106,junk,junk_section_share>=0.6,20260918T0133-7dd1a33,discover-1
c1162,27,25,17,13,0.1857,access_connectivity,0.9206,0.0,0.5185,KEY RISKS,0.0901,0.2979,0.7734,REF017,0.3673,shortlist,,20260918T0133-7dd1a33,discover-1
c1171,27,18,16,15,0.2143,cybersecurity,0.0,0.0,0.0741,Project Components,0.083,0.2818,0.7574,REF063,0.504,shortlist,,20260918T0133-7dd1a33,discover-1
c1205,27,26,25,21,0.3,access_connectivity,0.9165,0.0,0.4074,Project Components,0.1574,0.2138,0.9192,REF053,0.213,shortlist,,20260918T0133-7dd1a33,discover-1
c1235,27,27,20,18,0.2571,access_connectivity,0.0,0.0741,0.8148,Environmental and Social,0.1089,0.3678,0.795,REF030,0.3086,junk,junk_section_share>=0.6,20260918T0133-7dd1a33,discover-1
c1300,27,20,17,16,0.2286,access_connectivity,0.0,0.4815,0.7407,Results Monitoring and Evaluation Arrangements,0.0925,0.3055,0.794,REF021,0.5125,junk,junk_section_share>=0.6,20260918T0133-7dd1a33,discover-1
c1337,27,18,9,9,0.1286,,0.0,0.2963,1.0,Implementation Arrangements and Support Plan,0.0509,0.2533,0.8256,REF005,0.348,junk,junk_section_share>=0.6,20260918T0133-7dd1a33,discover-1
c1481,27,22,14,13,0.1857,dpi,0.9049,0.037,0.1481,Project Components,0.0756,0.2543,0.788,REF079,0.4664,shortlist,,20260918T0133-7dd1a33,discover-1
c1609,27,24,12,14,0.2,dpi,0.7618,0.0,0.2222,Sectoral and Institutional Context,0.0525,0.3023,0.6392,REF088,0.3603,shortlist,,20260918T0133-7dd1a33,discover-1
c1624,27,22,19,17,0.2429,,0.0,0.1111,0.9259,Implementation Arrangements and Support Plan,0.1022,0.3338,0.7852,REF085,0.3645,junk,junk_section_share>=0.6,20260918T0133-7dd1a33,discover-1
c1638,27,27,25,25,0.3571,,0.0,0.037,1.0,Fiduciary,0.1557,0.2409,0.909,REF045,0.4317,junk,junk_section_share>=0.6,20260918T0133-7dd1a33,discover-1
c1643,27,26,25,25,0.3571,cybersecurity,1.0,0.0,0.963,Implementation Arrangements and Support Plan,0.1474,0.2385,0.8611,REF030,0.3657,junk,junk_section_share>=0.6,20260918T0133-7dd1a33,discover-1
c1645,27,26,19,21,0.3,,0.0,0.0,1.0,Fiduciary,0.1067,0.3051,0.8198,REF085,0.3414,junk,junk_section_share>=0.6,20260918T0133-7dd1a33,discover-1
c1666,27,27,21,17,0.2429,dpi,0.7897,0.0,0.8889,Implementation Arrangements and Support Plan,0.1145,0.2721,0.7962,REF005,0.3518,junk,junk_section_share>=0.6,20260918T0133-7dd1a33,discover-1
c1735,27,27,19,17,0.2429,dpi,0.8113,0.0,0.7407,Implementation Arrangements and Support Plan,0.0985,0.2862,0.757,REF045,0.4689,junk,junk_section_share>=0.6,20260918T0133-7dd1a33,discover-1
c1809,27,26,18,20,0.2857,access_connectivity,0.3373,0.1852,0.2222,Project Beneficiaries,0.0907,0.2622,0.7354,REF061,0.618,shortlist,,20260918T0133-7dd1a33,discover-1
c1864,27,23,18,19,0.2714,access_connectivity,0.714,0.037,0.0,Project Components,0.0906,0.3202,0.7346,REF043,0.497,shortlist,,20260918T0133-7dd1a33,discover-1
c1898,27,20,15,17,0.2429,access_connectivity,0.822,0.0,0.0,Project Components,0.0763,0.2957,0.7426,REF046,0.5186,shortlist,,20260918T0133-7dd1a33,discover-1
c1929,27,27,20,19,0.2714,dpi,0.8892,0.0,0.037,"Technical, Economic and Financial Analysis",0.118,0.2262,0.8614,REF067,0.4638,shortlist,,20260918T0133-7dd1a33,discover-1
c1936,27,27,19,19,0.2714,dpi,0.7985,0.0,0.0,Project Components,0.1073,0.3156,0.8248,REF061,0.493,shortlist,,20260918T0133-7dd1a33,discover-1
c1978,27,23,20,19,0.2714,access_connectivity,0.9957,0.1111,0.037,Relevance to Higher Level Objectives,0.1116,0.226,0.8144,REF056,0.4769,shortlist,,20260918T0133-7dd1a33,discover-1
c0017,26,26,14,13,0.1857,dpi,0.7633,0.0,0.1154,Project Components,0.0959,0.1623,1.0,REF027,0.1532,shortlist,,20260918T0133-7dd1a33,discover-1
c0079,26,26,8,8,0.1143,dpi,0.9687,0.0,0.3462,Detailed Project Description,0.0526,0.2051,0.9605,REF034,0.1391,shortlist,,20260918T0133-7dd1a33,discover-1
c0148,26,26,18,20,0.2857,cybersecurity,0.9183,0.0,0.6923,Implementation Arrangements and Support Plan,0.1002,0.2975,0.8131,REF063,0.2896,junk,junk_section_share>=0.6,20260918T0133-7dd1a33,discover-1
c0172,26,26,23,22,0.3143,dpi,0.7323,0.0,0.3846,Project Components,0.1346,0.2685,0.8544,REF086,0.2714,shortlist,,20260918T0133-7dd1a33,discover-1
c0213,26,23,8,7,0.1,data_hosting,0.9947,0.0,0.0769,Project Implementation Status,0.0416,0.2801,0.7594,REF036,0.4779,shortlist,,20260918T0133-7dd1a33,discover-1
c0501,26,18,11,11,0.1571,dpi,0.7128,0.0,0.1154,Sectoral and Institutional Context,0.0576,0.1397,0.7647,REF006,0.4287,shortlist,,20260918T0133-7dd1a33,discover-1
c0542,26,25,14,12,0.1714,dpi,0.7224,0.0,0.0,Technical and Economic Analysis,0.0736,0.2457,0.7679,REF029,0.3017,shortlist,,20260918T0133-7dd1a33,discover-1
c0667,26,26,14,14,0.2,dpi,0.5591,0.0,0.0769,Project Components,0.0707,0.2432,0.7374,REF001,0.5897,shortlist,,20260918T0133-7dd1a33,discover-1
c0720,26,26,19,17,0.2429,drm_ews,0.9409,0.0385,0.1538,Project Components,0.0884,0.3447,0.6794,REF027,0.3956,shortlist,,20260918T0133-7dd1a33,discover-1
c0766,26,26,21,21,0.3,dpi,0.9151,0.0,0.3077,Project Components,0.1058,0.3013,0.7359,REF060,0.2715,shortlist,,20260918T0133-7dd1a33,discover-1
c0769,26,25,15,13,0.1857,access_connectivity,1.0,0.0,0.4231,DESCRIPTION OF PROPOSED CHANGES,0.0865,0.2537,0.8415,REF030,0.3005,shortlist,,20260918T0133-7dd1a33,discover-1
c0799,26,26,17,15,0.2143,access_connectivity,0.9206,0.0,0.6923,Implementation Arrangements and Support Plan,0.0897,0.2795,0.7706,REF030,0.3136,junk,junk_section_share>=0.6,20260918T0133-7dd1a33,discover-1
c0940,26,24,15,14,0.2,dpi,0.875,0.0,0.1538,Project Components,0.0765,0.3249,0.745,REF067,0.5245,shortlist,,20260918T0133-7dd1a33,discover-1
c1067,26,22,20,15,0.2143,access_connectivity,0.8113,0.1923,0.2692,Environmental and Social,0.1054,0.2703,0.7695,REF030,0.386,shortlist,,20260918T0133-7dd1a33,discover-1
c1096,26,25,18,15,0.2143,drm_ews,1.0,0.0,0.1154,Project Components,0.0936,0.2938,0.759,REF067,0.2672,shortlist,,20260918T0133-7dd1a33,discover-1
c1115,26,26,8,8,0.1143,cybersecurity,0.9387,0.0,0.0,Project Components,0.0508,0.2561,0.9266,REF006,0.3361,shortlist,,20260918T0133-7dd1a33,discover-1
c1116,26,26,19,19,0.2714,,0.0,0.0,1.0,Implementation Arrangements and Support Plan,0.1167,0.2371,0.8969,REF045,0.3988,junk,junk_section_share>=0.6,20260918T0133-7dd1a33,discover-1
c1124,26,24,12,15,0.2143,data_hosting,0.8174,0.0769,0.0,"Technical, Economic and Financial Analysis",0.0607,0.5424,0.7381,REF051,0.7752,shortlist,,20260918T0133-7dd1a33,discover-1
c1164,26,26,18,18,0.2571,dpi,0.7665,0.0,0.0769,Project Components,0.0931,0.306,0.755,REF064,0.644,shortlist,,20260918T0133-7dd1a33,discover-1
c1174,26,26,23,21,0.3,access_connectivity,0.8359,0.0,0.1923,Project Components,0.1203,0.3362,0.7639,REF046,0.4433,shortlist,,20260918T0133-7dd1a33,discover-1
c1262,26,26,25,23,0.3286,access_connectivity,0.9183,0.0,0.7692,Implementation Arrangements and Support Plan,0.1293,0.3121,0.7549,REF045,0.3753,junk,junk_section_share>=0.6,20260918T0133-7dd1a33,discover-1
c1266,26,24,14,13,0.1857,dpi,0.6208,0.0,0.0769,Project Components,0.0759,0.2839,0.7913,REF036,0.4645,shortlist,,20260918T0133-7dd1a33,discover-1
c1289,26,25,20,23,0.3286,access_connectivity,0.5762,0.4615,0.4231,As part of the Procurement Risk Assessment Management System (PRAMS) exercise carried out,0.1022,0.339,0.746,REF037,0.3457,shortlist,,20260918T0133-7dd1a33,discover-1
c1322,26,25,23,26,0.3714,,0.0,0.2692,0.6154,Results Monitoring and Evaluation Arrangements,0.1254,0.2577,0.7959,REF085,0.4059,junk,junk_section_share>=0.6,20260918T0133-7dd1a33,discover-1
c1360,26,26,19,15,0.2143,drm_ews,1.0,0.0,0.6154,Institutional and Implementation Arrangements,0.1117,0.3215,0.8585,REF053,0.351,junk,junk_section_share>=0.6,20260918T0133-7dd1a33,discover-1
c1491,26,24,21,22,0.3143,,0.0,0.1154,1.0,Implementation Arrangements and Support Plan,0.1196,0.2026,0.8315,REF045,0.3861,junk,junk_section_share>=0.6,20260918T0133-7dd1a33,discover-1
c1642,26,25,21,21,0.3,,0.0,0.0,0.9231,Implementation Arrangements and Support Plan,0.1124,0.2736,0.7812,REF085,0.4121,junk,junk_section_share>=0.6,20260918T0133-7dd1a33,discover-1
c1682,26,20,16,15,0.2143,access_connectivity,0.7744,0.0,0.0385,Sectoral and Institutional Context,0.082,0.1495,0.7482,REF011,0.3033,shortlist,,20260918T0133-7dd1a33,discover-1
c1818,26,10,5,4,0.0571,dpi,0.8101,0.0,0.1154,Country Context,0.0249,0.3007,0.7278,REF054,0.2136,shortlist,,20260918T0133-7dd1a33,discover-1
c1859,26,17,15,12,0.1714,cybersecurity,0.8509,0.0,0.0769,Corporate Commitments,0.0846,0.2627,0.8238,REF011,0.5487,shortlist,,20260918T0133-7dd1a33,discover-1
c1961,26,19,4,2,0.0286,access_connectivity,0.0,0.0,0.0769,Proposed Changes,0.0224,0.2381,0.8158,REF053,0.432,junk,n_projects<3,20260918T0133-7dd1a33,discover-1
c1962,26,26,20,13,0.1857,access_connectivity,1.0,0.0,0.5,PROJECT STATUS AND RATIONALE FOR RESTRUCTURING,0.106,0.2278,0.7742,REF005,0.4497,shortlist,,20260918T0133-7dd1a33,discover-1
c2008,26,26,16,12,0.1714,access_connectivity,0.6777,0.0,0.2692,RESULTS FRAMEWORK AND MONITORING,0.1019,0.2496,0.9303,REF061,0.4519,shortlist,,20260918T0133-7dd1a33,discover-1
c0019,25,25,18,17,0.2429,access_connectivity,0.9338,0.0,0.32,Project Components,0.1233,0.2216,1.0,REF057,0.1453,shortlist,,20260918T0133-7dd1a33,discover-1
c0038,25,25,25,29,0.4143,,0.0,0.0,0.0,GRIEVANCE REDRESS SERVICES,0.1706,0.2813,0.9963,REF005,0.3165,shortlist,,20260918T0133-7dd1a33,discover-1
c0197,25,24,24,17,0.2429,dpi,0.971,0.0,0.48,Project Status,0.1349,0.2592,0.8207,REF045,0.3459,shortlist,,20260918T0133-7dd1a33,discover-1
c0207,25,23,20,20,0.2857,,0.0,0.24,0.8,Implementation Arrangements and Support Plan,0.1071,0.2853,0.7818,REF085,0.31,junk,junk_section_share>=0.6,20260918T0133-7dd1a33,discover-1
c0212,25,24,14,9,0.1286,dpi,0.4262,0.0,0.24,Project Components,0.0769,0.2347,0.8019,REF005,0.5658,shortlist,,20260918T0133-7dd1a33,discover-1
c0278,25,25,18,18,0.2571,dpi,0.9212,0.0,0.28,Results Monitoring and Evaluation Arrangements,0.0921,0.2752,0.7473,REF030,0.4062,shortlist,,20260918T0133-7dd1a33,discover-1
c0282,25,25,20,16,0.2286,dpi,0.969,0.0,0.88,DESCRIPTION OF PROPOSED CHANGES,0.1004,0.3064,0.7329,REF030,0.3468,junk,junk_section_share>=0.6,20260918T0133-7dd1a33,discover-1
c0291,25,24,14,17,0.2429,dpi,0.8066,0.0,0.04,Sectoral and Institutional Context,0.0902,0.1712,0.9409,REF003,0.1907,shortlist,,20260918T0133-7dd1a33,discover-1
c0356,25,23,16,14,0.2,access_connectivity,0.5817,0.0,0.76,Environmental and Social,0.0792,0.5002,0.7226,REF030,0.349,junk,junk_section_share>=0.6,20260918T0133-7dd1a33,discover-1
c0361,25,24,16,17,0.2429,access_connectivity,0.0,0.0,0.76,Environmental and Social,0.0838,0.5567,0.7646,REF008,0.3751,junk,junk_section_share>=0.6,20260918T0133-7dd1a33,discover-1
c0412,25,25,19,20,0.2857,cybersecurity,0.8292,0.0,0.2,Project Components,0.0977,0.2798,0.7506,REF045,0.2782,shortlist,,20260918T0133-7dd1a33,discover-1
c0427,25,21,19,17,0.2429,drm_ews,1.0,0.0,0.72,Results Monitoring and Evaluation Arrangements,0.1037,0.3296,0.7968,REF030,0.2653,junk,junk_section_share>=0.6,20260918T0133-7dd1a33,discover-1
c0442,25,24,19,18,0.2571,access_connectivity,0.8635,0.0,0.2,Project Components,0.0938,0.3549,0.7211,REF089,0.3494,shortlist,,20260918T0133-7dd1a33,discover-1
c0657,25,25,20,18,0.2571,dpi,0.8194,0.0,0.44,KEY RISKS,0.1045,0.3743,0.7629,REF050,0.3188,shortlist,,20260918T0133-7dd1a33,discover-1
c0683,25,25,22,23,0.3286,cybersecurity,1.0,0.0,0.96,KEY RISKS,0.1303,0.363,0.8647,REF030,0.3359,junk,junk_section_share>=0.6,20260918T0133-7dd1a33,discover-1
c0765,25,24,20,15,0.2143,cybersecurity,0.961,0.04,0.6,Implementation Arrangements and Support Plan,0.1079,0.316,0.7878,REF086,0.358,junk,junk_section_share>=0.6,20260918T0133-7dd1a33,discover-1
c0827,25,25,20,15,0.2143,dpi,0.9139,0.0,0.6,DESCRIPTION OF PROPOSED CHANGES,0.0855,0.3971,0.6245,REF075,0.2256,junk,junk_section_share>=0.6,20260918T0133-7dd1a33,discover-1
c0982,25,25,23,22,0.3143,access_connectivity,0.8587,0.0,0.32,Project Components,0.1261,0.3308,0.8007,REF053,0.3797,shortlist,,20260918T0133-7dd1a33,discover-1
c1011,25,25,18,16,0.2286,cybersecurity,0.0,0.76,1.0,Fiduciary,0.1141,0.2155,0.9251,REF009,0.3717,junk,junk_section_share>=0.6,20260918T0133-7dd1a33,discover-1
c1056,25,24,20,17,0.2429,access_connectivity,0.9457,0.0,0.04,"Technical, Economic and Financial Analysis",0.103,0.3676,0.752,REF006,0.3339,shortlist,,20260918T0133-7dd1a33,discover-1
c1078,25,25,20,21,0.3,access_connectivity,0.8322,0.0,0.24,KEY RISKS,0.1173,0.3236,0.8566,REF043,0.3686,shortlist,,20260918T0133-7dd1a33,discover-1
c1139,25,25,22,16,0.2286,dpi,0.9922,0.0,0.4,Project Status,0.1149,0.3347,0.7626,REF036,0.3012,shortlist,,20260918T0133-7dd1a33,discover-1
c1160,25,24,14,12,0.1714,dpi,0.7983,0.0,0.0,Project Components,0.0686,0.2737,0.7151,REF064,0.5817,shortlist,,20260918T0133-7dd1a33,discover-1
c1196,25,21,2,2,0.0286,dpi,0.6595,0.0,0.28,Timelines and Additional Details of Project Activities,0.0104,0.2527,0.7597,REF068,0.3522,junk,n_projects<3,20260918T0133-7dd1a33,discover-1
c1234,25,23,16,11,0.1571,dpi,0.971,0.12,0.6,PROJECT STATUS AND RATIONALE FOR RESTRUCTURING,0.0803,0.3561,0.7325,REF030,0.2963,junk,junk_section_share>=0.6,20260918T0133-7dd1a33,discover-1
c1252,25,22,15,17,0.2429,,0.0,0.08,0.92,Implementation Arrangements and Support Plan,0.0839,0.2303,0.8164,REF085,0.3019,junk,junk_section_share>=0.6,20260918T0133-7dd1a33,discover-1
c1365,25,25,16,14,0.2,cybersecurity,1.0,0.08,0.6,Implementation Arrangements and Support Plan,0.0855,0.2567,0.7803,REF045,0.4374,junk,junk_section_share>=0.6,20260918T0133-7dd1a33,discover-1
c1376,25,25,19,18,0.2571,access_connectivity,0.8614,0.04,0.76,Implementation Arrangements and Support Plan,0.1206,0.2554,0.9264,REF030,0.2246,junk,junk_section_share>=0.6,20260918T0133-7dd1a33,discover-1
c1521,25,25,5,4,0.0571,submarine_cable,0.0,0.0,0.32,DETAILED CHANGE(S),0.0269,0.1544,0.7859,REF005,0.2288,shortlist,,20260918T0133-7dd1a33,discover-1
c1620,25,25,17,19,0.2714,dpi,0.9112,0.0,0.16,Lessons Learned and Reflected in the Project Design,0.0907,0.2832,0.7792,REF005,0.3312,shortlist,,20260918T0133-7dd1a33,discover-1
c1651,25,25,20,17,0.2429,access_connectivity,0.0,0.0,1.0,Implementation Arrangements and Support Plan,0.1186,0.3139,0.8661,REF009,0.3358,junk,junk_section_share>=0.6,20260918T0133-7dd1a33,discover-1
c1683,25,24,21,16,0.2286,access_connectivity,0.971,0.24,0.48,Project Components,0.1123,0.247,0.7805,REF086,0.3846,shortlist,,20260918T0133-7dd1a33,discover-1
c1686,25,23,12,11,0.1571,dpi,0.7973,0.0,0.2,Sectoral and Institutional Context,0.0582,0.2728,0.7081,REF068,0.5441,shortlist,,20260918T0133-7dd1a33,discover-1
c1689,25,24,22,23,0.3286,access_connectivity,0.9432,0.0,0.08,Project Beneficiaries,0.1228,0.2545,0.8151,REF011,0.4994,shortlist,,20260918T0133-7dd1a33,discover-1
c1792,25,21,16,15,0.2143,dpi,1.0,0.04,0.88,Implementation Arrangements and Support Plan,0.0784,0.2066,0.7154,REF066,0.3613,junk,junk_section_share>=0.6,20260918T0133-7dd1a33,discover-1
c1794,25,24,19,17,0.2429,dpi,1.0,0.0,0.88,Implementation Arrangements and Support Plan,0.0957,0.3367,0.7357,REF066,0.3698,junk,junk_section_share>=0.6,20260918T0133-7dd1a33,discover-1
c0015,24,23,18,17,0.2429,access_connectivity,0.9115,0.0,0.2917,Project Components,0.1233,0.2216,1.0,REF057,0.1453,shortlist,,20260918T0133-7dd1a33,discover-1
c0032,24,24,19,19,0.2714,access_connectivity,0.9269,0.0,0.25,Project Components,0.1301,0.1757,1.0,REF027,0.1638,shortlist,,20260918T0133-7dd1a33,discover-1
c0058,24,24,15,15,0.2143,cybersecurity,0.9312,0.0,0.2083,Project Components,0.1017,0.2026,0.9902,REF027,0.1593,shortlist,,20260918T0133-7dd1a33,discover-1
c0075,24,24,24,22,0.3143,dpi,0.8635,0.0,0.3333,Institutional and Implementation Arrangements,0.1589,0.2579,0.9668,REF027,0.2551,shortlist,,20260918T0133-7dd1a33,discover-1
c0156,24,24,24,24,0.3429,access_connectivity,0.0,0.0,0.0417,DETAILED CHANGE(S),0.1492,0.2281,0.9078,REF085,0.3625,shortlist,,20260918T0133-7dd1a33,discover-1
c0177,24,24,22,22,0.3143,access_connectivity,0.9056,0.0,0.1667,Project Beneficiaries,0.1418,0.0884,0.9411,REF011,0.2867,shortlist,,20260918T0133-7dd1a33,discover-1
c0180,24,24,19,18,0.2571,dpi,1.0,0.0,0.7083,Implementation Arrangements and Support Plan,0.1003,0.3456,0.7704,REF030,0.319,junk,junk_section_share>=0.6,20260918T0133-7dd1a33,discover-1
c0269,24,24,15,13,0.1857,access_connectivity,0.0,0.0,0.5833,RESULTS FRAMEWORK AND MONITORING,0.0793,0.2719,0.7721,REF089,0.3767,shortlist,,20260918T0133-7dd1a33,discover-1
c0286,24,24,20,19,0.2714,,0.0,0.0,0.9167,Implementation Arrangements and Support Plan,0.1009,0.3466,0.7367,REF029,0.3758,junk,junk_section_share>=0.6,20260918T0133-7dd1a33,discover-1
c0295,24,23,13,15,0.2143,access_connectivity,0.9464,0.0,0.375,Implementation Arrangements and Support Plan,0.0605,0.3164,0.6791,REF023,0.3244,shortlist,,20260918T0133-7dd1a33,discover-1
c0314,24,24,18,16,0.2286,drm_ews,0.9285,0.0,0.1667,Relevance to Higher Level Objectives,0.0966,0.552,0.7835,REF030,0.4154,shortlist,,20260918T0133-7dd1a33,discover-1
c0434,24,24,19,17,0.2429,dpi,0.9939,0.0,0.1667,Project Components,0.1107,0.3198,0.8503,REF027,0.2281,shortlist,,20260918T0133-7dd1a33,discover-1
c0456,24,24,7,7,0.1,access_connectivity,0.4941,0.0,0.0417,Detailed Project Description,0.0433,0.2779,0.9028,REF053,0.36,shortlist,,20260918T0133-7dd1a33,discover-1
c0463,24,24,17,16,0.2286,,0.0,0.0417,0.5417,DETAILED CHANGE(S),0.0927,0.253,0.7962,REF045,0.3372,shortlist,,20260918T0133-7dd1a33,discover-1
c0487,24,24,18,17,0.2429,access_connectivity,0.4879,0.0,0.5833,Lessons Learned and Reflected in the Project Design,0.1039,0.2168,0.8429,REF059,0.3212,shortlist,,20260918T0133-7dd1a33,discover-1
c0528,24,24,22,22,0.3143,dpi,0.7855,0.0,0.3333,Project Components,0.1114,0.3254,0.7395,REF036,0.3132,shortlist,,20260918T0133-7dd1a33,discover-1
c0577,24,23,14,12,0.1714,,0.0,0.0,0.8333,Implementation Arrangements and Support Plan,0.0726,0.3071,0.7573,REF001,0.294,junk,junk_section_share>=0.6,20260918T0133-7dd1a33,discover-1
c0603,24,24,16,16,0.2286,,0.0,0.0,0.3333,Project Components,0.0869,0.3043,0.7929,REF089,0.3859,shortlist,,20260918T0133-7dd1a33,discover-1
c0652,24,24,21,18,0.2571,access_connectivity,0.8289,0.0,0.4583,Project Status,0.1149,0.3377,0.7991,REF030,0.3577,shortlist,,20260918T0133-7dd1a33,discover-1
c0682,24,24,11,10,0.1429,dpi,0.9751,0.0,0.0,"Detailed changes in activities and funds allocation, by component (in US$m)",0.0585,0.2343,0.7761,REF036,0.4187,shortlist,,20260918T0133-7dd1a33,discover-1
c0705,24,24,19,18,0.2571,dpi,0.8682,0.0,0.0,Project Components,0.0969,0.3374,0.7444,REF076,0.3033,shortlist,,20260918T0133-7dd1a33,discover-1
c0788,24,22,14,9,0.1286,dpi,0.85,0.5417,0.125,Project Components,0.0748,0.2796,0.7797,REF064,0.5404,shortlist,,20260918T0133-7dd1a33,discover-1
c0797,24,24,18,17,0.2429,access_connectivity,0.948,0.0,0.375,Project Components,0.0714,0.4287,0.5794,REF061,0.2243,shortlist,,20260918T0133-7dd1a33,discover-1
c0866,24,23,17,16,0.2286,access_connectivity,0.7867,0.0,0.125,Relevance to Higher Level Objectives,0.0859,0.2828,0.7379,REF067,0.4054,shortlist,,20260918T0133-7dd1a33,discover-1
c0892,24,20,11,11,0.1571,access_connectivity,0.7996,0.0,0.0,Technical and Economic Analysis,0.0569,0.2317,0.7558,REF006,0.2969,shortlist,,20260918T0133-7dd1a33,discover-1
c0896,24,19,6,5,0.0714,drm_ews,0.9183,0.1667,0.0833,Project Components,0.0306,0.3025,0.7437,REF056,0.5953,shortlist,,20260918T0133-7dd1a33,discover-1
c0935,24,24,16,16,0.2286,access_connectivity,0.0,0.0417,0.1667,"Technical, Economic and Financial Analysis",0.0876,0.3262,0.7991,REF085,0.4522,shortlist,,20260918T0133-7dd1a33,discover-1
c0980,24,14,2,1,0.0143,access_connectivity,0.7456,0.0,0.4167,Project Components,0.0105,0.2376,0.7642,REF045,0.3196,junk,n_projects<3,20260918T0133-7dd1a33,discover-1
c1107,24,23,14,13,0.1857,cybersecurity,0.9259,0.0,0.4583,Project Components,0.0764,0.3,0.7967,REF043,0.4569,shortlist,,20260918T0133-7dd1a33,discover-1
c1224,24,21,17,15,0.2143,cybersecurity,0.9136,0.0,0.2083,Project Components,0.0863,0.3404,0.7415,REF047,0.5646,shortlist,,20260918T0133-7dd1a33,discover-1
c1242,24,24,23,17,0.2429,,0.0,0.0,0.3333,PROJECT STATUS AND RATIONALE FOR RESTRUCTURING,0.1266,0.2766,0.8039,REF027,0.3954,shortlist,,20260918T0133-7dd1a33,discover-1
c1253,24,24,19,18,0.2571,access_connectivity,0.6386,0.5833,0.4167,Environmental and Social,0.1054,0.2469,0.8102,REF056,0.4842,shortlist,,20260918T0133-7dd1a33,discover-1
c1311,24,23,17,13,0.1857,drm_ews,0.7161,0.0417,0.0833,Project Components,0.093,0.3009,0.7989,REF085,0.3075,shortlist,,20260918T0133-7dd1a33,discover-1
c1351,24,16,12,10,0.1429,drm_ews,0.6328,0.0,0.1667,PROJECT STATUS AND RATIONALE FOR RESTRUCTURING,0.055,0.5776,0.6686,REF089,0.3725,shortlist,,20260918T0133-7dd1a33,discover-1
c1392,24,24,22,22,0.3143,access_connectivity,0.6567,0.0417,0.75,Lessons Learned and Reflected in the Project Design,0.1242,0.287,0.8242,REF027,0.3645,junk,junk_section_share>=0.6,20260918T0133-7dd1a33,discover-1
c1462,24,19,15,16,0.2286,access_connectivity,0.8243,0.0,0.0833,Project Components,0.0748,0.4027,0.728,REF035,0.6106,shortlist,,20260918T0133-7dd1a33,discover-1
c1531,24,18,16,17,0.2429,,0.0,0.7917,1.0,Implementation Arrangements and Support Plan,0.0832,0.2158,0.7587,REF085,0.4062,junk,junk_section_share>=0.6,20260918T0133-7dd1a33,discover-1
c1580,24,24,20,22,0.3143,drm_ews,0.7101,0.0,0.0417,Relevance to Higher Level Objectives,0.1119,0.6253,0.8167,REF041,0.6136,shortlist,,20260918T0133-7dd1a33,discover-1
c1765,24,23,10,9,0.1286,dpi,0.5033,0.0,0.0833,Development Impact,0.0519,0.2124,0.7572,REF005,0.5509,shortlist,,20260918T0133-7dd1a33,discover-1
c1771,24,15,5,5,0.0714,access_connectivity,0.7144,0.0,0.0,Country Context,0.026,0.2235,0.76,REF087,0.4305,shortlist,,20260918T0133-7dd1a33,discover-1
c1802,24,24,23,20,0.2857,cybersecurity,0.0,0.0,0.9583,Implementation Arrangements and Support Plan,0.128,0.1896,0.8124,REF066,0.28,junk,junk_section_share>=0.6,20260918T0133-7dd1a33,discover-1
c1813,24,23,21,24,0.3429,drm_ews,0.895,0.0,0.375,Country Context,0.098,0.3973,0.681,REF071,0.3067,shortlist,,20260918T0133-7dd1a33,discover-1
c1920,24,24,17,16,0.2286,access_connectivity,0.4218,0.1667,0.125,Project Components,0.0888,0.2724,0.7629,REF043,0.5654,shortlist,,20260918T0133-7dd1a33,discover-1
c1931,24,19,4,2,0.0286,mobile_towers,0.9528,0.125,0.2917,"Technical, Economic and Financial Analysis",0.021,0.1804,0.7681,REF043,0.437,junk,n_projects<3,20260918T0133-7dd1a33,discover-1
c1993,24,24,16,16,0.2286,access_connectivity,0.8319,0.0417,0.0833,Sectoral and Institutional Context,0.0746,0.3419,0.6805,REF046,0.6339,shortlist,,20260918T0133-7dd1a33,discover-1
c0037,23,23,23,22,0.3143,,0.0,0.0,0.0,GRIEVANCE REDRESS SERVICES,0.1534,0.2805,0.9736,REF031,0.322,shortlist,,20260918T0133-7dd1a33,discover-1
c0039,23,23,23,21,0.3,,0.0,0.0,0.0435,GRIEVANCE REDRESS SERVICES,0.1526,0.2934,0.9686,REF030,0.2895,shortlist,,20260918T0133-7dd1a33,discover-1
c0052,23,23,23,21,0.3,,0.0,0.0,0.0,GRIEVANCE REDRESS SERVICES,0.156,0.2274,0.9902,REF031,0.2538,shortlist,,20260918T0133-7dd1a33,discover-1
c0092,23,20,11,10,0.1429,access_connectivity,0.971,0.0,0.1304,Project Development Objective,0.0684,0.1416,0.9079,REF068,0.2422,shortlist,,20260918T0133-7dd1a33,discover-1
c0195,23,23,18,15,0.2143,dpi,0.8622,0.0,0.3043,Sectoral and Institutional Context,0.0935,0.3028,0.7583,REF031,0.3391,shortlist,,20260918T0133-7dd1a33,discover-1
c0214,23,22,7,10,0.1429,access_connectivity,0.0,0.0435,0.0435,Multiphase Programmatic Approach,0.0352,0.2735,0.7344,REF030,0.3291,shortlist,,20260918T0133-7dd1a33,discover-1
c0261,23,23,9,9,0.1286,cybersecurity,1.0,0.0,0.1304,DETAILED CHANGE(S),0.0519,0.2211,0.8417,REF030,0.3048,shortlist,,20260918T0133-7dd1a33,discover-1
c0411,23,22,17,12,0.1714,mobile_towers,0.9338,0.0,0.3478,DETAILED CHANGE(S),0.0709,0.2665,0.609,REF075,0.187,shortlist,,20260918T0133-7dd1a33,discover-1
c0415,23,23,20,20,0.2857,cybersecurity,0.963,0.0,0.4348,Fiduciary,0.1145,0.2702,0.8357,REF022,0.3021,shortlist,,20260918T0133-7dd1a33,discover-1
c0466,23,22,17,20,0.2857,access_connectivity,0.9464,0.0,0.7391,Implementation Arrangements and Support Plan,0.0843,0.3414,0.7238,REF030,0.4135,junk,junk_section_share>=0.6,20260918T0133-7dd1a33,discover-1
c0512,23,22,17,19,0.2714,cybersecurity,0.9022,0.0,0.2174,Project Components,0.1025,0.2641,0.8801,REF086,0.2732,shortlist,,20260918T0133-7dd1a33,discover-1
c0513,23,23,18,18,0.2571,dpi,0.9796,0.0,0.2174,Implementation Arrangements and Support Plan,0.091,0.3228,0.7384,REF036,0.3093,shortlist,,20260918T0133-7dd1a33,discover-1
c0537,23,12,4,4,0.0571,dpi,0.0,0.0,0.0435,APPRAISAL SUMMARY,0.02,0.1981,0.73,REF008,0.3356,shortlist,,20260918T0133-7dd1a33,discover-1
c0695,23,20,15,15,0.2143,cybersecurity,0.9091,0.0,0.0,"Technical, Economic and Financial Analysis",0.0709,0.3082,0.6898,REF030,0.3476,shortlist,,20260918T0133-7dd1a33,discover-1
c0712,23,23,19,18,0.2571,access_connectivity,0.6446,0.0,0.0435,Project Components,0.1268,0.2606,0.9743,REF030,0.3406,shortlist,,20260918T0133-7dd1a33,discover-1
c0792,23,21,8,6,0.0857,dpi,0.9183,0.0,0.5217,DESCRIPTION OF PROPOSED CHANGES,0.0414,0.4286,0.7553,REF029,0.3304,shortlist,,20260918T0133-7dd1a33,discover-1
c0824,23,23,21,20,0.2857,cybersecurity,0.9591,0.0,0.3913,Project Components,0.1112,0.3128,0.7732,REF061,0.2356,shortlist,,20260918T0133-7dd1a33,discover-1
c0852,23,23,15,14,0.2,access_connectivity,0.8979,0.2609,0.2174,Project Components,0.0799,0.2886,0.7781,REF053,0.3829,shortlist,,20260918T0133-7dd1a33,discover-1
c0862,23,19,14,10,0.1429,dpi,0.258,0.087,0.0435,Project Components,0.0722,0.2271,0.7533,REF064,0.4951,shortlist,,20260918T0133-7dd1a33,discover-1
c0889,23,23,15,18,0.2571,access_connectivity,0.7669,0.0,0.0,"Technical, Economic and Financial Analysis",0.0839,0.3789,0.817,REF030,0.4225,shortlist,,20260918T0133-7dd1a33,discover-1
c0922,23,23,17,20,0.2857,,0.0,0.0,0.9565,Implementation Arrangements and Support Plan,0.094,0.2633,0.8072,REF063,0.3057,junk,junk_section_share>=0.6,20260918T0133-7dd1a33,discover-1
c0979,23,22,14,11,0.1571,dpi,0.6284,0.0435,0.0,Project Components,0.0725,0.2629,0.7563,REF005,0.7588,shortlist,,20260918T0133-7dd1a33,discover-1
c0998,23,22,13,12,0.1714,access_connectivity,0.8086,0.0,0.6087,KEY RISKS,0.0675,0.3844,0.7577,REF046,0.3743,junk,junk_section_share>=0.6,20260918T0133-7dd1a33,discover-1
c1016,23,18,3,3,0.0429,access_connectivity,0.6696,0.0,0.3043,Project Components,0.0158,0.3176,0.7701,REF031,0.3267,shortlist,,20260918T0133-7dd1a33,discover-1
c1038,23,23,15,14,0.2,dpi,0.7945,0.3478,0.0,Economic and Financial Analysis,0.0803,0.23,0.7819,REF036,0.5283,shortlist,,20260918T0133-7dd1a33,discover-1
c1054,23,19,9,8,0.1143,data_hosting,0.8539,0.1304,0.087,Project Components,0.0481,0.4445,0.78,REF085,0.5977,shortlist,,20260918T0133-7dd1a33,discover-1
c1086,23,23,19,21,0.3,dpi,0.9602,0.0,0.3913,Implementation Arrangements and Support Plan,0.0948,0.285,0.7288,REF059,0.2388,shortlist,,20260918T0133-7dd1a33,discover-1
c1089,23,23,20,20,0.2857,dpi,0.8384,0.0,0.0,Relevance to Higher Level Objectives,0.1024,0.292,0.7477,REF059,0.3249,shortlist,,20260918T0133-7dd1a33,discover-1
c1155,23,23,22,20,0.2857,drm_ews,0.876,0.0,0.0435,Project Components,0.1238,0.531,0.8213,REF051,0.4945,shortlist,,20260918T0133-7dd1a33,discover-1
c1222,23,5,5,5,0.0714,drm_ews,0.7831,0.0,0.3913,Rationale for Restructuring,0.0239,0.5455,0.6976,REF029,0.3753,shortlist,,20260918T0133-7dd1a33,discover-1
c1226,23,23,21,24,0.3429,data_hosting,0.8587,0.0,0.0435,"Technical, Economic and Financial Analysis",0.1121,0.6646,0.7792,REF036,0.7509,shortlist,,20260918T0133-7dd1a33,discover-1
c1295,23,22,18,17,0.2429,,0.0,0.0,0.9565,Implementation Arrangements and Support Plan,0.1028,0.3449,0.8339,REF045,0.489,junk,junk_section_share>=0.6,20260918T0133-7dd1a33,discover-1
c1306,23,19,16,16,0.2286,cybersecurity,0.6756,0.0,0.1304,Sectoral and Institutional Context,0.0815,0.2401,0.7437,REF063,0.4836,shortlist,,20260918T0133-7dd1a33,discover-1
c1318,23,22,16,16,0.2286,cybersecurity,0.7376,0.0,0.3478,KEY RISKS,0.0842,0.3472,0.7685,REF081,0.6173,shortlist,,20260918T0133-7dd1a33,discover-1
c1368,23,23,13,13,0.1857,dpi,0.5246,0.0,0.2174,Sectoral and Institutional Context,0.0764,0.2997,0.8584,REF062,0.4365,shortlist,,20260918T0133-7dd1a33,discover-1
c1407,23,23,15,13,0.1857,dpi,0.9544,0.0,0.6087,Institutional and Implementation Arrangements,0.0679,0.3108,0.6607,REF047,0.317,junk,junk_section_share>=0.6,20260918T0133-7dd1a33,discover-1
c1524,23,22,16,13,0.1857,dpi,0.6081,0.0,0.1739,Project Components,0.0889,0.2312,0.8108,REF086,0.5107,shortlist,,20260918T0133-7dd1a33,discover-1
c1662,23,23,18,16,0.2286,access_connectivity,0.9464,0.0,0.9565,Implementation Arrangements and Support Plan,0.0897,0.2509,0.7273,REF005,0.4462,junk,junk_section_share>=0.6,20260918T0133-7dd1a33,discover-1
c1695,23,22,13,10,0.1429,dpi,0.4726,0.0,0.2609,Project Components,0.0622,0.2753,0.6982,REF009,0.507,shortlist,,20260918T0133-7dd1a33,discover-1
c1714,23,23,18,18,0.2571,data_hosting,1.0,0.0,0.8261,Implementation Arrangements and Support Plan,0.1007,0.269,0.8169,REF045,0.4447,junk,junk_section_share>=0.6,20260918T0133-7dd1a33,discover-1
c1720,23,22,21,19,0.2714,,0.0,0.5652,1.0,Implementation Arrangements and Support Plan,0.1235,0.1801,0.8589,REF085,0.3165,junk,junk_section_share>=0.6,20260918T0133-7dd1a33,discover-1
c1749,23,18,12,10,0.1429,dpi,0.9873,0.0,0.0,Country Context,0.0615,0.1726,0.748,REF011,0.3633,shortlist,,20260918T0133-7dd1a33,discover-1
c1757,23,23,23,22,0.3143,dpi,0.0,0.0,1.0,Implementation Arrangements and Support Plan,0.136,0.2262,0.8633,REF085,0.3471,junk,junk_section_share>=0.6,20260918T0133-7dd1a33,discover-1
c1823,23,18,17,14,0.2,mobile_towers,0.7609,0.0,0.0435,Country Context,0.0829,0.1814,0.7119,REF075,0.2866,shortlist,,20260918T0133-7dd1a33,discover-1
c1846,23,23,19,18,0.2571,access_connectivity,0.3712,0.0,0.1304,Project Components,0.105,0.2484,0.8067,REF061,0.5987,shortlist,,20260918T0133-7dd1a33,discover-1
c1854,23,22,13,16,0.2286,cybersecurity,0.7054,0.0,0.0,Project Components,0.0688,0.3088,0.7722,REF011,0.5416,shortlist,,20260918T0133-7dd1a33,discover-1
c1886,23,22,19,22,0.3143,access_connectivity,0.9629,0.0,0.0,"Technical, Economic and Financial Analysis",0.1041,0.1921,0.7998,REF061,0.5146,shortlist,,20260918T0133-7dd1a33,discover-1
c1934,23,23,18,15,0.2143,access_connectivity,0.3095,0.0435,0.2609,Project Development Objective,0.1037,0.1851,0.8415,REF087,0.4669,shortlist,,20260918T0133-7dd1a33,discover-1
c1959,23,22,17,19,0.2714,access_connectivity,0.7452,0.0,0.087,Sectoral and Institutional Context,0.0876,0.3047,0.752,REF076,0.4482,shortlist,,20260918T0133-7dd1a33,discover-1
c1998,23,23,12,11,0.1571,access_connectivity,0.6257,0.0,0.2174,Detailed Project Description,0.0605,0.2465,0.7358,REF043,0.5754,shortlist,,20260918T0133-7dd1a33,discover-1
c0105,22,22,4,4,0.0571,access_connectivity,0.7298,0.0,0.0455,Project Components,0.0239,0.2309,0.8706,REF030,0.2408,shortlist,,20260918T0133-7dd1a33,discover-1
c0123,22,22,21,23,0.3286,cybersecurity,0.0,0.0,0.8182,Implementation Arrangements and Support Plan,0.1248,0.3077,0.8679,REF062,0.2516,junk,junk_section_share>=0.6,20260918T0133-7dd1a33,discover-1
c0152,22,22,20,22,0.3143,access_connectivity,0.8289,0.0,0.4091,Implementation Arrangements and Support Plan,0.0989,0.3381,0.7222,REF045,0.2539,shortlist,,20260918T0133-7dd1a33,discover-1
c0167,22,21,16,15,0.2143,access_connectivity,0.848,0.1364,0.1364,Project Components,0.0755,0.3333,0.6887,REF079,0.4282,shortlist,,20260918T0133-7dd1a33,discover-1
c0217,22,22,14,11,0.1571,access_connectivity,0.2975,0.0,0.0455,Project Components,0.08,0.272,0.8346,REF046,0.4468,shortlist,,20260918T0133-7dd1a33,discover-1
c0249,22,21,17,17,0.2429,dpi,0.7725,0.0,0.3182,Technical Design and Component Descriptions,0.084,0.3148,0.7212,REF002,0.2064,shortlist,,20260918T0133-7dd1a33,discover-1
c0311,22,21,18,16,0.2286,dpi,0.6695,0.0,0.0455,Sectoral and Institutional Context,0.0863,0.3373,0.7002,REF064,0.4585,shortlist,,20260918T0133-7dd1a33,discover-1
c0367,22,22,13,12,0.1714,,0.0,0.0,0.9545,Implementation Arrangements and Support Plan,0.0745,0.4204,0.8367,REF030,0.3978,junk,junk_section_share>=0.6,20260918T0133-7dd1a33,discover-1
c0476,22,21,17,16,0.2286,access_connectivity,1.0,0.0455,0.8636,Implementation Arrangements and Support Plan,0.0894,0.2716,0.7676,REF045,0.2731,junk,junk_section_share>=0.6,20260918T0133-7dd1a33,discover-1
c0507,22,21,14,13,0.1857,access_connectivity,0.8229,0.0,0.0,Country Context,0.0732,0.3493,0.7638,REF006,0.4027,shortlist,,20260918T0133-7dd1a33,discover-1
c0550,22,20,18,13,0.1857,dpi,0.8764,0.0455,0.3182,Project Status,0.0925,0.1905,0.7503,REF085,0.3173,shortlist,,20260918T0133-7dd1a33,discover-1
c0563,22,20,13,16,0.2286,access_connectivity,0.4138,0.0,0.0909,Rationale for Bank Involvement and Role of Partners,0.0651,0.2942,0.731,REF023,0.3021,shortlist,,20260918T0133-7dd1a33,discover-1
c0580,22,22,11,11,0.1571,drm_ews,0.8008,0.0,0.0,"Technical, Economic and Financial Analysis",0.0661,0.4847,0.8775,REF041,0.4792,shortlist,,20260918T0133-7dd1a33,discover-1
c0581,22,22,19,22,0.3143,dpi,0.7603,0.0,0.1364,Sectoral and Institutional Context,0.095,0.3782,0.7301,REF061,0.4267,shortlist,,20260918T0133-7dd1a33,discover-1
c0598,22,20,11,10,0.1429,data_hosting,0.5634,0.3182,0.0455,Project Components,0.0574,0.3941,0.7615,REF036,0.6383,shortlist,,20260918T0133-7dd1a33,discover-1
c0623,22,22,18,18,0.2571,access_connectivity,0.961,0.6364,0.3182,Project Components,0.0953,0.2583,0.7729,REF045,0.3917,shortlist,,20260918T0133-7dd1a33,discover-1
c0626,22,22,17,20,0.2857,cybersecurity,0.9206,0.0455,0.2727,Project Components,0.089,0.2903,0.7644,REF016,0.4183,shortlist,,20260918T0133-7dd1a33,discover-1
c0643,22,22,21,19,0.2714,drm_ews,1.0,0.0,0.9091,Implementation Arrangements and Support Plan,0.116,0.23,0.8065,REF023,0.2552,junk,junk_section_share>=0.6,20260918T0133-7dd1a33,discover-1
c0665,22,15,14,13,0.1857,access_connectivity,0.9363,0.0,0.0,Sectoral and Institutional Context,0.074,0.19,0.7721,REF041,0.369,shortlist,,20260918T0133-7dd1a33,discover-1
c0739,22,22,19,22,0.3143,access_connectivity,0.8587,0.0,0.1818,Project Components,0.1044,0.3841,0.8023,REF036,0.3699,shortlist,,20260918T0133-7dd1a33,discover-1
c0781,22,21,18,20,0.2857,dpi,0.9464,0.0,0.0909,DETAILED CHANGE(S),0.0906,0.2611,0.7353,REF079,0.2797,shortlist,,20260918T0133-7dd1a33,discover-1
c0830,22,22,20,23,0.3286,dpi,0.8869,0.0,0.4091,Project Components,0.0946,0.3478,0.6909,REF057,0.2145,shortlist,,20260918T0133-7dd1a33,discover-1
c0898,22,22,17,16,0.2286,dpi,0.7982,0.0,0.2273,Lessons Learned and Reflected in the Project Design,0.0962,0.2803,0.8263,REF030,0.3578,shortlist,,20260918T0133-7dd1a33,discover-1
c0952,22,21,16,19,0.2714,access_connectivity,0.3095,0.0,0.0455,Project Components,0.0877,0.3779,0.8003,REF030,0.3038,shortlist,,20260918T0133-7dd1a33,discover-1
c1041,22,21,11,10,0.1429,access_connectivity,0.6013,0.0,0.1818,Project Components,0.0576,0.2967,0.7647,REF045,0.4741,shortlist,,20260918T0133-7dd1a33,discover-1
c1049,22,21,17,16,0.2286,dpi,0.8438,0.0,0.2727,Country Context,0.0775,0.2308,0.6652,REF068,0.2109,shortlist,,20260918T0133-7dd1a33,discover-1
c1051,22,21,18,21,0.3,access_connectivity,0.971,0.0,0.1364,"Technical, Economic and Financial Analysis",0.0982,0.2996,0.7965,REF030,0.2918,shortlist,,20260918T0133-7dd1a33,discover-1
c1082,22,22,18,17,0.2429,,0.0,0.0,0.9545,Implementation Arrangements and Support Plan,0.1101,0.214,0.8931,REF053,0.2462,junk,junk_section_share>=0.6,20260918T0133-7dd1a33,discover-1
c1087,22,21,18,17,0.2429,dpi,0.7872,0.0,0.3636,Project Components,0.0887,0.3734,0.7197,REF019,0.4448,shortlist,,20260918T0133-7dd1a33,discover-1
c1105,22,22,16,19,0.2714,cybersecurity,0.8426,0.0,0.1364,Project Components,0.0822,0.3611,0.7505,REF009,0.5052,shortlist,,20260918T0133-7dd1a33,discover-1
c1114,22,21,19,16,0.2286,cybersecurity,0.8684,0.0,0.3636,Sectoral and Institutional Context,0.0929,0.3195,0.7139,REF043,0.4443,shortlist,,20260918T0133-7dd1a33,discover-1
c1148,22,21,17,17,0.2429,access_connectivity,0.7419,0.0,0.3636,Relevance to Higher Level Objectives,0.0817,0.26,0.7018,REF030,0.2895,shortlist,,20260918T0133-7dd1a33,discover-1
c1218,22,22,20,20,0.2857,access_connectivity,0.9183,0.2273,0.9545,KEY RISKS,0.1069,0.3819,0.7801,REF085,0.4923,junk,junk_section_share>=0.6,20260918T0133-7dd1a33,discover-1
c1453,22,20,14,14,0.2,drm_ews,0.7501,0.0,0.0455,Project Components,0.0755,0.4547,0.7869,REF041,0.6675,shortlist,,20260918T0133-7dd1a33,discover-1
c1472,22,21,14,10,0.1429,,0.0,0.0455,0.4545,DESCRIPTION OF PROPOSED CHANGES,0.0754,0.2423,0.7864,REF005,0.3234,shortlist,,20260918T0133-7dd1a33,discover-1
c1489,22,21,16,19,0.2714,access_connectivity,0.8799,0.2727,0.1818,Climate Annex,0.0845,0.3337,0.7713,REF045,0.448,shortlist,,20260918T0133-7dd1a33,discover-1
c1509,22,21,14,12,0.1714,access_connectivity,0.0,0.0,0.8636,DESCRIPTION OF PROPOSED CHANGES,0.0721,0.2993,0.7519,REF005,0.3874,junk,junk_section_share>=0.6,20260918T0133-7dd1a33,discover-1
c1561,22,21,13,13,0.1857,dpi,0.5153,0.0,0.3636,Implementation Arrangements and Support Plan,0.0637,0.25,0.7158,REF006,0.3899,shortlist,,20260918T0133-7dd1a33,discover-1
c1573,22,21,17,19,0.2714,access_connectivity,0.9372,0.0455,0.0,Relevance to Higher Level Objectives,0.0945,0.2874,0.812,REF005,0.3613,shortlist,,20260918T0133-7dd1a33,discover-1
c1588,22,22,21,19,0.2714,access_connectivity,0.0,0.0455,0.9091,Implementation Arrangements and Support Plan,0.1219,0.1981,0.8473,REF045,0.3911,junk,junk_section_share>=0.6,20260918T0133-7dd1a33,discover-1
c1656,22,22,19,18,0.2571,,0.0,0.0,1.0,Implementation Arrangements and Support Plan,0.1028,0.2358,0.79,REF005,0.4015,junk,junk_section_share>=0.6,20260918T0133-7dd1a33,discover-1
c1700,22,22,17,16,0.2286,,0.0,0.0,0.6818,Institutional and Implementation Arrangements,0.0865,0.3191,0.7427,REF030,0.3408,junk,junk_section_share>=0.6,20260918T0133-7dd1a33,discover-1
c1709,22,22,19,19,0.2714,access_connectivity,0.0,0.0,0.8182,Institutional and Implementation Arrangements,0.1022,0.3341,0.7852,REF031,0.3032,junk,junk_section_share>=0.6,20260918T0133-7dd1a33,discover-1
c1745,22,22,18,17,0.2429,,0.0,0.0455,0.9091,Implementation Arrangements and Support Plan,0.0966,0.2037,0.7838,REF045,0.3833,junk,junk_section_share>=0.6,20260918T0133-7dd1a33,discover-1
c1764,22,22,18,16,0.2286,,0.0,0.2727,0.9091,Fiduciary,0.1089,0.1982,0.8835,REF045,0.4219,junk,junk_section_share>=0.6,20260918T0133-7dd1a33,discover-1
c1873,22,22,16,14,0.2,access_connectivity,0.7083,0.0,0.2727,Lessons Learned and Reflected in the Project Design,0.0841,0.2949,0.7674,REF087,0.4976,shortlist,,20260918T0133-7dd1a33,discover-1
c1874,22,22,17,11,0.1571,dpi,0.9799,0.0,0.1364,Project Components,0.0959,0.2915,0.8238,REF053,0.5237,shortlist,,20260918T0133-7dd1a33,discover-1
c1909,22,21,18,19,0.2714,cybersecurity,0.8988,0.0,0.4545,Lessons Learned and Reflected in the Project Design,0.1052,0.2561,0.8534,REF067,0.4213,shortlist,,20260918T0133-7dd1a33,discover-1
c1947,22,15,7,6,0.0857,dpi,0.7907,0.0,0.0,Sectoral and Institutional Context,0.0375,0.2043,0.7817,REF056,0.4335,shortlist,,20260918T0133-7dd1a33,discover-1
c2012,22,21,15,15,0.2143,dpi,0.8103,0.0,0.0,Project Beneficiaries,0.0844,0.2832,0.8217,REF061,0.4911,shortlist,,20260918T0133-7dd1a33,discover-1
c0088,21,21,20,15,0.2143,mobile_towers,0.961,0.0,0.2381,Project Components,0.1353,0.2285,0.9875,REF030,0.2106,shortlist,,20260918T0133-7dd1a33,discover-1
c0089,21,16,6,5,0.0714,cybersecurity,0.8962,0.0,0.0476,7],0.034,0.2658,0.8265,REF030,0.3031,shortlist,,20260918T0133-7dd1a33,discover-1
c0122,21,21,17,20,0.2857,access_connectivity,0.9131,0.0,0.5238,Project Components,0.1062,0.2615,0.9122,REF030,0.2716,shortlist,,20260918T0133-7dd1a33,discover-1
c0164,21,20,15,16,0.2286,access_connectivity,0.7219,0.0,0.8095,KEY RISKS,0.0779,0.3658,0.758,REF053,0.3894,junk,junk_section_share>=0.6,20260918T0133-7dd1a33,discover-1
c0184,21,21,17,20,0.2857,access_connectivity,0.7897,0.0,0.4286,Results Monitoring and Evaluation Arrangements,0.0939,0.3085,0.8063,REF030,0.2677,shortlist,,20260918T0133-7dd1a33,discover-1
c0196,21,14,13,12,0.1714,drm_ews,0.9212,0.0,0.7143,Implementation Arrangements and Support Plan,0.0642,0.3407,0.7207,REF048,0.2789,junk,junk_section_share>=0.6,20260918T0133-7dd1a33,discover-1
c0221,21,20,14,14,0.2,cybersecurity,0.7165,0.0,0.0,Project Components,0.0774,0.3287,0.8072,REF036,0.5407,shortlist,,20260918T0133-7dd1a33,discover-1
c0316,21,18,17,14,0.2,access_connectivity,0.0,0.0,0.8095,Environmental and Social,0.0951,0.269,0.8167,REF009,0.3647,junk,junk_section_share>=0.6,20260918T0133-7dd1a33,discover-1
c0331,21,19,15,14,0.2,dpi,0.9206,0.0,0.6667,Environmental and Social,0.0756,0.3872,0.7363,REF085,0.3487,junk,junk_section_share>=0.6,20260918T0133-7dd1a33,discover-1
c0431,21,21,15,16,0.2286,drm_ews,0.8445,0.0,0.5714,Implementation Arrangements and Support Plan,0.0876,0.2294,0.8531,REF030,0.2215,shortlist,,20260918T0133-7dd1a33,discover-1
c0520,21,21,14,13,0.1857,cybersecurity,0.0,0.0,0.8571,Fiduciary,0.0839,0.1873,0.8753,REF063,0.2081,junk,junk_section_share>=0.6,20260918T0133-7dd1a33,discover-1
c0544,21,20,17,19,0.2714,dpi,0.6622,0.0,0.0,"Technical, Economic and Financial Analysis (if applicable)",0.0874,0.2459,0.7508,REF085,0.3499,shortlist,,20260918T0133-7dd1a33,discover-1
c0602,21,18,16,16,0.2286,cybersecurity,1.0,0.0,0.0952,Project Components,0.0851,0.3318,0.7763,REF057,0.4044,shortlist,,20260918T0133-7dd1a33,discover-1
c0653,21,19,16,12,0.1714,access_connectivity,0.7248,0.0,0.2857,PROJECT STATUS AND RATIONALE FOR RESTRUCTURING,0.0815,0.2734,0.7439,REF030,0.2399,shortlist,,20260918T0133-7dd1a33,discover-1
c0670,21,21,21,18,0.2571,data_hosting,0.961,0.0,0.7619,KEY RISKS,0.1141,0.3198,0.7935,REF019,0.282,junk,junk_section_share>=0.6,20260918T0133-7dd1a33,discover-1
c0679,21,20,17,15,0.2143,access_connectivity,0.8079,0.0,0.1429,"Technical, Economic and Financial Analysis",0.0821,0.2161,0.7047,REF089,0.233,shortlist,,20260918T0133-7dd1a33,discover-1
c0731,21,20,19,18,0.2571,access_connectivity,0.8675,0.0,0.1429,Sectoral and Institutional Context,0.1059,0.3039,0.8134,REF036,0.2304,shortlist,,20260918T0133-7dd1a33,discover-1
c0820,21,21,14,14,0.2,access_connectivity,0.9061,0.0,0.3333,Project Components,0.0791,0.2681,0.8249,REF061,0.2456,shortlist,,20260918T0133-7dd1a33,discover-1
c0842,21,21,21,21,0.3,access_connectivity,0.8737,0.0,0.4762,PROJECT STATUS AND RATIONALE FOR RESTRUCTURING,0.1017,0.3636,0.707,REF086,0.2407,shortlist,,20260918T0133-7dd1a33,discover-1
c0970,21,21,15,15,0.2143,dpi,0.865,0.4286,0.1905,Project Components,0.0785,0.2608,0.7642,REF045,0.4003,shortlist,,20260918T0133-7dd1a33,discover-1
c1017,21,19,15,18,0.2571,access_connectivity,0.6254,0.0,0.1905,Rationale for Bank Involvement and Role of Partners,0.0771,0.2677,0.7506,REF006,0.287,shortlist,,20260918T0133-7dd1a33,discover-1
c1023,21,20,12,11,0.1571,cybersecurity,0.866,0.0,0.3333,Project Components,0.0596,0.3281,0.7248,REF063,0.4351,shortlist,,20260918T0133-7dd1a33,discover-1
c1069,21,20,18,17,0.2429,dpi,0.9212,0.0,0.619,KEY RISKS,0.0987,0.3578,0.8003,REF053,0.3773,junk,junk_section_share>=0.6,20260918T0133-7dd1a33,discover-1
c1076,21,20,16,15,0.2143,dpi,0.6784,0.0,0.1905,Project Components,0.0805,0.3581,0.7349,REF024,0.4952,shortlist,,20260918T0133-7dd1a33,discover-1
c1123,21,21,16,12,0.1714,cybersecurity,0.6892,0.0,0.0952,Project Components,0.0879,0.4418,0.802,REF047,0.6249,shortlist,,20260918T0133-7dd1a33,discover-1
c1184,21,21,17,17,0.2429,access_connectivity,0.9216,0.0,0.1429,Project Components,0.0865,0.4268,0.7427,REF011,0.5395,shortlist,,20260918T0133-7dd1a33,discover-1
c1211,21,20,13,12,0.1714,drm_ews,0.7119,0.0,0.2381,KEY RISKS,0.0678,0.4745,0.7615,REF012,0.5089,shortlist,,20260918T0133-7dd1a33,discover-1
c1214,21,20,6,5,0.0714,access_connectivity,0.9183,0.0952,0.4286,Implementation Arrangements and Support Plan,0.036,0.2572,0.8762,REF079,0.4261,shortlist,,20260918T0133-7dd1a33,discover-1
c1241,21,20,16,14,0.2,data_hosting,0.9751,0.0476,0.2381,PROJECT STATUS AND RATIONALE FOR RESTRUCTURING,0.0809,0.3113,0.738,REF085,0.3062,shortlist,,20260918T0133-7dd1a33,discover-1
c1255,21,21,16,14,0.2,dpi,0.4395,0.0952,0.1429,Project Development Objective,0.0902,0.2038,0.8233,REF005,0.4952,shortlist,,20260918T0133-7dd1a33,discover-1
c1258,21,21,18,18,0.2571,,0.0,0.0,1.0,Fiduciary,0.1001,0.2276,0.8119,REF045,0.4169,junk,junk_section_share>=0.6,20260918T0133-7dd1a33,discover-1
c1263,21,21,17,14,0.2,,0.0,0.0,0.8571,Implementation Arrangements and Support Plan,0.0942,0.3491,0.8088,REF021,0.3615,junk,junk_section_share>=0.6,20260918T0133-7dd1a33,discover-1
c1284,21,18,9,8,0.1143,submarine_cable,0.8867,0.0,0.0,Country Context,0.043,0.3506,0.6984,REF079,0.3261,shortlist,,20260918T0133-7dd1a33,discover-1
c1296,21,21,18,17,0.2429,access_connectivity,0.0,0.0,0.9524,Implementation Arrangements and Support Plan,0.1056,0.3085,0.8569,REF045,0.4578,junk,junk_section_share>=0.6,20260918T0133-7dd1a33,discover-1
c1302,21,21,17,19,0.2714,access_connectivity,0.9299,0.9048,0.0952,Project Components,0.0934,0.3135,0.802,REF005,0.3685,shortlist,,20260918T0133-7dd1a33,discover-1
c1359,21,20,17,16,0.2286,access_connectivity,0.0,0.0,0.9048,Implementation Arrangements and Support Plan,0.0931,0.3502,0.8,REF045,0.3391,junk,junk_section_share>=0.6,20260918T0133-7dd1a33,discover-1
c1378,21,20,19,17,0.2429,,0.0,0.0,0.4762,Implementation Arrangements and Support Plan,0.1085,0.3311,0.8337,REF085,0.4289,shortlist,,20260918T0133-7dd1a33,discover-1
c1401,21,19,16,16,0.2286,,0.0,0.0,0.9048,Implementation Arrangements and Support Plan,0.0719,0.2961,0.6558,REF005,0.3573,junk,junk_section_share>=0.6,20260918T0133-7dd1a33,discover-1
c1402,21,20,14,12,0.1714,access_connectivity,0.8699,0.0,0.0476,Project Beneficiaries,0.0758,0.2067,0.7906,REF011,0.5064,shortlist,,20260918T0133-7dd1a33,discover-1
c1439,21,20,16,15,0.2143,dpi,0.0,0.0,0.9524,Implementation Arrangements and Support Plan,0.079,0.2453,0.7207,REF009,0.3506,junk,junk_section_share>=0.6,20260918T0133-7dd1a33,discover-1
c1464,21,21,17,17,0.2429,,0.0,0.0,1.0,Fiduciary,0.0939,0.3044,0.8065,REF045,0.4124,junk,junk_section_share>=0.6,20260918T0133-7dd1a33,discover-1
c1480,21,20,15,15,0.2143,access_connectivity,0.57,0.0952,0.1429,Project Components,0.0796,0.2495,0.7747,REF007,0.347,shortlist,,20260918T0133-7dd1a33,discover-1
c1528,21,14,12,12,0.1714,dpi,0.0,0.1429,1.0,Implementation Arrangements and Support Plan,0.0584,0.2146,0.7107,REF085,0.3669,junk,junk_section_share>=0.6,20260918T0133-7dd1a33,discover-1
c1569,21,21,15,14,0.2,,0.0,0.0,0.9524,Implementation Arrangements and Support Plan,0.0852,0.309,0.8292,REF045,0.4096,junk,junk_section_share>=0.6,20260918T0133-7dd1a33,discover-1
c1626,21,21,15,18,0.2571,drm_ews,0.8352,0.0,0.0,Project Components,0.0808,0.686,0.7861,REF036,0.656,shortlist,,20260918T0133-7dd1a33,discover-1
c1661,21,21,15,14,0.2,access_connectivity,0.0,0.0,0.9048,Implementation Arrangements and Support Plan,0.0828,0.2855,0.8057,REF031,0.316,junk,junk_section_share>=0.6,20260918T0133-7dd1a33,discover-1
c1673,21,21,18,15,0.2143,dpi,0.0,0.0,0.8095,KEY RISKS,0.101,0.345,0.8193,REF036,0.3548,junk,junk_section_share>=0.6,20260918T0133-7dd1a33,discover-1
c1834,21,17,15,15,0.2143,dpi,0.8379,0.0,0.0,Country Context,0.0734,0.2156,0.7142,REF005,0.2295,shortlist,,20260918T0133-7dd1a33,discover-1
c1847,21,20,15,11,0.1571,access_connectivity,0.7817,0.0952,0.1905,Rationale for Bank Involvement and Role of Partners,0.0793,0.2526,0.7722,REF046,0.4457,shortlist,,20260918T0133-7dd1a33,discover-1
c1853,21,16,4,3,0.0429,cybersecurity,0.7425,0.0,0.0476,Project Beneficiaries,0.0207,0.279,0.7563,REF061,0.428,shortlist,,20260918T0133-7dd1a33,discover-1
c1863,21,21,16,13,0.1857,access_connectivity,0.9183,0.0476,0.1429,Project Components,0.0863,0.2363,0.7874,REF046,0.5781,shortlist,,20260918T0133-7dd1a33,discover-1
c1888,21,21,15,17,0.2429,cybersecurity,0.9232,0.0,0.1905,Project Components,0.0857,0.2763,0.8339,REF067,0.4945,shortlist,,20260918T0133-7dd1a33,discover-1
c1988,21,21,16,15,0.2143,dpi,0.3534,0.0,0.1905,Project Components,0.0867,0.271,0.7914,REF051,0.5438,shortlist,,20260918T0133-7dd1a33,discover-1
c0136,20,20,14,11,0.1571,drm_ews,1.0,0.0,0.1,"Technical, Economic, and Financial Analysis",0.0769,0.1898,0.8017,REF006,0.255,shortlist,,20260918T0133-7dd1a33,discover-1
c0175,20,20,13,11,0.1571,access_connectivity,0.0,0.0,0.55,KEY RISKS,0.0695,0.4107,0.7806,REF042,0.3178,shortlist,,20260918T0133-7dd1a33,discover-1
c0245,20,20,17,20,0.2857,,0.0,0.0,0.9,Implementation Arrangements and Support Plan,0.1043,0.3214,0.8959,REF045,0.3525,junk,junk_section_share>=0.6,20260918T0133-7dd1a33,discover-1
c0247,20,20,14,13,0.1857,access_connectivity,0.8805,0.0,0.2,Project Components,0.0707,0.3502,0.7368,REF002,0.2963,shortlist,,20260918T0133-7dd1a33,discover-1
c0270,20,20,20,17,0.2429,dpi,0.8606,0.0,0.2,Sustainability,0.1166,0.3693,0.851,REF005,0.3502,shortlist,,20260918T0133-7dd1a33,discover-1
c0271,20,20,14,12,0.1714,dpi,0.8631,0.0,0.1,Project Components,0.0893,0.3231,0.9308,REF076,0.288,shortlist,,20260918T0133-7dd1a33,discover-1
c0298,20,13,5,6,0.0857,dpi,0.9745,0.0,0.0,Detailed Economic and Financial Analysis,0.0275,0.2217,0.8016,REF030,0.2144,shortlist,,20260918T0133-7dd1a33,discover-1
c0352,20,19,15,14,0.2,cybersecurity,1.0,0.1,0.7,Implementation Arrangements and Support Plan,0.0784,0.2937,0.7631,REF045,0.35,junk,junk_section_share>=0.6,20260918T0133-7dd1a33,discover-1
c0408,20,20,16,14,0.2,,0.0,0.15,0.9,Implementation Arrangements and Support Plan,0.0928,0.3616,0.8466,REF009,0.359,junk,junk_section_share>=0.6,20260918T0133-7dd1a33,discover-1
c0435,20,20,17,15,0.2143,access_connectivity,0.0,0.0,0.5,Implementation Arrangements and Support Plan,0.094,0.3388,0.8069,REF027,0.2358,shortlist,,20260918T0133-7dd1a33,discover-1
c0438,20,20,11,10,0.1429,data_hosting,0.9183,0.0,0.7,Implementation Arrangements and Support Plan,0.0721,0.2376,0.9576,REF024,0.2309,junk,junk_section_share>=0.6,20260918T0133-7dd1a33,discover-1
c0458,20,18,5,5,0.0714,access_connectivity,0.961,0.0,0.15,Project Components,0.026,0.299,0.7606,REF084,0.4667,shortlist,,20260918T0133-7dd1a33,discover-1
c0480,20,20,12,11,0.1571,access_connectivity,0.8304,0.0,0.35,Environmental and Social,0.062,0.4153,0.7548,REF030,0.3215,shortlist,,20260918T0133-7dd1a33,discover-1
c0498,20,20,13,13,0.1857,access_connectivity,0.8072,0.0,0.2,Project Components,0.0622,0.3293,0.6988,REF030,0.3684,shortlist,,20260918T0133-7dd1a33,discover-1
c0582,20,20,19,18,0.2571,access_connectivity,0.9078,0.0,0.2,Sectoral and Institutional Context,0.096,0.3338,0.7378,REF061,0.3838,shortlist,,20260918T0133-7dd1a33,discover-1
c0611,20,20,17,19,0.2714,access_connectivity,0.9496,0.0,0.25,Implementation Arrangements and Support Plan,0.0778,0.3317,0.6681,REF030,0.3402,shortlist,,20260918T0133-7dd1a33,discover-1
c0635,20,19,13,13,0.1857,,0.0,0.0,0.75,Implementation Arrangements and Support Plan,0.0666,0.2994,0.7477,REF065,0.36,junk,junk_section_share>=0.6,20260918T0133-7dd1a33,discover-1
c0684,20,20,20,21,0.3,dpi,1.0,0.0,1.0,KEY RISKS,0.1304,0.3413,0.9521,REF030,0.3171,junk,junk_section_share>=0.6,20260918T0133-7dd1a33,discover-1
c0685,20,20,15,12,0.1714,access_connectivity,0.8605,0.0,0.05,Project Components,0.0769,0.3298,0.7484,REF076,0.2744,shortlist,,20260918T0133-7dd1a33,discover-1
c0696,20,20,15,18,0.2571,access_connectivity,0.5917,0.0,0.0,"Technical, Economic and Financial Analysis",0.0939,0.2543,0.9141,REF020,0.325,shortlist,,20260918T0133-7dd1a33,discover-1
c0722,20,20,14,12,0.1714,dpi,0.9256,0.0,0.3,Project Components,0.0702,0.2968,0.7321,REF027,0.4095,shortlist,,20260918T0133-7dd1a33,discover-1
c0725,20,20,16,16,0.2286,dpi,0.9602,0.0,0.2,Project Components,0.0915,0.3078,0.8346,REF030,0.3795,shortlist,,20260918T0133-7dd1a33,discover-1
c0745,20,19,16,15,0.2143,cybersecurity,0.896,0.0,0.4,Project Components,0.0847,0.3278,0.7725,REF048,0.2602,shortlist,,20260918T0133-7dd1a33,discover-1
c0787,20,20,15,14,0.2,access_connectivity,0.8076,0.0,0.25,Project Components,0.0761,0.2864,0.7411,REF009,0.2294,shortlist,,20260918T0133-7dd1a33,discover-1
c0822,20,20,20,19,0.2714,cybersecurity,0.0,0.0,0.6,DESCRIPTION OF PROPOSED CHANGES,0.1033,0.2755,0.754,REF030,0.2263,junk,junk_section_share>=0.6,20260918T0133-7dd1a33,discover-1
c0825,20,20,18,17,0.2429,dpi,0.8086,0.75,0.0,Project Components,0.1003,0.3061,0.8135,REF079,0.3314,shortlist,,20260918T0133-7dd1a33,discover-1
c0885,20,20,14,14,0.2,dpi,0.9183,0.05,0.15,Project Components,0.0804,0.3637,0.8381,REF030,0.3642,shortlist,,20260918T0133-7dd1a33,discover-1
c0946,20,17,10,9,0.1286,dpi,0.7193,0.0,0.1,Sectoral and Institutional Context,0.0539,0.3119,0.7863,REF084,0.4895,shortlist,,20260918T0133-7dd1a33,discover-1
c0963,20,14,7,6,0.0857,access_connectivity,0.9183,0.0,0.4,Project Components,0.0375,0.3305,0.7812,REF026,0.3135,shortlist,,20260918T0133-7dd1a33,discover-1
c0978,20,19,18,14,0.2,access_connectivity,0.7219,0.0,0.05,Sectoral and Institutional Context,0.0899,0.2716,0.7295,REF005,0.3002,shortlist,,20260918T0133-7dd1a33,discover-1
c1080,20,20,19,18,0.2571,,0.0,0.0,0.95,Results Monitoring and Evaluation Arrangements,0.106,0.2705,0.8142,REF085,0.3086,junk,junk_section_share>=0.6,20260918T0133-7dd1a33,discover-1
c1094,20,14,11,11,0.1571,dpi,0.0,0.25,0.85,Implementation Arrangements and Support Plan,0.062,0.1986,0.8228,REF089,0.2667,junk,junk_section_share>=0.6,20260918T0133-7dd1a33,discover-1
c1143,20,17,16,16,0.2286,access_connectivity,0.8517,0.0,0.0,Relevance to Higher Level Objectives,0.0869,0.3395,0.7933,REF046,0.4087,shortlist,,20260918T0133-7dd1a33,discover-1
c1145,20,20,17,18,0.2571,cybersecurity,0.7248,0.1,0.5,KEY RISKS,0.0908,0.3315,0.7799,REF036,0.3821,shortlist,,20260918T0133-7dd1a33,discover-1
c1209,20,19,17,17,0.2429,cybersecurity,0.6788,0.0,0.2,Sectoral and Institutional Context,0.0873,0.4631,0.7494,REF001,0.5176,shortlist,,20260918T0133-7dd1a33,discover-1
c1230,20,20,18,18,0.2571,,0.0,0.05,1.0,Implementation Arrangements and Support Plan,0.1005,0.3331,0.8149,REF005,0.3053,junk,junk_section_share>=0.6,20260918T0133-7dd1a33,discover-1
c1245,20,20,18,16,0.2286,drm_ews,0.961,0.05,0.35,KEY RISKS,0.0978,0.2997,0.7932,REF079,0.3166,shortlist,,20260918T0133-7dd1a33,discover-1
c1291,20,8,1,1,0.0143,,0.0,0.05,0.8,DESCRIPTION OF PROPOSED CHANGES,0.0052,0.2135,0.7544,REF012,0.3784,junk,junk_section_share>=0.6;n_projects<3,20260918T0133-7dd1a33,discover-1
c1340,20,19,15,17,0.2429,drm_ews,0.8979,0.0,0.05,Country Context,0.073,0.4558,0.7105,REF011,0.3978,shortlist,,20260918T0133-7dd1a33,discover-1
c1398,20,19,12,12,0.1714,dpi,0.5463,0.0,0.0,Project Components,0.0647,0.2615,0.7874,REF008,0.5265,shortlist,,20260918T0133-7dd1a33,discover-1
c1490,20,19,17,16,0.2286,dpi,0.8587,0.0,0.2,Project Components,0.0889,0.2855,0.7637,REF083,0.5524,shortlist,,20260918T0133-7dd1a33,discover-1
c1523,20,20,18,16,0.2286,access_connectivity,0.8194,0.0,0.15,Project Components,0.1023,0.2761,0.8299,REF086,0.4686,shortlist,,20260918T0133-7dd1a33,discover-1
c1564,20,20,13,12,0.1714,,0.0,0.5,0.8,Implementation Arrangements and Support Plan,0.0704,0.2386,0.7904,REF085,0.4409,junk,junk_section_share>=0.6,20260918T0133-7dd1a33,discover-1
c1688,20,17,16,16,0.2286,data_hosting,0.9232,0.0,0.45,KEY RISKS,0.0816,0.3659,0.7447,REF085,0.4217,shortlist,,20260918T0133-7dd1a33,discover-1
c1738,20,20,15,14,0.2,,0.0,0.0,1.0,Implementation Arrangements and Support Plan,0.0835,0.175,0.8129,REF045,0.4495,junk,junk_section_share>=0.6,20260918T0133-7dd1a33,discover-1
c1777,20,19,8,8,0.1143,dpi,0.65,0.0,0.1,Sectoral and Institutional Context,0.0414,0.2128,0.7549,REF068,0.6484,shortlist,,20260918T0133-7dd1a33,discover-1
c1803,20,20,16,14,0.2,cybersecurity,0.971,0.05,0.1,Project Components,0.078,0.2555,0.712,REF067,0.4167,shortlist,,20260918T0133-7dd1a33,discover-1
c1819,20,15,15,14,0.2,drm_ews,0.9697,0.0,0.5,KEY RISKS,0.0718,0.3695,0.6986,REF085,0.3391,shortlist,,20260918T0133-7dd1a33,discover-1
c1835,20,18,15,16,0.2286,dpi,0.9023,0.0,0.05,Country Context,0.0728,0.2516,0.7085,REF005,0.29,shortlist,,20260918T0133-7dd1a33,discover-1
c1899,20,20,14,16,0.2286,dpi,0.8587,0.05,0.05,Project Components,0.0732,0.2073,0.7638,REF067,0.4861,shortlist,,20260918T0133-7dd1a33,discover-1
c1933,20,16,11,10,0.1429,mobile_towers,0.0,0.0,0.5,DESCRIPTION OF PROPOSED CHANGES,0.0632,0.1935,0.8393,REF087,0.3869,shortlist,,20260918T0133-7dd1a33,discover-1
c1935,20,20,19,21,0.3,access_connectivity,0.8813,0.0,0.0,Relevance to Higher Level Objectives,0.1177,0.1813,0.9043,REF084,0.426,shortlist,,20260918T0133-7dd1a33,discover-1
c1951,20,17,12,14,0.2,dpi,0.7974,0.0,0.1,Sectoral and Institutional Context,0.0631,0.247,0.7678,REF056,0.4949,shortlist,,20260918T0133-7dd1a33,discover-1
c1967,20,20,14,15,0.2143,access_connectivity,0.7457,0.05,0.05,Project Components,0.0726,0.2753,0.7573,REF046,0.4989,shortlist,,20260918T0133-7dd1a33,discover-1
c1990,20,20,13,12,0.1714,access_connectivity,0.64,0.0,0.1,Project Components,0.0707,0.3217,0.7945,REF046,0.5308,shortlist,,20260918T0133-7dd1a33,discover-1
c2005,20,19,14,14,0.2,access_connectivity,0.7486,0.0,0.15,Project Components,0.0738,0.2828,0.7696,REF076,0.3497,shortlist,,20260918T0133-7dd1a33,discover-1
c0093,19,19,16,16,0.2286,dpi,0.969,0.0,0.4737,DESCRIPTION OF PROPOSED CHANGES,0.0957,0.15,0.8736,REF068,0.2325,shortlist,,20260918T0133-7dd1a33,discover-1
c0098,19,19,8,11,0.1571,access_connectivity,0.7599,0.0,0.2632,Climate Action Supported by the IDEA MPA,0.0534,0.3872,0.9752,REF036,0.3483,shortlist,,20260918T0133-7dd1a33,discover-1
c0117,19,12,9,9,0.1286,access_connectivity,0.9238,0.0,0.1053,Project Components,0.0397,0.2829,0.6436,REF079,0.3251,shortlist,,20260918T0133-7dd1a33,discover-1
c0140,19,19,16,16,0.2286,access_connectivity,0.961,0.0,0.4211,Fiduciary,0.092,0.2334,0.8393,REF057,0.3178,shortlist,,20260918T0133-7dd1a33,discover-1
c0203,19,18,14,11,0.1571,,0.0,0.0,0.6842,Implementation Arrangements and Support Plan,0.0787,0.2005,0.8207,REF069,0.2608,junk,junk_section_share>=0.6,20260918T0133-7dd1a33,discover-1
c0209,19,19,9,9,0.1286,access_connectivity,1.0,0.0,0.6842,DESCRIPTION OF PROPOSED CHANGES,0.0492,0.2491,0.7989,REF005,0.3861,junk,junk_section_share>=0.6,20260918T0133-7dd1a33,discover-1
c0236,19,18,14,12,0.1714,access_connectivity,0.8161,0.0,0.3684,Lessons Learned and Reflected in the Project Design,0.0778,0.3414,0.8111,REF087,0.3063,shortlist,,20260918T0133-7dd1a33,discover-1
c0272,19,19,12,9,0.1286,dpi,0.6784,0.0,0.1053,Timelines and Additional Details of Project Activities,0.0759,0.3175,0.9236,REF005,0.2909,shortlist,,20260918T0133-7dd1a33,discover-1
c0296,19,19,14,13,0.1857,access_connectivity,0.9464,0.0,0.7895,Environmental and Social,0.0655,0.3716,0.6826,REF049,0.3016,junk,junk_section_share>=0.6,20260918T0133-7dd1a33,discover-1
c0328,19,19,10,10,0.1429,cybersecurity,0.9183,0.0,0.6842,Changes to the Results Framework,0.0576,0.1813,0.8414,REF069,0.2218,junk,junk_section_share>=0.6,20260918T0133-7dd1a33,discover-1
c0349,19,19,15,14,0.2,drm_ews,0.9751,0.0,0.9474,KEY RISKS,0.0978,0.337,0.9516,REF030,0.3086,junk,junk_section_share>=0.6,20260918T0133-7dd1a33,discover-1
c0421,19,19,16,15,0.2143,access_connectivity,0.9036,0.0,0.1053,Project Components,0.0753,0.3104,0.6869,REF069,0.3333,shortlist,,20260918T0133-7dd1a33,discover-1
c0452,19,18,14,13,0.1857,drm_ews,0.7877,0.0,0.0,Sustainability,0.0739,0.336,0.7704,REF033,0.3135,shortlist,,20260918T0133-7dd1a33,discover-1
c0461,19,19,13,12,0.1714,dpi,0.6962,0.0,0.3684,Project Components,0.0698,0.2626,0.7837,REF062,0.407,shortlist,,20260918T0133-7dd1a33,discover-1
c0468,19,19,13,13,0.1857,dpi,0.9183,0.0,0.8947,Implementation Arrangements and Support Plan,0.0684,0.2783,0.7684,REF086,0.2548,junk,junk_section_share>=0.6,20260918T0133-7dd1a33,discover-1
c0517,19,18,14,12,0.1714,access_connectivity,0.0,0.0,0.5789,Implementation Arrangements and Support Plan,0.0706,0.4024,0.7365,REF030,0.3452,shortlist,,20260918T0133-7dd1a33,discover-1
c0543,19,19,15,14,0.2,dpi,0.9414,0.0,0.0,Sustainability,0.0893,0.2953,0.8691,REF046,0.3107,shortlist,,20260918T0133-7dd1a33,discover-1
c0562,19,18,13,11,0.1571,access_connectivity,0.8113,0.0,0.2105,Relevance to Higher Level Objectives,0.0638,0.315,0.7166,REF023,0.3453,shortlist,,20260918T0133-7dd1a33,discover-1
c0564,19,18,14,11,0.1571,dpi,0.5817,0.0,0.0,Sectoral and Institutional Context,0.0716,0.2898,0.747,REF008,0.3523,shortlist,,20260918T0133-7dd1a33,discover-1
c0618,19,19,19,15,0.2143,dpi,0.7248,0.0,0.4737,PROJECT STATUS AND RATIONALE FOR RESTRUCTURING,0.1,0.2556,0.7685,REF023,0.1903,shortlist,,20260918T0133-7dd1a33,discover-1
c0622,19,19,14,14,0.2,cybersecurity,0.9115,0.0,0.0526,Project Components,0.0816,0.311,0.8514,REF027,0.2107,shortlist,,20260918T0133-7dd1a33,discover-1
c0649,19,18,16,14,0.2,access_connectivity,0.9401,0.0,0.0526,Sectoral and Institutional Context,0.0915,0.3095,0.8349,REF020,0.2948,shortlist,,20260918T0133-7dd1a33,discover-1
c0656,19,19,16,16,0.2286,dpi,0.8173,0.0,0.2632,Project Components,0.0888,0.2968,0.8099,REF022,0.3007,shortlist,,20260918T0133-7dd1a33,discover-1
c0674,19,19,15,13,0.1857,dpi,0.9591,0.0,0.5789,Implementation Arrangements and Support Plan,0.0768,0.3099,0.7477,REF030,0.2881,shortlist,,20260918T0133-7dd1a33,discover-1
c0680,19,19,13,13,0.1857,dpi,0.875,0.0,0.2105,Technical Design and Component Descriptions,0.0624,0.2684,0.7005,REF038,0.3922,shortlist,,20260918T0133-7dd1a33,discover-1
c0700,19,19,13,12,0.1714,dpi,1.0,0.1053,0.5789,DESCRIPTION OF PROPOSED CHANGES,0.0669,0.3181,0.7508,REF030,0.305,shortlist,,20260918T0133-7dd1a33,discover-1
c0719,19,19,18,15,0.2143,access_connectivity,0.9183,0.0526,0.4211,DESCRIPTION OF PROPOSED CHANGES,0.0902,0.2932,0.732,REF030,0.2895,shortlist,,20260918T0133-7dd1a33,discover-1
c0754,19,19,16,15,0.2143,dpi,1.0,0.0,0.0526,Project Components,0.1012,0.28,0.9235,REF030,0.3493,shortlist,,20260918T0133-7dd1a33,discover-1
c0800,19,19,17,15,0.2143,dpi,0.971,0.0,0.3158,Project Components,0.0819,0.2971,0.7031,REF030,0.3241,shortlist,,20260918T0133-7dd1a33,discover-1
c0826,19,19,8,8,0.1143,dpi,0.865,0.0,0.2632,DETAILED CHANGE(S),0.0474,0.2432,0.8657,REF036,0.2198,shortlist,,20260918T0133-7dd1a33,discover-1
c0829,19,19,16,14,0.2,drm_ews,0.9101,0.0,0.3158,Implementation Arrangements and Support Plan,0.0798,0.2441,0.7282,REF027,0.2326,shortlist,,20260918T0133-7dd1a33,discover-1
c0880,19,19,4,1,0.0143,cybersecurity,0.0,0.0,0.0,"Detailed changes in activities and funds allocation, by component (in US$m)",0.021,0.2495,0.7674,REF081,0.5274,junk,n_projects<3,20260918T0133-7dd1a33,discover-1
c0882,19,19,16,19,0.2714,dpi,0.684,0.7895,0.0,"Technical, Economic and Financial Analysis",0.0931,0.2384,0.8498,REF079,0.3773,shortlist,,20260918T0133-7dd1a33,discover-1
c0907,19,19,15,14,0.2,access_connectivity,0.8429,0.0526,0.1053,"Technical, Economic and Financial Analysis",0.0756,0.2614,0.7358,REF085,0.293,shortlist,,20260918T0133-7dd1a33,discover-1
c0910,19,19,12,11,0.1571,access_connectivity,0.0,0.0,0.8947,Implementation Arrangements and Support Plan,0.0614,0.2945,0.7465,REF056,0.3199,junk,junk_section_share>=0.6,20260918T0133-7dd1a33,discover-1
c0931,19,13,9,9,0.1286,dpi,0.9629,0.0,0.0,Sectoral and Institutional Context,0.0442,0.2903,0.7172,REF067,0.3769,shortlist,,20260918T0133-7dd1a33,discover-1
c0966,19,19,13,12,0.1714,access_connectivity,0.7642,0.0,0.3158,Sustainability,0.0726,0.3581,0.8153,REF045,0.3554,shortlist,,20260918T0133-7dd1a33,discover-1
c1033,19,19,11,11,0.1571,,0.0,0.0,0.6842,Financial Management,0.0599,0.254,0.7955,REF085,0.2997,junk,junk_section_share>=0.6,20260918T0133-7dd1a33,discover-1
c1125,19,18,17,11,0.1571,access_connectivity,0.7219,0.1579,0.5263,DESCRIPTION OF PROPOSED CHANGES,0.0971,0.3382,0.8343,REF030,0.3485,shortlist,,20260918T0133-7dd1a33,discover-1
c1128,19,19,17,17,0.2429,dpi,0.9463,0.5789,0.3158,Relevance to Higher Level Objectives,0.0909,0.3056,0.7803,REF085,0.3729,shortlist,,20260918T0133-7dd1a33,discover-1
c1150,19,19,12,12,0.1714,dpi,0.9629,0.0,0.0526,Project Components,0.0622,0.3674,0.7564,REF064,0.6258,shortlist,,20260918T0133-7dd1a33,discover-1
c1177,19,19,8,8,0.1143,dpi,0.7486,0.0,0.0,Project Components,0.0505,0.2818,0.9208,REF057,0.272,shortlist,,20260918T0133-7dd1a33,discover-1
c1216,19,17,16,16,0.2286,cybersecurity,0.4784,0.0,0.0,Sectoral and Institutional Context,0.0839,0.2379,0.7651,REF047,0.4229,shortlist,,20260918T0133-7dd1a33,discover-1
c1246,19,19,12,11,0.1571,dpi,0.65,0.6316,0.1053,Project Components,0.064,0.3026,0.7783,REF079,0.3708,shortlist,,20260918T0133-7dd1a33,discover-1
c1305,19,18,14,14,0.2,access_connectivity,0.0,0.0526,0.9474,Results Monitoring and Evaluation Arrangements,0.0807,0.258,0.8416,REF057,0.2924,junk,junk_section_share>=0.6,20260918T0133-7dd1a33,discover-1
c1308,19,19,16,14,0.2,access_connectivity,0.8977,0.0,0.1053,Sectoral and Institutional Context,0.078,0.3856,0.7118,REF011,0.4134,shortlist,,20260918T0133-7dd1a33,discover-1
c1328,19,19,17,18,0.2571,cybersecurity,0.7065,0.0,0.3158,Sectoral and Institutional Context,0.0938,0.3288,0.8052,REF081,0.5738,shortlist,,20260918T0133-7dd1a33,discover-1
c1335,19,19,16,15,0.2143,dpi,0.7977,0.0,0.0,Relevance to Higher Level Objectives,0.0856,0.321,0.7814,REF087,0.4551,shortlist,,20260918T0133-7dd1a33,discover-1
c1357,19,18,14,13,0.1857,cybersecurity,0.9176,0.3158,0.3684,Relevance to Higher Level Objectives,0.0776,0.3523,0.8092,REF011,0.3739,shortlist,,20260918T0133-7dd1a33,discover-1
c1371,19,18,14,14,0.2,dpi,0.6961,0.0,0.1579,Project Beneficiaries,0.0797,0.3188,0.8311,REF062,0.3516,shortlist,,20260918T0133-7dd1a33,discover-1
c1379,19,17,11,11,0.1571,,0.0,0.0526,0.4737,Implementation Arrangements and Support Plan,0.0608,0.2627,0.8067,REF056,0.3331,shortlist,,20260918T0133-7dd1a33,discover-1
c1389,19,19,15,13,0.1857,access_connectivity,0.8113,0.0526,0.5789,DESCRIPTION OF PROPOSED CHANGES,0.0742,0.2919,0.7217,REF005,0.2945,shortlist,,20260918T0133-7dd1a33,discover-1
c1411,19,19,16,14,0.2,,0.0,0.0,0.8421,Implementation Arrangements and Support Plan,0.0935,0.1896,0.8531,REF027,0.2453,junk,junk_section_share>=0.6,20260918T0133-7dd1a33,discover-1
c1420,19,19,18,18,0.2571,,0.0,0.0,0.9474,Implementation Arrangements and Support Plan,0.1001,0.2394,0.8117,REF045,0.3731,junk,junk_section_share>=0.6,20260918T0133-7dd1a33,discover-1
c1440,19,19,10,11,0.1571,drm_ews,0.8622,0.0,0.1053,Relevance to Higher Level Objectives,0.0534,0.5094,0.7796,REF041,0.5125,shortlist,,20260918T0133-7dd1a33,discover-1
c1447,19,19,12,9,0.1286,dpi,0.8113,0.0,0.3684,Project Components,0.0697,0.3316,0.8483,REF030,0.445,shortlist,,20260918T0133-7dd1a33,discover-1
c1546,19,18,12,11,0.1571,,0.0,0.2632,1.0,Institutional and Implementation Arrangements,0.064,0.2732,0.7788,REF030,0.3629,junk,junk_section_share>=0.6,20260918T0133-7dd1a33,discover-1
c1558,19,19,14,14,0.2,access_connectivity,0.7219,0.0,0.1579,Project Components,0.0737,0.2914,0.7689,REF011,0.5501,shortlist,,20260918T0133-7dd1a33,discover-1
c1565,19,19,18,20,0.2857,access_connectivity,0.8113,0.1053,0.1053,Rationale for World Bank Involvement and Role of Partners,0.0929,0.2723,0.7534,REF005,0.3985,shortlist,,20260918T0133-7dd1a33,discover-1
c1629,19,14,10,10,0.1429,access_connectivity,0.9183,0.0526,0.0,Project Components,0.0521,0.2201,0.7604,REF011,0.4835,shortlist,,20260918T0133-7dd1a33,discover-1
c1635,19,19,14,14,0.2,drm_ews,0.7755,0.0,0.0526,Project Components,0.0753,0.6753,0.7851,REF085,0.6106,shortlist,,20260918T0133-7dd1a33,discover-1
c1665,19,19,18,16,0.2286,dpi,0.9212,0.0,0.7368,Implementation Arrangements and Support Plan,0.0831,0.2329,0.6744,REF005,0.3404,junk,junk_section_share>=0.6,20260918T0133-7dd1a33,discover-1
c1674,19,15,11,10,0.1429,dpi,0.6666,0.0,0.0,Economic and Financial Analysis,0.0575,0.2133,0.7629,REF005,0.444,shortlist,,20260918T0133-7dd1a33,discover-1
c1694,19,17,11,11,0.1571,,0.0,0.2632,0.9474,Implementation Arrangements and Support Plan,0.0571,0.2158,0.7579,REF085,0.3047,junk,junk_section_share>=0.6,20260918T0133-7dd1a33,discover-1
c1741,19,17,13,13,0.1857,,0.0,0.2105,1.0,Fiduciary,0.0668,0.2198,0.7505,REF045,0.4049,junk,junk_section_share>=0.6,20260918T0133-7dd1a33,discover-1
c1861,19,17,13,12,0.1714,access_connectivity,0.8346,0.0,0.1053,Sectoral and Institutional Context,0.0674,0.2084,0.7575,REF061,0.5246,shortlist,,20260918T0133-7dd1a33,discover-1
c1865,19,19,12,10,0.1429,access_connectivity,0.6166,0.0,0.0,"Technical, Economic, and Financial Analysis",0.0642,0.262,0.7808,REF046,0.4969,shortlist,,20260918T0133-7dd1a33,discover-1
c1923,19,19,7,4,0.0571,fiber,1.0,0.0,0.3684,Implementation Arrangements and Support Plan,0.0417,0.2138,0.8707,REF088,0.4292,shortlist,,20260918T0133-7dd1a33,discover-1
c1944,19,19,11,11,0.1571,dpi,0.9796,0.0,0.1579,Project Components,0.0575,0.2495,0.7637,REF042,0.4679,shortlist,,20260918T0133-7dd1a33,discover-1
c1956,19,19,17,16,0.2286,mobile_towers,0.7361,0.0,0.0,Sectoral and Institutional Context,0.0874,0.2035,0.7505,REF087,0.4401,shortlist,,20260918T0133-7dd1a33,discover-1
c1996,19,17,12,12,0.1714,access_connectivity,0.7517,0.1579,0.0526,Specific Project Design Analysis,0.0583,0.313,0.7098,REF046,0.6011,shortlist,,20260918T0133-7dd1a33,discover-1
c2003,19,19,13,12,0.1714,access_connectivity,0.7006,0.0,0.0526,Project Components,0.0681,0.3282,0.7651,REF037,0.6011,shortlist,,20260918T0133-7dd1a33,discover-1
c0084,18,18,8,7,0.1,access_connectivity,0.8587,0.0,0.0556,Detailed Project Description,0.0531,0.3285,0.9698,REF011,0.3494,shortlist,,20260918T0133-7dd1a33,discover-1
c0095,18,18,16,16,0.2286,submarine_cable,0.0,0.1667,0.9444,Implementation Arrangements and Support Plan,0.0995,0.2655,0.9081,REF045,0.3666,junk,junk_section_share>=0.6,20260918T0133-7dd1a33,discover-1
c0102,18,18,13,13,0.1857,,0.0,0.0,0.8333,Implementation Arrangements and Support Plan,0.0864,0.1848,0.9706,REF030,0.1674,junk,junk_section_share>=0.6,20260918T0133-7dd1a33,discover-1
c0121,18,15,4,2,0.0286,access_connectivity,0.0,0.0,0.3333,DESCRIPTION OF PROPOSED CHANGES,0.0246,0.2907,0.8971,REF087,0.5661,junk,n_projects<3,20260918T0133-7dd1a33,discover-1
c0128,18,18,15,13,0.1857,dpi,1.0,0.0,0.8889,Results Monitoring and Evaluation Arrangements,0.0901,0.2945,0.8771,REF030,0.2896,junk,junk_section_share>=0.6,20260918T0133-7dd1a33,discover-1
c0165,18,18,13,12,0.1714,dpi,0.9591,0.0,0.6667,Technical Design and Component Descriptions,0.0728,0.3308,0.8178,REF018,0.4187,junk,junk_section_share>=0.6,20260918T0133-7dd1a33,discover-1
c0191,18,17,15,13,0.1857,,0.0,0.2778,0.7778,Implementation Arrangements and Support Plan,0.088,0.2555,0.8564,REF012,0.2879,junk,junk_section_share>=0.6,20260918T0133-7dd1a33,discover-1
c0225,18,18,15,14,0.2,dpi,0.8053,0.0,0.3333,KEY RISKS,0.0938,0.2105,0.9128,REF023,0.2323,shortlist,,20260918T0133-7dd1a33,discover-1
c0294,18,17,7,9,0.1286,drm_ews,0.961,0.0,0.6111,Implementation Arrangements and Project Support,0.0381,0.2799,0.7945,REF049,0.3491,junk,junk_section_share>=0.6,20260918T0133-7dd1a33,discover-1
c0315,18,18,11,11,0.1571,drm_ews,0.0,0.0,1.0,Implementation Arrangements and Support Plan,0.0722,0.3464,0.9581,REF030,0.3308,junk,junk_section_share>=0.6,20260918T0133-7dd1a33,discover-1
c0324,18,16,12,11,0.1571,dpi,0.6788,0.0,0.0556,Climate Co-Benefits Table,0.0591,0.2439,0.7193,REF083,0.3336,shortlist,,20260918T0133-7dd1a33,discover-1
c0335,18,17,14,14,0.2,,0.0,0.0,1.0,Implementation Arrangements and Support Plan,0.0801,0.4253,0.8353,REF085,0.4529,junk,junk_section_share>=0.6,20260918T0133-7dd1a33,discover-1
c0378,18,18,11,11,0.1571,access_connectivity,0.865,0.0,0.6667,KEY RISKS,0.0574,0.5071,0.7617,REF030,0.4876,junk,junk_section_share>=0.6,20260918T0133-7dd1a33,discover-1
c0380,18,18,15,15,0.2143,access_connectivity,0.9183,0.0,0.9444,Implementation Arrangements and Support Plan,0.0849,0.4439,0.8264,REF030,0.4735,junk,junk_section_share>=0.6,20260918T0133-7dd1a33,discover-1
c0445,18,17,15,15,0.2143,data_hosting,0.9284,0.0,0.3889,Assessment of Financial Intermediary,0.083,0.3047,0.8081,REF030,0.2475,shortlist,,20260918T0133-7dd1a33,discover-1
c0477,18,17,11,9,0.1286,access_connectivity,0.0,0.1667,0.0,Project Components,0.0592,0.2823,0.7852,REF046,0.4596,shortlist,,20260918T0133-7dd1a33,discover-1
c0483,18,18,13,12,0.1714,access_connectivity,0.6696,0.0,0.5556,Implementation Arrangements and Support Plan,0.0744,0.2744,0.8358,REF086,0.2489,shortlist,,20260918T0133-7dd1a33,discover-1
c0506,18,18,16,13,0.1857,access_connectivity,0.875,0.0,0.7222,KEY RISKS,0.0817,0.3527,0.7456,REF083,0.3713,junk,junk_section_share>=0.6,20260918T0133-7dd1a33,discover-1
c0533,18,16,12,12,0.1714,dpi,0.7501,0.0,0.0,"Technical, Economic and Financial Analysis",0.0608,0.3021,0.7397,REF005,0.3521,shortlist,,20260918T0133-7dd1a33,discover-1
c0560,18,17,5,3,0.0429,access_connectivity,0.0,0.0,0.6111,Fiduciary,0.0265,0.2891,0.774,REF031,0.3439,junk,junk_section_share>=0.6,20260918T0133-7dd1a33,discover-1
c0590,18,18,11,10,0.1429,access_connectivity,0.812,0.0,0.2222,Project Development Objective,0.0616,0.2477,0.8171,REF089,0.2334,shortlist,,20260918T0133-7dd1a33,discover-1
c0605,18,17,15,15,0.2143,dpi,1.0,0.0,0.7222,Implementation Arrangements and Support Plan,0.0775,0.3201,0.7541,REF063,0.2966,junk,junk_section_share>=0.6,20260918T0133-7dd1a33,discover-1
c0624,18,17,13,12,0.1714,cybersecurity,0.9751,0.0,0.3889,Implementation Arrangements and Support Plan,0.0706,0.3607,0.7933,REF056,0.3669,shortlist,,20260918T0133-7dd1a33,discover-1
c0659,18,18,16,15,0.2143,access_connectivity,0.9697,0.0,0.4444,Implementation Arrangements and Support Plan,0.0912,0.3092,0.8318,REF030,0.3086,shortlist,,20260918T0133-7dd1a33,discover-1
c0688,18,14,7,6,0.0857,dpi,0.8031,0.1667,0.1111,Sectoral and Institutional Context,0.0352,0.3423,0.7334,REF005,0.6553,shortlist,,20260918T0133-7dd1a33,discover-1
c0714,18,18,15,18,0.2571,dpi,0.861,0.0,0.1111,Project Components,0.0831,0.3144,0.8085,REF061,0.3384,shortlist,,20260918T0133-7dd1a33,discover-1
c0723,18,18,16,17,0.2429,access_connectivity,0.8072,0.0,0.5556,Lessons Learned and Reflected in the Project Design,0.0864,0.2891,0.7884,REF027,0.3347,shortlist,,20260918T0133-7dd1a33,discover-1
c0729,18,18,17,16,0.2286,dpi,0.861,0.0,0.0,Project Components,0.1154,0.2539,0.991,REF030,0.3216,shortlist,,20260918T0133-7dd1a33,discover-1
c0732,18,17,13,16,0.2286,data_hosting,0.8709,0.0,0.0,Sectoral and Institutional Context,0.0651,0.5973,0.7314,REF051,0.5176,shortlist,,20260918T0133-7dd1a33,discover-1
c0742,18,18,13,13,0.1857,dpi,0.7755,0.0,0.2778,Sectoral and Institutional Context,0.0678,0.3531,0.7613,REF069,0.2309,shortlist,,20260918T0133-7dd1a33,discover-1
c0744,18,18,16,15,0.2143,dpi,0.9621,0.0,0.1111,Sectoral and Institutional Context,0.0758,0.3516,0.6918,REF030,0.2776,shortlist,,20260918T0133-7dd1a33,discover-1
c0756,18,18,15,15,0.2143,access_connectivity,0.8622,0.0,0.1667,Project Components,0.0729,0.3728,0.7093,REF066,0.3263,shortlist,,20260918T0133-7dd1a33,discover-1
c0782,18,18,17,12,0.1714,access_connectivity,0.9544,0.0,0.3333,Rationale for Restructuring,0.0761,0.2707,0.654,REF005,0.2846,shortlist,,20260918T0133-7dd1a33,discover-1
c0790,18,18,15,13,0.1857,cybersecurity,0.9183,0.0,0.5,DETAILED CHANGE(S),0.0732,0.3214,0.7125,REF030,0.2726,shortlist,,20260918T0133-7dd1a33,discover-1
c0808,18,18,16,16,0.2286,access_connectivity,0.8814,0.0,0.4444,Project Components,0.075,0.3528,0.6843,REF023,0.263,shortlist,,20260918T0133-7dd1a33,discover-1
c0848,18,18,11,11,0.1571,access_connectivity,0.8869,0.0,0.1667,Detailed Project Description,0.0488,0.2267,0.6473,REF069,0.1976,shortlist,,20260918T0133-7dd1a33,discover-1
c0871,18,16,5,5,0.0714,access_connectivity,0.9403,0.0,0.0,Economic and Financial Analysis,0.0298,0.2831,0.87,REF085,0.3462,shortlist,,20260918T0133-7dd1a33,discover-1
c0906,18,18,14,17,0.2429,access_connectivity,0.7897,0.0,0.1111,"Technical, Economic and Financial Analysis",0.0838,0.3362,0.8738,REF030,0.3401,shortlist,,20260918T0133-7dd1a33,discover-1
c0928,18,14,13,11,0.1571,data_hosting,0.9056,0.0,0.0,Project Components,0.0682,0.2961,0.7662,REF079,0.4502,shortlist,,20260918T0133-7dd1a33,discover-1
c0960,18,15,7,7,0.1,access_connectivity,1.0,0.8889,0.0,Project Components,0.0382,0.2269,0.7977,REF056,0.5719,shortlist,,20260918T0133-7dd1a33,discover-1
c1000,18,18,13,13,0.1857,access_connectivity,0.8194,0.0,0.0,"Technical, Economic and Financial Analysis",0.0689,0.2685,0.7744,REF030,0.2984,shortlist,,20260918T0133-7dd1a33,discover-1
c1030,18,18,15,15,0.2143,access_connectivity,1.0,0.1667,0.8333,Results Monitoring and Evaluation Arrangements,0.0752,0.3273,0.732,REF053,0.3808,junk,junk_section_share>=0.6,20260918T0133-7dd1a33,discover-1
c1032,18,17,8,4,0.0571,dpi,0.0,0.0,0.5556,DESCRIPTION OF PROPOSED CHANGES,0.043,0.2023,0.7848,REF005,0.4768,shortlist,,20260918T0133-7dd1a33,discover-1
c1059,18,18,10,11,0.1571,dpi,0.889,0.0,0.3889,RESULTS FRAMEWORK AND MONITORING,0.0525,0.3797,0.7664,REF036,0.5605,shortlist,,20260918T0133-7dd1a33,discover-1
c1147,18,17,12,11,0.1571,dpi,0.7298,0.3889,0.0,Rationale for Bank Involvement and Role of Partners,0.0615,0.2786,0.7485,REF005,0.4067,shortlist,,20260918T0133-7dd1a33,discover-1
c1153,18,18,15,17,0.2429,dpi,0.8239,0.0,0.0556,Project Components,0.0734,0.3584,0.7142,REF064,0.6315,shortlist,,20260918T0133-7dd1a33,discover-1
c1181,18,16,14,14,0.2,drm_ews,0.5961,0.0,0.3333,Project Beneficiaries,0.0823,0.425,0.858,REF041,0.4441,shortlist,,20260918T0133-7dd1a33,discover-1
c1202,18,18,11,11,0.1571,cybersecurity,0.64,0.0,0.1111,Sectoral and Institutional Context,0.0569,0.2891,0.7552,REF084,0.572,shortlist,,20260918T0133-7dd1a33,discover-1
c1259,18,17,12,12,0.1714,,0.0,0.0,0.8889,Fiduciary,0.0735,0.2497,0.8938,REF045,0.3813,junk,junk_section_share>=0.6,20260918T0133-7dd1a33,discover-1
c1283,18,18,13,11,0.1571,data_hosting,1.0,0.0,0.7778,Implementation Arrangements and Support Plan,0.0713,0.2867,0.8003,REF085,0.3187,junk,junk_section_share>=0.6,20260918T0133-7dd1a33,discover-1
c1339,18,17,10,9,0.1286,access_connectivity,0.8148,0.0,0.1667,Project Components,0.0564,0.2981,0.8229,REF062,0.4326,shortlist,,20260918T0133-7dd1a33,discover-1
c1343,18,18,15,15,0.2143,access_connectivity,0.0,0.1667,0.9444,KEY RISKS,0.0791,0.4068,0.77,REF030,0.4811,junk,junk_section_share>=0.6,20260918T0133-7dd1a33,discover-1
c1475,18,18,14,13,0.1857,access_connectivity,0.7219,0.0,0.6111,Implementation Arrangements and Support Plan,0.0659,0.3221,0.6868,REF005,0.3161,junk,junk_section_share>=0.6,20260918T0133-7dd1a33,discover-1
c1477,18,18,18,18,0.2571,,0.0,0.1667,1.0,Implementation Arrangements and Support Plan,0.1036,0.2154,0.8404,REF085,0.3174,junk,junk_section_share>=0.6,20260918T0133-7dd1a33,discover-1
c1492,18,18,13,12,0.1714,dpi,0.6813,0.0,0.0556,Project Components,0.0718,0.2518,0.8062,REF064,0.5209,shortlist,,20260918T0133-7dd1a33,discover-1
c1516,18,16,4,3,0.0429,dpi,0.7871,0.0,0.1667,Project Components,0.0211,0.2648,0.7712,REF068,0.411,shortlist,,20260918T0133-7dd1a33,discover-1
c1517,18,18,17,15,0.2143,dpi,0.6183,0.0,0.1111,Project Components,0.0949,0.2235,0.8151,REF079,0.4507,shortlist,,20260918T0133-7dd1a33,discover-1
c1533,18,18,6,6,0.0857,access_connectivity,0.8962,0.0,0.1667,Project Components,0.0366,0.2354,0.8908,REF005,0.3384,shortlist,,20260918T0133-7dd1a33,discover-1
c1551,18,18,14,13,0.1857,access_connectivity,0.0,0.6667,0.9444,Implementation Arrangements and Support Plan,0.0731,0.3032,0.7625,REF005,0.3806,junk,junk_section_share>=0.6,20260918T0133-7dd1a33,discover-1
c1612,18,18,15,15,0.2143,,0.0,0.0,0.9444,Implementation Arrangements and Support Plan,0.0815,0.2742,0.7937,REF085,0.3549,junk,junk_section_share>=0.6,20260918T0133-7dd1a33,discover-1
c1726,18,18,14,12,0.1714,access_connectivity,0.7248,0.0,0.6667,PROJECT STATUS AND RATIONALE FOR RESTRUCTURING,0.0723,0.2692,0.7538,REF045,0.4087,junk,junk_section_share>=0.6,20260918T0133-7dd1a33,discover-1
c1732,18,18,14,14,0.2,,0.0,0.0,1.0,Implementation Arrangements and Support Plan,0.0815,0.1899,0.8503,REF045,0.3897,junk,junk_section_share>=0.6,20260918T0133-7dd1a33,discover-1
c1772,18,11,7,5,0.0714,mobile_towers,0.971,0.0,0.0556,Detailed Sectoral and Institutional Context,0.0359,0.2636,0.7491,REF072,0.3077,shortlist,,20260918T0133-7dd1a33,discover-1
c1825,18,18,15,18,0.2571,access_connectivity,0.919,0.0,0.0,Sectoral and Institutional Context,0.0733,0.2488,0.7133,REF011,0.2154,shortlist,,20260918T0133-7dd1a33,discover-1
c1828,18,15,8,8,0.1143,dpi,0.8479,0.0,0.1667,Country Context,0.0418,0.2868,0.7635,REF058,0.3037,shortlist,,20260918T0133-7dd1a33,discover-1
c1848,18,17,11,11,0.1571,access_connectivity,0.6284,0.2222,0.0556,Project Components,0.0536,0.267,0.7118,REF045,0.5374,shortlist,,20260918T0133-7dd1a33,discover-1
c1907,18,18,16,17,0.2429,access_connectivity,0.4416,0.0,0.2778,"Technical, Economic and Financial Analysis",0.0883,0.2508,0.8055,REF046,0.6126,shortlist,,20260918T0133-7dd1a33,discover-1
c1919,18,17,13,12,0.1714,dpi,0.8856,0.0,0.0,Sectoral and Institutional Context,0.0663,0.2518,0.745,REF056,0.4629,shortlist,,20260918T0133-7dd1a33,discover-1
c1921,18,18,8,7,0.1,dpi,0.9911,0.0,0.2222,Sectoral and Institutional Context,0.0438,0.2494,0.8001,REF084,0.5436,shortlist,,20260918T0133-7dd1a33,discover-1
c1969,18,16,6,6,0.0857,dpi,0.7425,0.0,0.1111,Project Components,0.0305,0.215,0.7411,REF079,0.437,shortlist,,20260918T0133-7dd1a33,discover-1
c2002,18,17,13,12,0.1714,access_connectivity,0.6257,0.0,0.0,Project Components,0.0694,0.3673,0.7789,REF034,0.5669,shortlist,,20260918T0133-7dd1a33,discover-1
c0072,17,17,16,15,0.2143,,0.0,0.0,0.0,DETAILED CHANGE(S),0.1066,0.2132,0.973,REF003,0.2608,shortlist,,20260918T0133-7dd1a33,discover-1
c0074,17,17,3,3,0.0429,access_connectivity,0.5714,0.0,0.0,Detailed Project Description,0.0198,0.2246,0.964,REF071,0.2381,shortlist,,20260918T0133-7dd1a33,discover-1
c0076,17,17,16,19,0.2714,access_connectivity,0.9134,0.0,0.0588,Sectoral and Institutional Context,0.1096,0.2441,1.0,REF027,0.2496,shortlist,,20260918T0133-7dd1a33,discover-1
c0081,17,15,12,12,0.1714,mobile_towers,1.0,0.0,0.8824,Implementation Arrangements and Support Plan,0.0732,0.2684,0.89,REF030,0.2469,junk,junk_section_share>=0.6,20260918T0133-7dd1a33,discover-1
c0108,17,17,13,13,0.1857,,0.0,0.3529,1.0,Implementation Arrangements and Support Plan,0.0771,0.2248,0.8659,REF086,0.367,junk,junk_section_share>=0.6,20260918T0133-7dd1a33,discover-1
c0234,17,15,14,11,0.1571,,0.0,0.0,0.6471,Implementation Arrangements and Support Plan,0.0639,0.2896,0.6669,REF031,0.3076,junk,junk_section_share>=0.6,20260918T0133-7dd1a33,discover-1
c0251,17,14,14,13,0.1857,access_connectivity,0.961,0.0,0.8235,Implementation Arrangements and Support Plan,0.0826,0.2677,0.8614,REF049,0.3064,junk,junk_section_share>=0.6,20260918T0133-7dd1a33,discover-1
c0326,17,14,11,10,0.1429,access_connectivity,0.0,0.2353,0.4118,Environmental and Social,0.0575,0.4202,0.7632,REF030,0.4734,shortlist,,20260918T0133-7dd1a33,discover-1
c0353,17,15,9,7,0.1,,0.0,0.0,0.1176,DETAILED CHANGE(S),0.048,0.2562,0.7792,REF030,0.2707,shortlist,,20260918T0133-7dd1a33,discover-1
c0365,17,11,10,10,0.1429,access_connectivity,0.0,0.0,0.5882,Environmental and Social,0.0482,0.5343,0.7043,REF014,0.2969,shortlist,,20260918T0133-7dd1a33,discover-1
c0374,17,17,16,14,0.2,access_connectivity,0.0,0.0,0.8824,Environmental and Social,0.0938,0.38,0.8557,REF030,0.3633,junk,junk_section_share>=0.6,20260918T0133-7dd1a33,discover-1
c0413,17,16,14,14,0.2,access_connectivity,0.7443,0.0,0.2353,Sustainability,0.0703,0.3475,0.7334,REF029,0.282,shortlist,,20260918T0133-7dd1a33,discover-1
c0428,17,17,15,13,0.1857,access_connectivity,0.865,0.0,0.2941,Sectoral and Institutional Context,0.0796,0.3055,0.7749,REF023,0.1838,shortlist,,20260918T0133-7dd1a33,discover-1
c0488,17,17,16,15,0.2143,access_connectivity,0.7642,0.0,0.8824,Lessons Learned and Reflected in the Project Design,0.0906,0.2406,0.8263,REF059,0.2494,junk,junk_section_share>=0.6,20260918T0133-7dd1a33,discover-1
c0495,17,17,13,16,0.2286,access_connectivity,0.8699,0.0,0.5882,Implementation Arrangements and Support Plan,0.0721,0.251,0.8092,REF030,0.194,shortlist,,20260918T0133-7dd1a33,discover-1
c0496,17,17,15,14,0.2,cybersecurity,0.9718,0.3529,0.0588,Technical Analysis,0.0805,0.3475,0.784,REF005,0.3432,shortlist,,20260918T0133-7dd1a33,discover-1
c0499,17,15,13,12,0.1714,dpi,0.5917,0.0,0.3529,Project Components,0.0647,0.3259,0.7262,REF089,0.5029,shortlist,,20260918T0133-7dd1a33,discover-1
c0540,17,17,16,15,0.2143,,0.0,0.0,1.0,Implementation Arrangements and Support Plan,0.0883,0.3042,0.806,REF023,0.2997,junk,junk_section_share>=0.6,20260918T0133-7dd1a33,discover-1
c0606,17,17,15,12,0.1714,access_connectivity,0.8764,0.0,0.5294,Implementation Arrangements and Support Plan,0.0817,0.2825,0.7948,REF027,0.1917,shortlist,,20260918T0133-7dd1a33,discover-1
c0629,17,17,6,9,0.1286,cybersecurity,0.8342,0.0,0.0,Project Components,0.036,0.2652,0.8764,REF053,0.3401,shortlist,,20260918T0133-7dd1a33,discover-1
c0648,17,17,13,15,0.2143,access_connectivity,0.8923,0.0,0.0588,Sectoral and Institutional Context,0.066,0.3369,0.741,REF043,0.3144,shortlist,,20260918T0133-7dd1a33,discover-1
c0655,17,17,15,15,0.2143,access_connectivity,0.8764,0.0,0.1765,Project Components,0.079,0.3094,0.7686,REF030,0.332,shortlist,,20260918T0133-7dd1a33,discover-1
c0753,17,17,14,14,0.2,dpi,0.9232,0.0,0.1176,Project Components,0.0743,0.2824,0.7749,REF030,0.3159,shortlist,,20260918T0133-7dd1a33,discover-1
c0767,17,15,8,11,0.1571,dpi,0.8561,0.0,0.1765,Technical Design and Component Descriptions,0.0468,0.2225,0.8535,REF066,0.2163,shortlist,,20260918T0133-7dd1a33,discover-1
c0798,17,17,17,13,0.1857,dpi,0.8129,0.0,0.2941,Project Status,0.0936,0.3402,0.8039,REF020,0.2993,shortlist,,20260918T0133-7dd1a33,discover-1
c0811,17,17,12,14,0.2,access_connectivity,0.9675,0.0,0.4118,Implementation Arrangements and Support Plan,0.0669,0.1834,0.8143,REF059,0.1539,shortlist,,20260918T0133-7dd1a33,discover-1
c0816,17,17,15,13,0.1857,dpi,0.9528,0.0,0.4706,Fiduciary,0.0829,0.1882,0.8072,REF003,0.1648,shortlist,,20260918T0133-7dd1a33,discover-1
c0833,17,17,15,13,0.1857,access_connectivity,0.9183,0.0,0.8235,Implementation Arrangements and Support Plan,0.0855,0.3058,0.8318,REF086,0.254,junk,junk_section_share>=0.6,20260918T0133-7dd1a33,discover-1
c0847,17,17,13,11,0.1571,dpi,0.8194,0.5294,0.0,Project Components,0.0801,0.2309,0.8995,REF053,0.2791,shortlist,,20260918T0133-7dd1a33,discover-1
c0853,17,17,15,14,0.2,access_connectivity,0.9183,0.0,0.5882,Implementation Arrangements and Support Plan,0.0774,0.2977,0.7534,REF045,0.4076,shortlist,,20260918T0133-7dd1a33,discover-1
c0855,17,17,13,12,0.1714,access_connectivity,0.9212,0.0,0.2941,Implementation Arrangements and Support Plan,0.0594,0.249,0.6667,REF069,0.2339,shortlist,,20260918T0133-7dd1a33,discover-1
c0864,17,17,14,13,0.1857,dpi,0.7728,0.0,0.4118,Sectoral and Institutional Context,0.0731,0.3019,0.7622,REF064,0.514,shortlist,,20260918T0133-7dd1a33,discover-1
c0883,17,17,16,19,0.2714,dpi,0.8639,0.0,0.0,Project Components,0.0793,0.2722,0.7237,REF067,0.3641,shortlist,,20260918T0133-7dd1a33,discover-1
c0981,17,17,15,18,0.2571,dpi,0.8113,0.0,0.0,"Technical, Economic and Financial Analysis",0.0969,0.2644,0.9434,REF067,0.3792,shortlist,,20260918T0133-7dd1a33,discover-1
c0988,17,14,7,6,0.0857,dpi,0.9183,0.0,0.0588,Project Components,0.0347,0.2187,0.7233,REF005,0.4166,shortlist,,20260918T0133-7dd1a33,discover-1
c0995,17,17,16,13,0.1857,access_connectivity,1.0,0.1176,0.4706,PROJECT STATUS AND RATIONALE FOR RESTRUCTURING,0.0852,0.307,0.7773,REF036,0.3017,shortlist,,20260918T0133-7dd1a33,discover-1
c1004,17,17,15,15,0.2143,access_connectivity,0.6696,0.0,0.0,"Technical, Economic and Financial Analysis",0.0906,0.2678,0.8823,REF085,0.3317,shortlist,,20260918T0133-7dd1a33,discover-1
c1025,17,17,11,10,0.1429,dpi,0.9464,0.0,0.1176,Project Components,0.061,0.2608,0.8096,REF006,0.5512,shortlist,,20260918T0133-7dd1a33,discover-1
c1027,17,16,14,16,0.2286,access_connectivity,0.4138,0.4706,0.0,Relevance to Higher Level Objectives,0.0747,0.2802,0.7788,REF007,0.4179,shortlist,,20260918T0133-7dd1a33,discover-1
c1079,17,15,10,11,0.1571,dpi,0.0,0.0,0.8824,Implementation Arrangements and Support Plan,0.0539,0.2607,0.7875,REF085,0.3086,junk,junk_section_share>=0.6,20260918T0133-7dd1a33,discover-1
c1084,17,14,13,12,0.1714,dpi,0.7814,0.2941,0.0,Project Beneficiaries,0.0726,0.2661,0.8157,REF036,0.4415,shortlist,,20260918T0133-7dd1a33,discover-1
c1134,17,16,16,16,0.2286,dpi,0.9602,0.0,0.6471,KEY RISKS,0.0848,0.389,0.7739,REF030,0.3308,junk,junk_section_share>=0.6,20260918T0133-7dd1a33,discover-1
c1163,17,17,13,11,0.1571,access_connectivity,1.0,0.0,0.4706,Project Development Objective,0.0652,0.2046,0.7317,REF062,0.4094,shortlist,,20260918T0133-7dd1a33,discover-1
c1165,17,16,12,14,0.2,dpi,0.9328,0.0588,0.1176,Project Components,0.0643,0.2539,0.7818,REF064,0.5711,shortlist,,20260918T0133-7dd1a33,discover-1
c1189,17,17,16,12,0.1714,access_connectivity,0.865,0.0588,0.3529,PROJECT STATUS AND RATIONALE FOR RESTRUCTURING,0.0924,0.2185,0.8429,REF045,0.1939,shortlist,,20260918T0133-7dd1a33,discover-1
c1190,17,17,11,10,0.1429,dpi,1.0,0.0,0.4706,Changes in Components and Costs,0.0548,0.3273,0.7275,REF086,0.3168,shortlist,,20260918T0133-7dd1a33,discover-1
c1210,17,15,12,12,0.1714,cybersecurity,0.4138,0.0,0.4706,KEY RISKS,0.0577,0.4023,0.7023,REF001,0.4894,shortlist,,20260918T0133-7dd1a33,discover-1
c1244,17,15,10,10,0.1429,cybersecurity,0.971,0.0,0.7647,Fiduciary,0.0534,0.2809,0.7802,REF030,0.3741,junk,junk_section_share>=0.6,20260918T0133-7dd1a33,discover-1
c1304,17,16,14,14,0.2,drm_ews,0.7744,0.0,0.0588,Sectoral and Institutional Context,0.0718,0.5188,0.7489,REF055,0.4205,shortlist,,20260918T0133-7dd1a33,discover-1
c1331,17,16,15,13,0.1857,access_connectivity,0.8384,0.0588,0.3529,Relevance to Higher Level Objectives,0.0977,0.2824,0.9506,REF085,0.3139,shortlist,,20260918T0133-7dd1a33,discover-1
c1346,17,17,14,13,0.1857,access_connectivity,0.7248,0.0,0.4118,Lessons Learned and Reflected in the Project Design,0.0805,0.3552,0.8392,REF030,0.3723,shortlist,,20260918T0133-7dd1a33,discover-1
c1386,17,15,10,9,0.1286,dpi,0.0,0.0,0.1765,Technical and Economic Analysis,0.0544,0.3598,0.7937,REF061,0.3396,shortlist,,20260918T0133-7dd1a33,discover-1
c1394,17,17,17,17,0.2429,dpi,0.8113,0.0,0.5294,Implementation Arrangements and Support Plan,0.1016,0.2296,0.8729,REF079,0.2732,shortlist,,20260918T0133-7dd1a33,discover-1
c1409,17,17,13,13,0.1857,access_connectivity,0.0,0.0588,1.0,Implementation Arrangements and Support Plan,0.0657,0.2427,0.7381,REF085,0.3183,junk,junk_section_share>=0.6,20260918T0133-7dd1a33,discover-1
c1424,17,17,12,11,0.1571,drm_ews,0.5931,0.0,0.0588,Country Context,0.0701,0.373,0.8525,REF041,0.4055,shortlist,,20260918T0133-7dd1a33,discover-1
c1500,17,17,15,15,0.2143,drm_ews,1.0,0.7059,0.9412,Institutional and Implementation Arrangements,0.0825,0.2705,0.8027,REF085,0.3705,junk,junk_section_share>=0.6,20260918T0133-7dd1a33,discover-1
c1515,17,17,10,8,0.1143,access_connectivity,0.0,0.4706,0.1765,Project Components,0.0619,0.2645,0.9038,REF079,0.3397,shortlist,,20260918T0133-7dd1a33,discover-1
c1577,17,16,8,10,0.1429,dpi,0.0,0.0,0.2353,Technical Design and Component Descriptions,0.042,0.2647,0.7659,REF068,0.4604,shortlist,,20260918T0133-7dd1a33,discover-1
c1607,17,17,15,15,0.2143,,0.0,0.0,1.0,Implementation Arrangements and Support Plan,0.0959,0.222,0.933,REF005,0.3389,junk,junk_section_share>=0.6,20260918T0133-7dd1a33,discover-1
c1614,17,15,10,10,0.1429,access_connectivity,0.807,0.0,0.0588,Country Context,0.0521,0.2782,0.7601,REF011,0.3558,shortlist,,20260918T0133-7dd1a33,discover-1
c1699,17,16,12,11,0.1571,dpi,0.9602,0.0,0.2941,Project Development Objective (PDO),0.0644,0.147,0.7832,REF011,0.2593,shortlist,,20260918T0133-7dd1a33,discover-1
c1718,17,17,13,13,0.1857,,0.0,0.0,1.0,Fiduciary,0.0789,0.2257,0.8865,REF045,0.3627,junk,junk_section_share>=0.6,20260918T0133-7dd1a33,discover-1
c1734,17,17,11,11,0.1571,,0.0,0.0,0.8235,Implementation Arrangements and Support Plan,0.0592,0.2326,0.786,REF045,0.3864,junk,junk_section_share>=0.6,20260918T0133-7dd1a33,discover-1
c1747,17,17,7,6,0.0857,submarine_cable,0.9464,0.0,0.1765,DETAILED ACTIVITIES BY COMPONENT AND COUNTRY,0.0331,0.3216,0.6901,REF079,0.2504,shortlist,,20260918T0133-7dd1a33,discover-1
c1751,17,16,12,11,0.1571,,0.0,0.1176,1.0,Implementation Arrangements and Support Plan,0.063,0.2065,0.767,REF085,0.2894,junk,junk_section_share>=0.6,20260918T0133-7dd1a33,discover-1
c1754,17,17,9,9,0.1286,dpi,0.3373,0.0,0.2353,Project Components,0.0487,0.2896,0.7893,REF005,0.5599,shortlist,,20260918T0133-7dd1a33,discover-1
c1779,17,17,9,8,0.1143,mobile_towers,0.9424,0.0,0.0588,Sectoral and Institutional Context,0.0421,0.278,0.6823,REF087,0.3083,shortlist,,20260918T0133-7dd1a33,discover-1
c1877,17,17,14,14,0.2,access_connectivity,0.5726,0.1765,0.1176,"Technical, Economic and Financial Analysis",0.0735,0.2392,0.7662,REF043,0.4212,shortlist,,20260918T0133-7dd1a33,discover-1
c1892,17,13,2,2,0.0286,access_connectivity,0.5817,0.0,0.2941,Rationale for Additional Financing (AF),0.0111,0.3125,0.8082,REF037,0.3688,junk,n_projects<3,20260918T0133-7dd1a33,discover-1
c1906,17,15,4,2,0.0286,dpi,0.7219,0.0,0.1765,DETAILED CHANGE(S),0.0235,0.2361,0.859,REF079,0.4742,junk,n_projects<3,20260918T0133-7dd1a33,discover-1
c1912,17,14,8,8,0.1143,cybersecurity,0.8024,0.0,0.0,Digital Sector Policy Letter,0.04,0.2007,0.7309,REF079,0.4425,shortlist,,20260918T0133-7dd1a33,discover-1
c1932,17,17,10,8,0.1143,access_connectivity,0.756,0.0,0.2941,Sectoral and Institutional Context,0.0541,0.2146,0.79,REF043,0.5022,shortlist,,20260918T0133-7dd1a33,discover-1
c1938,17,17,13,12,0.1714,dpi,0.8274,0.0,0.3529,Project Components,0.0688,0.2666,0.7727,REF079,0.4805,shortlist,,20260918T0133-7dd1a33,discover-1
c1943,17,17,13,12,0.1714,access_connectivity,0.5446,0.0,0.0,Project Components,0.0679,0.2823,0.7625,REF046,0.6613,shortlist,,20260918T0133-7dd1a33,discover-1
c1949,17,17,13,13,0.1857,dpi,0.9464,0.0,0.2941,"Technical, Economic and Financial Analysis",0.0756,0.194,0.8496,REF056,0.4257,shortlist,,20260918T0133-7dd1a33,discover-1
c0048,16,11,3,2,0.0286,cybersecurity,0.961,0.0,0.0625,7],0.0203,0.1875,0.9894,REF086,0.2115,junk,n_projects<3,20260918T0133-7dd1a33,discover-1
c0077,16,16,15,15,0.2143,mobile_towers,0.9206,0.0,0.0625,Theory of Change and PDO Indicators,0.1027,0.2441,1.0,REF027,0.2496,shortlist,,20260918T0133-7dd1a33,discover-1
c0083,16,16,8,7,0.1,mobile_towers,0.9206,0.0,0.4375,Implementation Arrangements and Support Plan,0.0525,0.258,0.9589,REF030,0.2388,shortlist,,20260918T0133-7dd1a33,discover-1
c0086,16,16,12,12,0.1714,data_hosting,1.0,0.0,0.875,Implementation Arrangements and Support Plan,0.0763,0.2691,0.9281,REF009,0.214,junk,junk_section_share>=0.6,20260918T0133-7dd1a33,discover-1
c0103,16,15,7,7,0.1,dpi,0.6696,0.0,0.0625,Detailed Project Description,0.0367,0.2938,0.7647,REF012,0.4387,shortlist,,20260918T0133-7dd1a33,discover-1
c0109,16,16,2,1,0.0143,access_connectivity,0.0,0.0,0.9375,Implementation Arrangements and Support Plan,0.0125,0.2078,0.9129,REF079,0.3342,junk,junk_section_share>=0.6;n_projects<3,20260918T0133-7dd1a33,discover-1
c0142,16,15,13,10,0.1429,access_connectivity,0.65,0.0,0.25,Project Status,0.0634,0.3131,0.7124,REF009,0.2496,shortlist,,20260918T0133-7dd1a33,discover-1
c0149,16,15,11,11,0.1571,drm_ews,0.7258,0.0,0.0625,Country Context,0.0575,0.5214,0.7635,REF072,0.3941,shortlist,,20260918T0133-7dd1a33,discover-1
c0198,16,16,15,14,0.2,,0.0,0.0,1.0,Results Monitoring and Evaluation Arrangements,0.096,0.2738,0.9343,REF005,0.3252,junk,junk_section_share>=0.6,20260918T0133-7dd1a33,discover-1
c0216,16,16,14,14,0.2,access_connectivity,0.5917,0.6875,0.0625,Relevance to Higher Level Objectives,0.0776,0.2456,0.8098,REF046,0.399,shortlist,,20260918T0133-7dd1a33,discover-1
c0252,16,14,12,12,0.1714,access_connectivity,0.0,0.0,0.8125,Implementation Arrangements and Support Plan,0.0707,0.2194,0.8601,REF049,0.2093,junk,junk_section_share>=0.6,20260918T0133-7dd1a33,discover-1
c0253,16,16,10,9,0.1286,dpi,0.9122,0.0,0.3125,DESCRIPTION OF PROPOSED CHANGES,0.0564,0.3111,0.8238,REF079,0.3929,shortlist,,20260918T0133-7dd1a33,discover-1
c0284,16,12,8,8,0.1143,access_connectivity,0.65,0.0,0.0,Detailed Economic and Financial Analysis,0.0422,0.201,0.7706,REF005,0.2034,shortlist,,20260918T0133-7dd1a33,discover-1
c0297,16,16,12,12,0.1714,dpi,0.9656,0.0,0.375,Sectoral and Institutional Context,0.0694,0.299,0.8448,REF019,0.2381,shortlist,,20260918T0133-7dd1a33,discover-1
c0377,16,16,12,11,0.1571,access_connectivity,0.9057,0.0,0.9375,KEY RISKS,0.0719,0.4192,0.8747,REF030,0.3521,junk,junk_section_share>=0.6,20260918T0133-7dd1a33,discover-1
c0398,16,14,10,9,0.1286,access_connectivity,0.9131,0.0,0.0,Relevance to Higher Level Objectives,0.0523,0.2979,0.7634,REF030,0.3861,shortlist,,20260918T0133-7dd1a33,discover-1
c0420,16,16,11,10,0.1429,access_connectivity,0.0,0.0,0.625,RESULTS FRAMEWORK AND MONITORING,0.0666,0.2533,0.8843,REF086,0.2798,junk,junk_section_share>=0.6,20260918T0133-7dd1a33,discover-1
c0422,16,16,5,5,0.0714,access_connectivity,0.8699,0.0,0.0,Detailed Project Description,0.0273,0.2835,0.7965,REF079,0.3655,shortlist,,20260918T0133-7dd1a33,discover-1
c0440,16,15,9,8,0.1143,dpi,0.9183,0.0,0.125,Project Components,0.0443,0.255,0.7191,REF067,0.4396,shortlist,,20260918T0133-7dd1a33,discover-1
c0449,16,16,13,12,0.1714,dpi,0.0,0.0,0.875,Implementation Arrangements and Support Plan,0.0656,0.3068,0.7364,REF030,0.3895,junk,junk_section_share>=0.6,20260918T0133-7dd1a33,discover-1
c0470,16,16,12,14,0.2,mobile_towers,0.8826,0.0,0.0625,Sectoral and Institutional Context,0.0552,0.3114,0.6716,REF007,0.2651,shortlist,,20260918T0133-7dd1a33,discover-1
c0490,16,16,14,13,0.1857,,0.0,0.1875,1.0,Implementation Arrangements and Support Plan,0.0725,0.2967,0.7564,REF030,0.3895,junk,junk_section_share>=0.6,20260918T0133-7dd1a33,discover-1
c0502,16,15,12,12,0.1714,access_connectivity,0.8941,0.0,0.25,Project Components,0.0692,0.2342,0.8413,REF008,0.2661,shortlist,,20260918T0133-7dd1a33,discover-1
c0524,16,16,13,16,0.2286,submarine_cable,0.0,0.0,1.0,Fiduciary,0.0715,0.2093,0.8034,REF063,0.2743,junk,junk_section_share>=0.6,20260918T0133-7dd1a33,discover-1
c0527,16,16,14,13,0.1857,access_connectivity,0.8427,0.0,0.3125,"Technical, Economic and Financial Analysis",0.0696,0.3483,0.726,REF030,0.3225,shortlist,,20260918T0133-7dd1a33,discover-1
c0532,16,16,13,12,0.1714,dpi,0.773,0.0,0.0,Sectoral and Institutional Context,0.078,0.3129,0.8762,REF060,0.3038,shortlist,,20260918T0133-7dd1a33,discover-1
c0551,16,16,14,13,0.1857,cybersecurity,0.0,0.0,0.875,Implementation Arrangements and Support Plan,0.0695,0.2989,0.7243,REF002,0.4642,junk,junk_section_share>=0.6,20260918T0133-7dd1a33,discover-1
c0575,16,16,15,18,0.2571,access_connectivity,0.9464,0.0,0.125,Project Beneficiaries,0.0878,0.2164,0.8542,REF045,0.2747,shortlist,,20260918T0133-7dd1a33,discover-1
c0634,16,16,16,14,0.2,,0.0,0.0,0.0,GRIEVANCE REDRESS SERVICES,0.1067,0.2787,0.9736,REF031,0.3539,shortlist,,20260918T0133-7dd1a33,discover-1
c0651,16,16,15,13,0.1857,access_connectivity,0.0,0.0,0.625,Implementation Arrangements and Support Plan,0.0841,0.4156,0.819,REF052,0.3175,junk,junk_section_share>=0.6,20260918T0133-7dd1a33,discover-1
c0727,16,16,12,11,0.1571,dpi,0.8384,0.0,0.375,Sectoral and Institutional Context,0.0618,0.3009,0.7518,REF036,0.2757,shortlist,,20260918T0133-7dd1a33,discover-1
c0738,16,16,13,12,0.1714,access_connectivity,0.0,0.125,0.9375,KEY RISKS,0.0676,0.4147,0.759,REF085,0.4321,junk,junk_section_share>=0.6,20260918T0133-7dd1a33,discover-1
c0844,16,16,13,15,0.2143,dpi,0.9634,0.0,0.1875,Project Components,0.0588,0.2645,0.6605,REF079,0.2987,shortlist,,20260918T0133-7dd1a33,discover-1
c0870,16,16,10,10,0.1429,dpi,0.9206,0.0,0.25,Sectoral and Institutional Context,0.0496,0.3755,0.724,REF021,0.3872,shortlist,,20260918T0133-7dd1a33,discover-1
c0930,16,14,8,7,0.1,dpi,0.9852,0.0,0.0625,APPRAISAL SUMMARY,0.0382,0.2599,0.6973,REF008,0.4429,shortlist,,20260918T0133-7dd1a33,discover-1
c0933,16,16,9,12,0.1714,drm_ews,0.9528,0.0,0.375,Lessons Learned and Reflected in the Project Design,0.0449,0.356,0.7277,REF084,0.529,shortlist,,20260918T0133-7dd1a33,discover-1
c0951,16,16,11,10,0.1429,drm_ews,0.7219,0.4375,0.4375,Project Components,0.0593,0.2899,0.787,REF030,0.3364,shortlist,,20260918T0133-7dd1a33,discover-1
c0989,16,11,6,6,0.0857,dpi,0.8366,0.0,0.0,Detailed Project Description,0.0308,0.2819,0.7484,REF009,0.4111,shortlist,,20260918T0133-7dd1a33,discover-1
c1048,16,12,10,9,0.1286,data_hosting,0.6691,0.0,0.0625,Sectoral and Institutional Context,0.0482,0.2943,0.7032,REF035,0.4525,shortlist,,20260918T0133-7dd1a33,discover-1
c1098,16,16,11,9,0.1286,cybersecurity,0.0,0.0,0.1875,Project Components,0.0575,0.2919,0.7629,REF059,0.3103,shortlist,,20260918T0133-7dd1a33,discover-1
c1104,16,16,14,14,0.2,drm_ews,0.9093,0.0,0.0625,Project Components,0.0799,0.5237,0.8332,REF045,0.6222,shortlist,,20260918T0133-7dd1a33,discover-1
c1129,16,16,12,12,0.1714,drm_ews,1.0,0.0,0.9375,KEY RISKS,0.0684,0.411,0.8328,REF030,0.3432,junk,junk_section_share>=0.6,20260918T0133-7dd1a33,discover-1
c1130,16,16,11,8,0.1143,access_connectivity,0.9183,0.0,0.625,National Level Program Details - Grenada,0.0627,0.4285,0.8324,REF030,0.3485,junk,junk_section_share>=0.6,20260918T0133-7dd1a33,discover-1
c1152,16,16,15,17,0.2429,drm_ews,0.6398,0.0,0.0625,Project Components,0.0815,0.4068,0.7929,REF058,0.6773,shortlist,,20260918T0133-7dd1a33,discover-1
c1260,16,16,15,15,0.2143,access_connectivity,0.8823,0.0,0.25,Sectoral and Institutional Context,0.0679,0.3795,0.661,REF003,0.3349,shortlist,,20260918T0133-7dd1a33,discover-1
c1271,16,16,11,10,0.1429,access_connectivity,1.0,0.0,0.5,PROJECT STATUS AND RATIONALE FOR RESTRUCTURING,0.0602,0.2719,0.7988,REF045,0.2803,shortlist,,20260918T0133-7dd1a33,discover-1
c1290,16,15,9,12,0.1714,dpi,0.0,0.0,0.5,DESCRIPTION OF PROPOSED CHANGES,0.043,0.2547,0.6969,REF012,0.411,shortlist,,20260918T0133-7dd1a33,discover-1
c1321,16,16,12,12,0.1714,cybersecurity,0.0,0.0,0.75,Results Monitoring and Evaluation Arrangements,0.0678,0.3115,0.825,REF071,0.4108,junk,junk_section_share>=0.6,20260918T0133-7dd1a33,discover-1
c1338,16,16,11,11,0.1571,dpi,0.7828,0.0,0.25,Relevance to Higher Level Objectives,0.0607,0.3143,0.8058,REF062,0.4686,shortlist,,20260918T0133-7dd1a33,discover-1
c1366,16,15,13,12,0.1714,access_connectivity,0.8295,0.3125,0.0625,Relevance to Higher Level Objectives,0.0704,0.3372,0.7903,REF042,0.5848,shortlist,,20260918T0133-7dd1a33,discover-1
c1384,16,16,10,9,0.1286,access_connectivity,0.5436,0.0,0.6875,Lessons Learned and Reflected in the Project Design,0.0551,0.3636,0.8047,REF030,0.3107,junk,junk_section_share>=0.6,20260918T0133-7dd1a33,discover-1
c1450,16,16,10,8,0.1143,dpi,0.9464,0.0,0.625,Implementation Arrangements and Support Plan,0.057,0.2604,0.8325,REF001,0.2978,junk,junk_section_share>=0.6,20260918T0133-7dd1a33,discover-1
c1482,16,14,13,12,0.1714,,0.0,0.0,0.875,Fiduciary,0.0698,0.233,0.7843,REF045,0.4064,junk,junk_section_share>=0.6,20260918T0133-7dd1a33,discover-1
c1507,16,15,13,12,0.1714,,0.0,0.3125,1.0,Implementation Arrangements and Support Plan,0.0693,0.2308,0.7778,REF085,0.3989,junk,junk_section_share>=0.6,20260918T0133-7dd1a33,discover-1
c1522,16,12,8,8,0.1143,,0.0,0.0,1.0,Implementation Arrangements and Support Plan,0.0463,0.2586,0.8456,REF023,0.2868,junk,junk_section_share>=0.6,20260918T0133-7dd1a33,discover-1
c1556,16,15,6,6,0.0857,dpi,0.9464,0.0,0.6875,Implementation Arrangements and Support Plan,0.0312,0.2737,0.7604,REF053,0.4382,junk,junk_section_share>=0.6,20260918T0133-7dd1a33,discover-1
c1672,16,14,10,10,0.1429,drm_ews,0.65,0.0,0.0,Country Context,0.0474,0.2591,0.6925,REF056,0.3725,shortlist,,20260918T0133-7dd1a33,discover-1
c1774,16,16,9,8,0.1143,dpi,0.3373,0.0,0.0,Sectoral and Institutional Context,0.0445,0.23,0.722,REF068,0.5757,shortlist,,20260918T0133-7dd1a33,discover-1
c1789,16,16,15,15,0.2143,,0.0,0.0,1.0,Implementation Arrangements and Support Plan,0.0915,0.2089,0.8911,REF086,0.2984,junk,junk_section_share>=0.6,20260918T0133-7dd1a33,discover-1
c1871,16,16,14,12,0.1714,access_connectivity,0.7193,0.4375,0.125,Relevance to Higher Level Objectives,0.077,0.2112,0.8035,REF046,0.5699,shortlist,,20260918T0133-7dd1a33,discover-1
c1887,16,15,8,8,0.1143,access_connectivity,0.9495,0.5,0.1875,Economic and Financial Analysis,0.0437,0.24,0.7982,REF043,0.4316,shortlist,,20260918T0133-7dd1a33,discover-1
c1894,16,16,10,10,0.1429,dpi,0.8805,0.0,0.3125,National Level Program Details - Grenada,0.0563,0.2793,0.8226,REF067,0.4464,shortlist,,20260918T0133-7dd1a33,discover-1
c1945,16,16,13,14,0.2,dpi,0.6451,0.0,0.25,Project Components,0.0716,0.2454,0.8042,REF008,0.4888,shortlist,,20260918T0133-7dd1a33,discover-1
c1992,16,14,9,9,0.1286,access_connectivity,0.677,0.25,0.0,Detailed Project Description,0.0448,0.2478,0.7263,REF043,0.6197,shortlist,,20260918T0133-7dd1a33,discover-1
c2001,16,15,12,15,0.2143,access_connectivity,0.8314,0.0,0.0,Project Components,0.0574,0.3598,0.6987,REF013,0.5864,shortlist,,20260918T0133-7dd1a33,discover-1
c0036,15,15,15,14,0.2,,0.0,0.0,0.0,GRIEVANCE REDRESS SERVICES,0.1014,0.2663,0.9871,REF030,0.2366,shortlist,,20260918T0133-7dd1a33,discover-1
c0041,15,15,15,15,0.2143,,0.0,0.0,0.0,GRIEVANCE REDRESS SERVICES,0.1018,0.2266,0.991,REF009,0.2638,shortlist,,20260918T0133-7dd1a33,discover-1
c0080,15,15,7,7,0.1,dpi,0.6183,0.0,0.4,Timelines and Additional Details of Project Activities,0.0466,0.2018,0.973,REF069,0.143,shortlist,,20260918T0133-7dd1a33,discover-1
c0129,15,14,11,14,0.2,access_connectivity,0.9697,0.0,0.3333,Project Beneficiaries,0.0622,0.2345,0.825,REF031,0.2374,shortlist,,20260918T0133-7dd1a33,discover-1
c0130,15,13,11,10,0.1429,dpi,0.7627,0.0,0.0667,Technical Design and Component Descriptions,0.0478,0.1828,0.6338,REF083,0.3519,shortlist,,20260918T0133-7dd1a33,discover-1
c0133,15,15,14,13,0.1857,access_connectivity,0.7744,0.0,0.2667,"Technical, Economic and Financial Analysis",0.0849,0.2713,0.8849,REF089,0.2544,shortlist,,20260918T0133-7dd1a33,discover-1
c0141,15,15,15,15,0.2143,,0.0,0.0,0.6,Results Monitoring and Evaluation Arrangements,0.0894,0.2667,0.8698,REF085,0.4021,junk,junk_section_share>=0.6,20260918T0133-7dd1a33,discover-1
c0168,15,10,1,1,0.0143,dpi,0.9912,0.0,0.2,Detailed Project Description,0.0052,0.3027,0.754,REF056,0.4152,junk,n_projects<3,20260918T0133-7dd1a33,discover-1
c0193,15,15,9,9,0.1286,access_connectivity,0.7219,0.0,0.2667,Economic and Financial Analysis,0.0469,0.3149,0.7612,REF005,0.2993,shortlist,,20260918T0133-7dd1a33,discover-1
c0226,15,15,11,10,0.1429,drm_ews,0.8671,0.0,0.0667,Project Components,0.0582,0.4988,0.7722,REF061,0.4253,shortlist,,20260918T0133-7dd1a33,discover-1
c0228,15,15,13,12,0.1714,dpi,0.0,0.0,1.0,Implementation Arrangements and Support Plan,0.0825,0.2615,0.926,REF005,0.3517,junk,junk_section_share>=0.6,20260918T0133-7dd1a33,discover-1
c0281,15,15,7,7,0.1,dpi,0.0,0.0,0.6,DETAILED CHANGE(S),0.0386,0.2586,0.8045,REF030,0.3312,junk,junk_section_share>=0.6,20260918T0133-7dd1a33,discover-1
c0304,15,15,12,11,0.1571,access_connectivity,0.9544,0.0667,0.6,Fiduciary,0.0727,0.3878,0.8843,REF030,0.274,junk,junk_section_share>=0.6,20260918T0133-7dd1a33,discover-1
c0308,15,14,10,9,0.1286,dpi,0.895,0.0,0.3333,Detailed Project Description,0.0529,0.3054,0.7729,REF052,0.486,shortlist,,20260918T0133-7dd1a33,discover-1
c0322,15,14,14,11,0.1571,access_connectivity,0.8113,0.2667,0.8,KEY RISKS,0.0751,0.4446,0.7833,REF030,0.5225,junk,junk_section_share>=0.6,20260918T0133-7dd1a33,discover-1
c0371,15,14,13,12,0.1714,access_connectivity,0.5917,0.0,0.9333,Environmental and Social,0.0788,0.4426,0.8854,REF072,0.3621,junk,junk_section_share>=0.6,20260918T0133-7dd1a33,discover-1
c0393,15,14,13,13,0.1857,dpi,0.9206,0.0,0.2667,Country Context,0.0649,0.3744,0.7289,REF012,0.3921,shortlist,,20260918T0133-7dd1a33,discover-1
c0418,15,15,11,11,0.1571,,0.0,0.0,0.7333,Implementation Arrangements and Support Plan,0.0605,0.322,0.8028,REF030,0.3134,junk,junk_section_share>=0.6,20260918T0133-7dd1a33,discover-1
c0429,15,15,15,14,0.2,submarine_cable,0.0,0.0,0.1333,Sustainability,0.0985,0.2424,0.959,REF027,0.227,shortlist,,20260918T0133-7dd1a33,discover-1
c0432,15,15,13,12,0.1714,dpi,0.9141,0.0,0.4,KEY RISKS,0.0795,0.1987,0.8929,REF013,0.1603,shortlist,,20260918T0133-7dd1a33,discover-1
c0510,15,15,14,17,0.2429,dpi,0.8893,0.0,0.0,Sectoral and Institutional Context,0.0742,0.3055,0.7735,REF069,0.2729,shortlist,,20260918T0133-7dd1a33,discover-1
c0519,15,15,14,14,0.2,cybersecurity,0.9014,0.0,0.4667,KEY RISKS,0.0698,0.4231,0.7279,REF001,0.3178,shortlist,,20260918T0133-7dd1a33,discover-1
c0539,15,12,7,6,0.0857,dpi,0.971,0.0,0.0,"Technical, Economic, and Financial Analysis",0.0341,0.2193,0.7113,REF006,0.2778,shortlist,,20260918T0133-7dd1a33,discover-1
c0554,15,15,13,13,0.1857,dpi,0.9808,0.0,0.2,Project Components,0.0679,0.3953,0.762,REF069,0.438,shortlist,,20260918T0133-7dd1a33,discover-1
c0620,15,10,8,6,0.0857,cybersecurity,0.4138,0.0,0.7333,DESCRIPTION OF PROPOSED CHANGES,0.0423,0.3228,0.7724,REF086,0.2928,junk,junk_section_share>=0.6,20260918T0133-7dd1a33,discover-1
c0687,15,15,12,11,0.1571,access_connectivity,0.9361,0.0,0.0,Project Beneficiaries,0.0639,0.2441,0.778,REF067,0.4612,shortlist,,20260918T0133-7dd1a33,discover-1
c0703,15,13,10,9,0.1286,,0.0,0.0,0.4,DESCRIPTION OF PROPOSED CHANGES,0.0542,0.2703,0.7908,REF030,0.3338,shortlist,,20260918T0133-7dd1a33,discover-1
c0709,15,15,15,10,0.1429,dpi,0.9183,0.0,0.4667,Project Components,0.0856,0.2499,0.8333,REF057,0.2097,shortlist,,20260918T0133-7dd1a33,discover-1
c0713,15,14,10,10,0.1429,dpi,0.9183,0.0,0.4667,Technical Design and Component Descriptions,0.0513,0.285,0.7485,REF030,0.4102,shortlist,,20260918T0133-7dd1a33,discover-1
c0721,15,15,15,14,0.2,drm_ews,0.8528,0.0,0.0667,"Technical, Economic and Financial Analysis",0.0798,0.3608,0.7766,REF057,0.4052,shortlist,,20260918T0133-7dd1a33,discover-1
c0759,15,15,13,16,0.2286,drm_ews,0.9284,0.0,0.0,"Technical, Economic and Financial Analysis",0.0752,0.299,0.8443,REF031,0.1789,shortlist,,20260918T0133-7dd1a33,discover-1
c0771,15,14,14,13,0.1857,drm_ews,0.7219,0.8667,0.0,Project Components,0.0813,0.2643,0.8476,REF085,0.3447,shortlist,,20260918T0133-7dd1a33,discover-1
c0772,15,15,14,14,0.2,dpi,0.8097,0.0,0.0667,"Technical, Economic and Financial Analysis",0.0757,0.3352,0.7898,REF085,0.353,shortlist,,20260918T0133-7dd1a33,discover-1
c0804,15,14,12,16,0.2286,dpi,0.9346,0.0,0.1333,Sectoral and Institutional Context,0.0594,0.3009,0.7232,REF009,0.229,shortlist,,20260918T0133-7dd1a33,discover-1
c0818,15,14,11,15,0.2143,dpi,0.9232,0.0,0.2,Project Components,0.0657,0.1987,0.8715,REF033,0.1922,shortlist,,20260918T0133-7dd1a33,discover-1
c0934,15,15,10,12,0.1714,access_connectivity,0.9875,0.0,0.6667,Implementation Arrangements and Support Plan,0.0512,0.3665,0.7468,REF084,0.4498,junk,junk_section_share>=0.6,20260918T0133-7dd1a33,discover-1
c0953,15,15,11,10,0.1429,access_connectivity,0.7219,0.0,0.0667,Project Components,0.0572,0.3418,0.7588,REF003,0.2637,shortlist,,20260918T0133-7dd1a33,discover-1
c0957,15,15,15,10,0.1429,dpi,0.9183,0.0,0.5333,KEY RISKS,0.0805,0.2547,0.7839,REF086,0.3672,shortlist,,20260918T0133-7dd1a33,discover-1
c0972,15,15,13,13,0.1857,access_connectivity,0.9183,0.0,0.0,"Technical, Economic and Financial Analysis",0.076,0.2487,0.8539,REF085,0.2004,shortlist,,20260918T0133-7dd1a33,discover-1
c0993,15,15,11,13,0.1857,access_connectivity,0.8614,0.0,0.3333,Project Components,0.0566,0.3128,0.7512,REF030,0.3001,shortlist,,20260918T0133-7dd1a33,discover-1
c1013,15,9,3,3,0.0429,dpi,0.65,0.0,0.2,Project Components,0.0157,0.3234,0.7625,REF047,0.3876,shortlist,,20260918T0133-7dd1a33,discover-1
c1140,15,14,9,6,0.0857,access_connectivity,0.8851,0.0,0.4,Project Development Objective (PDO),0.053,0.3417,0.8596,REF064,0.5067,shortlist,,20260918T0133-7dd1a33,discover-1
c1240,15,15,11,11,0.1571,,0.0,0.0,1.0,Implementation Arrangements and Support Plan,0.0671,0.205,0.891,REF045,0.4126,junk,junk_section_share>=0.6,20260918T0133-7dd1a33,discover-1
c1249,15,15,15,10,0.1429,access_connectivity,0.8113,0.0,0.3333,Project Status,0.0818,0.2097,0.7962,REF036,0.2856,shortlist,,20260918T0133-7dd1a33,discover-1
c1307,15,15,11,9,0.1286,dpi,0.0,0.4,0.9333,Implementation Arrangements and Support Plan,0.06,0.2703,0.7965,REF085,0.3593,junk,junk_section_share>=0.6,20260918T0133-7dd1a33,discover-1
c1320,15,13,9,9,0.1286,cybersecurity,0.4634,0.4,0.1333,Technical Design and Component Descriptions,0.0491,0.2429,0.796,REF009,0.5492,shortlist,,20260918T0133-7dd1a33,discover-1
c1334,15,14,7,7,0.1,,0.0,0.0,1.0,Implementation Arrangements and Support Plan,0.0428,0.1678,0.8926,REF016,0.2467,junk,junk_section_share>=0.6,20260918T0133-7dd1a33,discover-1
c1345,15,15,13,16,0.2286,dpi,0.8962,0.0,0.2667,Project Components,0.0742,0.3614,0.8329,REF045,0.3594,shortlist,,20260918T0133-7dd1a33,discover-1
c1358,15,13,3,1,0.0143,dpi,0.7219,0.2,0.8,PROJECT STATUS AND RATIONALE FOR RESTRUCTURING,0.0173,0.2139,0.8436,REF086,0.3138,junk,junk_section_share>=0.6;n_projects<3,20260918T0133-7dd1a33,discover-1
c1380,15,14,12,11,0.1571,access_connectivity,1.0,0.8667,0.7333,Implementation Arrangements and Support Plan,0.0646,0.3175,0.7854,REF030,0.3168,junk,junk_section_share>=0.6,20260918T0133-7dd1a33,discover-1
c1413,15,15,10,8,0.1143,access_connectivity,0.9183,0.0,0.9333,Implementation Arrangements and Support Plan,0.0571,0.2668,0.8336,REF023,0.255,junk,junk_section_share>=0.6,20260918T0133-7dd1a33,discover-1
c1435,15,15,14,13,0.1857,access_connectivity,0.961,0.0,0.2667,"Technical, Economic and Financial Analysis",0.0793,0.2984,0.8266,REF009,0.2409,shortlist,,20260918T0133-7dd1a33,discover-1
c1445,15,15,13,12,0.1714,,0.0,0.0,1.0,Implementation Arrangements and Support Plan,0.0712,0.2143,0.7998,REF005,0.3364,junk,junk_section_share>=0.6,20260918T0133-7dd1a33,discover-1
c1452,15,14,10,10,0.1429,,0.0,0.1333,1.0,Fiduciary,0.0545,0.2938,0.7964,REF085,0.44,junk,junk_section_share>=0.6,20260918T0133-7dd1a33,discover-1
c1504,15,15,14,14,0.2,dpi,0.9796,0.0,0.0667,Project Components,0.0752,0.2688,0.7844,REF056,0.5043,shortlist,,20260918T0133-7dd1a33,discover-1
c1510,15,15,12,15,0.2143,drm_ews,0.7435,0.3333,0.0,Project Components,0.0673,0.5852,0.8183,REF041,0.6382,shortlist,,20260918T0133-7dd1a33,discover-1
c1549,15,15,13,11,0.1571,,0.0,0.3333,1.0,Implementation Arrangements and Support Plan,0.0715,0.249,0.8034,REF085,0.4439,junk,junk_section_share>=0.6,20260918T0133-7dd1a33,discover-1
c1557,15,15,14,14,0.2,dpi,0.8113,0.2,0.9333,Implementation Arrangements and Support Plan,0.0664,0.273,0.6923,REF005,0.3558,junk,junk_section_share>=0.6,20260918T0133-7dd1a33,discover-1
c1571,15,13,12,11,0.1571,drm_ews,0.9975,0.0,0.0,Relevance to Higher Level Objectives,0.067,0.3497,0.8153,REF005,0.4638,shortlist,,20260918T0133-7dd1a33,discover-1
c1591,15,15,13,14,0.2,drm_ews,0.9159,0.0,0.1333,Relevance to Higher Level Objectives,0.077,0.5469,0.8646,REF085,0.4939,shortlist,,20260918T0133-7dd1a33,discover-1
c1640,15,15,13,12,0.1714,,0.0,0.0,1.0,Implementation Arrangements and Support Plan,0.0716,0.36,0.8041,REF085,0.4053,junk,junk_section_share>=0.6,20260918T0133-7dd1a33,discover-1
c1658,15,13,8,8,0.1143,access_connectivity,0.0,0.4,0.9333,Implementation Arrangements and Support Plan,0.0452,0.2209,0.8256,REF085,0.3922,junk,junk_section_share>=0.6,20260918T0133-7dd1a33,discover-1
c1663,15,13,13,12,0.1714,dpi,0.9292,0.0,0.0,Country Context,0.0654,0.3401,0.7345,REF006,0.2812,shortlist,,20260918T0133-7dd1a33,discover-1
c1705,15,15,14,17,0.2429,access_connectivity,1.0,0.0,0.3333,Results Monitoring and Evaluation Arrangements,0.0763,0.2574,0.7962,REF011,0.5232,shortlist,,20260918T0133-7dd1a33,discover-1
c1767,15,15,3,3,0.0429,dpi,0.3534,0.0,0.0667,Sectoral and Institutional Context,0.0159,0.2105,0.7735,REF068,0.5261,shortlist,,20260918T0133-7dd1a33,discover-1
c1775,15,11,5,4,0.0571,submarine_cable,0.7205,0.0,0.0667,DETAILED CHANGE(S),0.022,0.2503,0.6415,REF033,0.2503,shortlist,,20260918T0133-7dd1a33,discover-1
c1778,15,15,9,5,0.0714,dpi,0.4138,0.0,0.4,Project Development Objective (PDO),0.049,0.2405,0.7951,REF068,0.6245,shortlist,,20260918T0133-7dd1a33,discover-1
c1782,15,11,9,8,0.1143,access_connectivity,0.9025,0.0,0.2667,Country Context,0.0398,0.235,0.6461,REF058,0.2698,shortlist,,20260918T0133-7dd1a33,discover-1
c1824,15,15,13,13,0.1857,access_connectivity,0.4395,0.2,0.0,Results Chain,0.0702,0.2345,0.7885,REF046,0.5521,shortlist,,20260918T0133-7dd1a33,discover-1
c1827,15,15,14,14,0.2,access_connectivity,0.4395,0.2,0.0667,Sustainability,0.081,0.2591,0.8443,REF046,0.5467,shortlist,,20260918T0133-7dd1a33,discover-1
c1869,15,14,10,9,0.1286,access_connectivity,0.5436,0.4,0.0,"Technical, Economic and Financial Analysis",0.0532,0.2519,0.7774,REF087,0.4964,shortlist,,20260918T0133-7dd1a33,discover-1
c1903,15,15,3,3,0.0429,access_connectivity,0.865,0.0,0.7333,RESULTS FRAMEWORK AND MONITORING,0.0171,0.2776,0.8338,REF045,0.3815,junk,junk_section_share>=0.6,20260918T0133-7dd1a33,discover-1
c1911,15,15,10,8,0.1143,dpi,0.971,0.1333,0.0667,Project Components,0.0543,0.2642,0.7925,REF046,0.541,shortlist,,20260918T0133-7dd1a33,discover-1
c1994,15,13,10,13,0.1857,access_connectivity,0.8381,0.0,0.0667,Technical Analysis,0.0465,0.3226,0.6794,REF082,0.543,shortlist,,20260918T0133-7dd1a33,discover-1
c0043,14,14,14,12,0.1714,,0.0,0.0,0.0,DETAILED CHANGE(S),0.094,0.1985,0.9806,REF030,0.2962,shortlist,,20260918T0133-7dd1a33,discover-1
c0070,14,9,7,7,0.1,access_connectivity,0.8113,0.0,0.0,DETAILED CHANGE(S),0.0447,0.38,0.9321,REF029,0.3868,shortlist,,20260918T0133-7dd1a33,discover-1
c0091,14,14,14,12,0.1714,dpi,0.7298,0.0,0.4286,Implementation Arrangements and Support Plan,0.0905,0.1842,0.9436,REF019,0.1815,shortlist,,20260918T0133-7dd1a33,discover-1
c0096,14,14,2,2,0.0286,,0.0,0.0,0.0714,DETAILED CHANGE(S),0.013,0.2068,0.9509,REF030,0.2628,junk,n_projects<3,20260918T0133-7dd1a33,discover-1
c0101,14,13,2,2,0.0286,,0.0,0.0,0.2143,DETAILED CHANGE(S),0.0128,0.2115,0.933,REF030,0.2728,junk,n_projects<3,20260918T0133-7dd1a33,discover-1
c0194,14,5,1,1,0.0143,access_connectivity,0.0,0.0,0.0,Sectoral and Institutional Context,0.0048,0.2971,0.7063,REF030,0.2859,junk,n_projects<3,20260918T0133-7dd1a33,discover-1
c0208,14,14,11,7,0.1,data_hosting,0.9602,0.0,0.0714,Project Components,0.0574,0.3011,0.7617,REF005,0.4451,shortlist,,20260918T0133-7dd1a33,discover-1
c0215,14,14,9,8,0.1143,access_connectivity,0.8631,0.0,0.2857,Lessons Learned and Reflected in the Project Design,0.0507,0.2845,0.8231,REF030,0.3607,shortlist,,20260918T0133-7dd1a33,discover-1
c0243,14,11,6,5,0.0714,dpi,0.0,0.0,0.0,Timelines and Additional Details of Project Activities,0.0307,0.2498,0.7477,REF085,0.3997,shortlist,,20260918T0133-7dd1a33,discover-1
c0246,14,14,13,12,0.1714,dpi,0.9232,0.0,0.3571,KEY RISKS,0.0577,0.3057,0.6485,REF085,0.3593,shortlist,,20260918T0133-7dd1a33,discover-1
c0290,14,14,11,10,0.1429,dpi,0.7855,0.0,0.1429,Project Components,0.0576,0.3293,0.7644,REF048,0.2607,shortlist,,20260918T0133-7dd1a33,discover-1
c0309,14,13,12,15,0.2143,dpi,0.4395,0.0,0.0714,Project Components,0.0586,0.3097,0.7126,REF079,0.3886,shortlist,,20260918T0133-7dd1a33,discover-1
c0321,14,14,10,6,0.0857,access_connectivity,1.0,0.3571,0.5,PROJECT STATUS AND RATIONALE,0.0532,0.2588,0.7773,REF005,0.3571,shortlist,,20260918T0133-7dd1a33,discover-1
c0346,14,14,10,10,0.1429,access_connectivity,0.0,0.0714,0.6429,Implementation Arrangements and Support Plan,0.0557,0.3022,0.8137,REF005,0.3844,junk,junk_section_share>=0.6,20260918T0133-7dd1a33,discover-1
c0357,14,13,10,13,0.1857,access_connectivity,0.9429,0.0,0.0,Climate Action Supported by the IDEA MPA,0.0525,0.3247,0.7665,REF083,0.2894,shortlist,,20260918T0133-7dd1a33,discover-1
c0394,14,14,14,13,0.1857,dpi,0.6608,0.0,0.0714,Sectoral and Institutional Context,0.0676,0.281,0.7054,REF061,0.3898,shortlist,,20260918T0133-7dd1a33,discover-1
c0396,14,14,8,6,0.0857,dpi,0.9464,0.2143,0.0714,Project Components,0.0455,0.2134,0.8299,REF079,0.4976,shortlist,,20260918T0133-7dd1a33,discover-1
c0404,14,13,11,9,0.1286,dpi,0.0,0.0,0.2143,Project Components,0.062,0.2203,0.8228,REF067,0.4885,shortlist,,20260918T0133-7dd1a33,discover-1
c0417,14,14,13,14,0.2,dpi,0.8113,0.0,0.2143,Project Components,0.0744,0.3992,0.8354,REF016,0.3271,shortlist,,20260918T0133-7dd1a33,discover-1
c0451,14,14,12,12,0.1714,access_connectivity,0.8097,0.0,0.0714,Project Components,0.0607,0.3788,0.7391,REF038,0.3759,shortlist,,20260918T0133-7dd1a33,discover-1
c0469,14,14,10,9,0.1286,drm_ews,0.8118,0.0714,0.5,KEY RISKS,0.0539,0.3796,0.7875,REF005,0.5912,shortlist,,20260918T0133-7dd1a33,discover-1
c0475,14,14,12,11,0.1571,dpi,1.0,0.3571,0.7857,Implementation Arrangements and Support Plan,0.0618,0.221,0.7522,REF045,0.3331,junk,junk_section_share>=0.6,20260918T0133-7dd1a33,discover-1
c0482,14,13,9,8,0.1143,,0.0,0.1429,1.0,Implementation Arrangements and Support Plan,0.0487,0.2452,0.7902,REF045,0.3372,junk,junk_section_share>=0.6,20260918T0133-7dd1a33,discover-1
c0486,14,14,11,10,0.1429,dpi,0.9183,0.0,0.7857,Lessons Learned and Reflected in the Project Design,0.06,0.2594,0.7968,REF059,0.3028,junk,junk_section_share>=0.6,20260918T0133-7dd1a33,discover-1
c0541,14,14,14,16,0.2286,access_connectivity,0.8438,0.0,0.0714,Project Components,0.0821,0.2819,0.8559,REF038,0.3349,shortlist,,20260918T0133-7dd1a33,discover-1
c0559,14,13,9,7,0.1,dpi,0.7219,0.0,0.0,Sectoral and Institutional Context,0.0466,0.2212,0.7561,REF008,0.3357,shortlist,,20260918T0133-7dd1a33,discover-1
c0571,14,13,13,12,0.1714,dpi,0.971,0.0,0.0,Project Components,0.0668,0.2673,0.75,REF056,0.3501,shortlist,,20260918T0133-7dd1a33,discover-1
c0621,14,14,12,12,0.1714,access_connectivity,0.9602,0.0,0.0714,Project Components,0.0745,0.3017,0.9065,REF030,0.2091,shortlist,,20260918T0133-7dd1a33,discover-1
c0637,14,14,12,10,0.1429,cybersecurity,0.9165,0.0,0.2857,Project Components,0.0701,0.2489,0.8534,REF023,0.3246,shortlist,,20260918T0133-7dd1a33,discover-1
c0641,14,14,12,11,0.1571,access_connectivity,0.469,0.0,0.2143,Sustainability,0.0611,0.296,0.7431,REF055,0.2599,shortlist,,20260918T0133-7dd1a33,discover-1
c0702,14,13,11,8,0.1143,access_connectivity,0.0,0.0,0.6429,DESCRIPTION OF PROPOSED CHANGES,0.0611,0.2826,0.8114,REF030,0.2765,junk,junk_section_share>=0.6,20260918T0133-7dd1a33,discover-1
c0718,14,14,9,9,0.1286,drm_ews,0.0,0.0,0.7143,Implementation Arrangements and Support Plan,0.0466,0.2697,0.756,REF030,0.3563,junk,junk_section_share>=0.6,20260918T0133-7dd1a33,discover-1
c0740,14,14,11,12,0.1714,dpi,0.9215,0.0,0.2143,Project Components,0.0572,0.3572,0.7588,REF036,0.3289,shortlist,,20260918T0133-7dd1a33,discover-1
c0752,14,14,12,9,0.1286,cybersecurity,0.8086,0.0,0.0714,Project Components,0.0619,0.224,0.7526,REF047,0.4543,shortlist,,20260918T0133-7dd1a33,discover-1
c0762,14,13,11,7,0.1,access_connectivity,0.9183,0.0,0.4286,Rationale for Restructuring,0.0545,0.2321,0.7236,REF036,0.3736,shortlist,,20260918T0133-7dd1a33,discover-1
c0773,14,13,12,11,0.1571,,0.0,0.6429,0.0714,Project Components,0.0717,0.2559,0.8722,REF079,0.3748,shortlist,,20260918T0133-7dd1a33,discover-1
c0778,14,14,13,12,0.1714,dpi,0.8167,0.0,0.5714,Lessons Learned and Reflected in the Project Design,0.0649,0.3005,0.7288,REF086,0.2309,shortlist,,20260918T0133-7dd1a33,discover-1
c0802,14,12,11,11,0.1571,drm_ews,0.9183,0.1429,0.9286,Implementation Arrangements and Support Plan,0.0525,0.3191,0.6963,REF005,0.3893,junk,junk_section_share>=0.6,20260918T0133-7dd1a33,discover-1
c0817,14,14,13,15,0.2143,dpi,0.8962,0.0,0.1429,Project Components,0.0832,0.179,0.9345,REF061,0.1996,shortlist,,20260918T0133-7dd1a33,discover-1
c0834,14,14,13,12,0.1714,drm_ews,0.9528,0.0,0.5714,Institutional and Implementation Arrangements,0.0607,0.4741,0.6821,REF031,0.2809,shortlist,,20260918T0133-7dd1a33,discover-1
c0840,14,14,11,10,0.1429,access_connectivity,0.8805,0.0,0.2857,"Technical, Economic and Financial Analysis",0.0554,0.2481,0.7357,REF027,0.1576,shortlist,,20260918T0133-7dd1a33,discover-1
c0850,14,13,12,12,0.1714,cybersecurity,0.9338,0.0,0.2857,Project Components,0.061,0.2206,0.7421,REF023,0.1668,shortlist,,20260918T0133-7dd1a33,discover-1
c0851,14,14,12,11,0.1571,cybersecurity,0.8805,0.0,0.4286,Implementation Arrangements and Support Plan,0.0659,0.2186,0.8013,REF049,0.2367,shortlist,,20260918T0133-7dd1a33,discover-1
c0856,14,14,12,12,0.1714,dpi,0.8614,0.0,0.2857,Sectoral and Institutional Context,0.0566,0.2234,0.6892,REF023,0.1818,shortlist,,20260918T0133-7dd1a33,discover-1
c0887,14,6,2,2,0.0286,drm_ews,1.0,0.0,0.0,Economic Analysis,0.0105,0.223,0.7699,REF085,0.3067,junk,n_projects<3,20260918T0133-7dd1a33,discover-1
c0888,14,14,6,6,0.0857,drm_ews,1.0,0.0,0.0714,Project Components,0.0323,0.2643,0.7871,REF006,0.6003,shortlist,,20260918T0133-7dd1a33,discover-1
c0900,14,14,9,9,0.1286,cybersecurity,1.0,0.0,0.7143,Implementation Arrangements and Support Plan,0.0507,0.337,0.8221,REF030,0.3965,junk,junk_section_share>=0.6,20260918T0133-7dd1a33,discover-1
c0919,14,13,5,5,0.0714,access_connectivity,0.9774,0.0,0.0,Economic and Financial Analysis,0.0325,0.2524,0.9489,REF045,0.212,shortlist,,20260918T0133-7dd1a33,discover-1
c0939,14,14,10,10,0.1429,access_connectivity,0.5153,0.0,0.0714,Project Components,0.0548,0.3518,0.7995,REF012,0.3731,shortlist,,20260918T0133-7dd1a33,discover-1
c0956,14,14,10,10,0.1429,access_connectivity,0.0,0.0,0.2143,Rationale for Bank Involvement and Role of Partners,0.0553,0.3406,0.8074,REF046,0.4028,shortlist,,20260918T0133-7dd1a33,discover-1
c0958,14,14,12,12,0.1714,access_connectivity,0.8445,0.0714,0.0,"Technical, Economic and Financial Analysis (if applicable)",0.0671,0.3272,0.8158,REF045,0.3071,shortlist,,20260918T0133-7dd1a33,discover-1
c0991,14,14,12,12,0.1714,access_connectivity,0.9464,0.5,0.2143,Project Components,0.0659,0.2945,0.8015,REF056,0.3682,shortlist,,20260918T0133-7dd1a33,discover-1
c1028,14,14,11,7,0.1,dpi,0.0,0.0714,0.3571,Implementation Arrangements and Support Plan,0.0581,0.221,0.7712,REF005,0.499,shortlist,,20260918T0133-7dd1a33,discover-1
c1034,14,14,7,6,0.0857,access_connectivity,0.0,0.0,0.2143,"Technical, Economic, and Financial Analysis",0.0356,0.2523,0.7431,REF006,0.3196,shortlist,,20260918T0133-7dd1a33,discover-1
c1036,14,14,12,12,0.1714,dpi,0.0,0.0,0.4286,Results Monitoring and Evaluation Arrangements,0.065,0.2208,0.7902,REF030,0.4379,shortlist,,20260918T0133-7dd1a33,discover-1
c1062,14,11,11,11,0.1571,drm_ews,1.0,0.0,0.7857,Results Monitoring and Evaluation Arrangements,0.0589,0.2647,0.7818,REF089,0.5749,junk,junk_section_share>=0.6,20260918T0133-7dd1a33,discover-1
c1065,14,14,13,12,0.1714,access_connectivity,0.8982,0.0,0.5,KEY RISKS,0.0721,0.408,0.8102,REF038,0.383,shortlist,,20260918T0133-7dd1a33,discover-1
c1074,14,11,9,10,0.1429,data_hosting,0.889,0.0,0.0714,Detailed Project Description,0.0441,0.3332,0.7159,REF064,0.5348,shortlist,,20260918T0133-7dd1a33,discover-1
c1081,14,14,13,12,0.1714,dpi,0.8113,0.0,0.4286,Implementation Arrangements and Support Plan,0.0663,0.306,0.7443,REF021,0.3556,shortlist,,20260918T0133-7dd1a33,discover-1
c1106,14,14,11,8,0.1143,access_connectivity,0.9212,0.0,0.2857,Rationale for Restructuring,0.0559,0.3431,0.742,REF030,0.2757,shortlist,,20260918T0133-7dd1a33,discover-1
c1119,14,14,10,12,0.1714,dpi,0.9528,0.0714,0.0714,Project Components,0.0584,0.2608,0.8522,REF006,0.3427,shortlist,,20260918T0133-7dd1a33,discover-1
c1180,14,14,13,13,0.1857,dpi,0.961,0.0,0.3571,KEY RISKS,0.0763,0.3238,0.8571,REF086,0.3099,shortlist,,20260918T0133-7dd1a33,discover-1
c1186,14,14,12,12,0.1714,access_connectivity,0.8783,0.6429,0.2143,Project Components,0.0654,0.252,0.796,REF062,0.4634,shortlist,,20260918T0133-7dd1a33,discover-1
c1188,14,12,8,8,0.1143,data_hosting,1.0,0.0,0.7857,Fiduciary,0.0428,0.3063,0.7816,REF085,0.3527,junk,junk_section_share>=0.6,20260918T0133-7dd1a33,discover-1
c1207,14,14,14,14,0.2,drm_ews,0.0,0.0,0.7143,Implementation Arrangements and Support Plan,0.0728,0.3418,0.7587,REF045,0.3536,junk,junk_section_share>=0.6,20260918T0133-7dd1a33,discover-1
c1208,14,14,11,11,0.1571,drm_ews,0.9215,0.0,0.2143,Relevance to Higher Level Objectives,0.062,0.5413,0.8223,REF036,0.4986,shortlist,,20260918T0133-7dd1a33,discover-1
c1213,14,14,14,13,0.1857,,0.0,0.0,0.7143,Implementation Arrangements and Support Plan,0.0712,0.2334,0.7428,REF006,0.3195,junk,junk_section_share>=0.6,20260918T0133-7dd1a33,discover-1
c1293,14,12,11,11,0.1571,,0.0,0.0,1.0,Implementation Arrangements and Support Plan,0.0681,0.293,0.9043,REF045,0.4089,junk,junk_section_share>=0.6,20260918T0133-7dd1a33,discover-1
c1330,14,13,11,11,0.1571,access_connectivity,0.5033,0.0,0.0,Project Strategic Context,0.0599,0.2772,0.7957,REF046,0.511,shortlist,,20260918T0133-7dd1a33,discover-1
c1347,14,14,9,8,0.1143,dpi,0.0,0.0,0.1429,Project Components,0.0453,0.2964,0.7348,REF005,0.2464,shortlist,,20260918T0133-7dd1a33,discover-1
c1350,14,14,10,10,0.1429,dpi,0.7726,0.0,0.0714,Sectoral and Institutional Context,0.0553,0.3102,0.807,REF051,0.4516,shortlist,,20260918T0133-7dd1a33,discover-1
c1363,14,14,9,8,0.1143,cybersecurity,0.0,0.0,0.0,Project Components,0.0492,0.2899,0.7978,REF047,0.5675,shortlist,,20260918T0133-7dd1a33,discover-1
c1410,14,13,13,10,0.1429,,0.0,0.0714,0.7143,Fiduciary,0.0699,0.3533,0.785,REF030,0.3056,junk,junk_section_share>=0.6,20260918T0133-7dd1a33,discover-1
c1426,14,14,13,16,0.2286,drm_ews,0.7477,0.0,0.2857,Relevance to Higher Level Objectives,0.0723,0.5173,0.8117,REF041,0.6078,shortlist,,20260918T0133-7dd1a33,discover-1
c1428,14,14,11,11,0.1571,cybersecurity,0.0,0.0,1.0,Implementation Arrangements and Support Plan,0.0567,0.2198,0.7527,REF045,0.4159,junk,junk_section_share>=0.6,20260918T0133-7dd1a33,discover-1
c1471,14,14,11,8,0.1143,access_connectivity,0.0,0.0714,0.5,Description of Proposed Changes,0.0584,0.301,0.7757,REF036,0.2765,shortlist,,20260918T0133-7dd1a33,discover-1
c1479,14,13,13,13,0.1857,drm_ews,0.0,0.0,0.0,"Technical, Economic and Financial Analysis",0.0848,0.393,0.9529,REF057,0.4024,shortlist,,20260918T0133-7dd1a33,discover-1
c1497,14,12,8,8,0.1143,access_connectivity,1.0,0.0,0.0,Project Beneficiaries,0.0426,0.2178,0.7766,REF067,0.3861,shortlist,,20260918T0133-7dd1a33,discover-1
c1587,14,14,13,11,0.1571,,0.0,0.0,0.8571,Results Monitoring and Evaluation Arrangements,0.0792,0.3349,0.8894,REF030,0.3056,junk,junk_section_share>=0.6,20260918T0133-7dd1a33,discover-1
c1597,14,14,3,3,0.0429,data_hosting,0.961,0.0,0.0,Project Components,0.0188,0.2585,0.9145,REF005,0.3236,shortlist,,20260918T0133-7dd1a33,discover-1
c1613,14,9,9,9,0.1286,access_connectivity,0.9626,0.0,0.0,Gender Analysis,0.0444,0.2622,0.7197,REF089,0.2824,shortlist,,20260918T0133-7dd1a33,discover-1
c1634,14,14,14,12,0.1714,,0.0,0.2857,0.7143,Institutional and Implementation Arrangements,0.0829,0.282,0.8645,REF030,0.3742,junk,junk_section_share>=0.6,20260918T0133-7dd1a33,discover-1
c1644,14,14,11,11,0.1571,,0.0,0.0,1.0,Fiduciary,0.0624,0.2916,0.8286,REF085,0.3924,junk,junk_section_share>=0.6,20260918T0133-7dd1a33,discover-1
c1652,14,13,11,11,0.1571,,0.0,0.0,1.0,Implementation Arrangements and Support Plan,0.0656,0.3276,0.8704,REF045,0.3346,junk,junk_section_share>=0.6,20260918T0133-7dd1a33,discover-1
c1670,14,13,13,13,0.1857,,0.0,0.0,0.9286,Implementation Arrangements and Support Plan,0.0789,0.2096,0.8857,REF005,0.4055,junk,junk_section_share>=0.6,20260918T0133-7dd1a33,discover-1
c1703,14,12,3,2,0.0286,dpi,0.7897,0.2857,0.2857,Gender Assessment,0.0168,0.2418,0.8153,REF011,0.4301,junk,n_projects<3,20260918T0133-7dd1a33,discover-1
c1776,14,14,6,5,0.0714,access_connectivity,0.9183,0.0,0.2143,DETAILED CHANGE(S),0.0311,0.1919,0.7579,REF079,0.2212,shortlist,,20260918T0133-7dd1a33,discover-1
c1817,14,14,11,11,0.1571,access_connectivity,1.0,0.0,0.3571,Project Development Objective,0.0643,0.1449,0.8536,REF075,0.2826,shortlist,,20260918T0133-7dd1a33,discover-1
c1831,14,14,11,8,0.1143,access_connectivity,0.0,0.0,0.2857,Results Chain,0.0655,0.2371,0.8694,REF046,0.472,shortlist,,20260918T0133-7dd1a33,discover-1
c1902,14,14,7,7,0.1,access_connectivity,1.0,0.0,0.5714,RESULTS FRAMEWORK AND MONITORING,0.0389,0.2454,0.8112,REF005,0.4593,shortlist,,20260918T0133-7dd1a33,discover-1
c1904,14,14,13,15,0.2143,access_connectivity,0.6458,0.0,0.5714,Lessons Learned and Reflected in the Project Design,0.0687,0.2807,0.7719,REF046,0.5186,shortlist,,20260918T0133-7dd1a33,discover-1
c1964,14,14,10,13,0.1857,access_connectivity,0.4395,0.1429,0.0,Project Components,0.0538,0.2315,0.786,REF046,0.5586,shortlist,,20260918T0133-7dd1a33,discover-1
c0033,13,13,5,5,0.0714,drm_ews,0.9101,0.0,0.1538,Project Components,0.0342,0.1757,1.0,REF027,0.1638,shortlist,,20260918T0133-7dd1a33,discover-1
c0040,13,13,13,13,0.1857,,0.0,0.0,0.0,GRIEVANCE REDRESS SERVICES,0.0875,0.2313,0.9826,REF009,0.2613,shortlist,,20260918T0133-7dd1a33,discover-1
c0047,13,13,13,13,0.1857,,0.0,0.0,0.0,GRIEVANCE REDRESS SERVICES,0.0889,0.2855,0.9984,REF030,0.3126,shortlist,,20260918T0133-7dd1a33,discover-1
c0059,13,13,13,13,0.1857,,0.0,0.0,0.0,GRIEVANCE REDRESS SERVICES,0.0864,0.3561,0.97,REF030,0.2986,shortlist,,20260918T0133-7dd1a33,discover-1
c0069,13,13,13,17,0.2429,,0.0,0.0,0.0,GRIEVANCE REDRESS SERVICES,0.089,0.3442,1.0,REF030,0.3428,shortlist,,20260918T0133-7dd1a33,discover-1
c0071,13,13,13,13,0.1857,,0.0,0.0,0.0,GRIEVANCE REDRESS SERVICES,0.0888,0.3265,0.9972,REF030,0.3044,shortlist,,20260918T0133-7dd1a33,discover-1
c0116,13,12,11,9,0.1286,drm_ews,0.0,0.3077,0.1538,Project Components,0.0589,0.4445,0.7817,REF044,0.4593,shortlist,,20260918T0133-7dd1a33,discover-1
c0124,13,13,8,8,0.1143,access_connectivity,0.8962,0.0,0.5385,Project Components,0.0538,0.2725,0.9825,REF048,0.2089,shortlist,,20260918T0133-7dd1a33,discover-1
c0147,13,13,11,14,0.2,,0.0,0.0,0.9231,Implementation Arrangements and Support Plan,0.0559,0.3587,0.7425,REF030,0.3959,junk,junk_section_share>=0.6,20260918T0133-7dd1a33,discover-1
c0161,13,13,13,10,0.1429,access_connectivity,0.971,0.0,0.3846,Project Status,0.0765,0.3022,0.8591,REF021,0.2986,shortlist,,20260918T0133-7dd1a33,discover-1
c0220,13,13,9,8,0.1143,dpi,0.9591,0.0,0.4615,DESCRIPTION OF PROPOSED CHANGES,0.0457,0.3954,0.7417,REF036,0.2425,shortlist,,20260918T0133-7dd1a33,discover-1
c0224,13,12,11,9,0.1286,access_connectivity,0.8642,0.0,0.0769,Country Context,0.0543,0.4088,0.7204,REF035,0.3976,shortlist,,20260918T0133-7dd1a33,discover-1
c0237,13,13,10,9,0.1286,dpi,0.8597,0.0,0.6923,Implementation Arrangements and Support Plan,0.0539,0.3709,0.7874,REF048,0.2902,junk,junk_section_share>=0.6,20260918T0133-7dd1a33,discover-1
c0240,13,13,12,12,0.1714,access_connectivity,0.0,0.0,0.8462,Fiduciary,0.076,0.2631,0.9245,REF045,0.2213,junk,junk_section_share>=0.6,20260918T0133-7dd1a33,discover-1
c0256,13,13,11,11,0.1571,data_hosting,0.9388,0.0,0.0769,"Technical, Economic and Financial Analysis",0.062,0.4703,0.8232,REF004,0.4685,shortlist,,20260918T0133-7dd1a33,discover-1
c0257,13,13,10,10,0.1429,access_connectivity,0.8856,0.0,0.1538,Economic and Financial Analysis,0.0529,0.3935,0.7722,REF001,0.4305,shortlist,,20260918T0133-7dd1a33,discover-1
c0264,13,13,13,13,0.1857,,0.0,0.0,0.3846,DETAILED CHANGE(S),0.0849,0.2108,0.9536,REF027,0.3086,shortlist,,20260918T0133-7dd1a33,discover-1
c0265,13,13,8,8,0.1143,dpi,0.0,0.0,0.6923,DESCRIPTION OF PROPOSED CHANGES,0.0434,0.2632,0.7929,REF030,0.3418,junk,junk_section_share>=0.6,20260918T0133-7dd1a33,discover-1
c0273,13,12,11,9,0.1286,dpi,1.0,0.0,0.6154,DESCRIPTION OF ADDITIONAL FINANCING,0.059,0.3103,0.7833,REF030,0.3482,junk,junk_section_share>=0.6,20260918T0133-7dd1a33,discover-1
c0301,13,13,11,11,0.1571,dpi,0.8427,0.0,0.2308,Sectoral and Institutional Context,0.055,0.3233,0.7305,REF079,0.4193,shortlist,,20260918T0133-7dd1a33,discover-1
c0303,13,13,8,6,0.0857,dpi,0.865,0.0,0.0,Sectoral and Institutional Context,0.0393,0.2829,0.7181,REF046,0.3908,shortlist,,20260918T0133-7dd1a33,discover-1
c0305,13,10,5,4,0.0571,drm_ews,1.0,0.0,0.6154,Implementation Arrangements and Support Plan,0.0256,0.2428,0.7474,REF009,0.3997,junk,junk_section_share>=0.6,20260918T0133-7dd1a33,discover-1
c0312,13,11,11,7,0.1,access_connectivity,0.0,0.0,0.5385,DESCRIPTION OF PROPOSED CHANGES,0.0605,0.3726,0.8028,REF030,0.4192,shortlist,,20260918T0133-7dd1a33,discover-1
c0318,13,13,11,11,0.1571,access_connectivity,0.0,0.0,1.0,Fiduciary,0.0685,0.3501,0.9091,REF030,0.393,junk,junk_section_share>=0.6,20260918T0133-7dd1a33,discover-1
c0333,13,13,8,7,0.1,access_connectivity,0.0,0.0,1.0,KEY RISKS,0.0464,0.3528,0.8476,REF041,0.3675,junk,junk_section_share>=0.6,20260918T0133-7dd1a33,discover-1
c0354,13,13,13,14,0.2,dpi,1.0,0.0,0.8462,Implementation Arrangements and Support Plan,0.0733,0.323,0.8229,REF066,0.2854,junk,junk_section_share>=0.6,20260918T0133-7dd1a33,discover-1
c0383,13,12,8,8,0.1143,access_connectivity,0.971,0.0,0.1538,Detailed Project Description,0.0443,0.3098,0.8088,REF066,0.3545,shortlist,,20260918T0133-7dd1a33,discover-1
c0402,13,13,10,10,0.1429,access_connectivity,0.3912,0.0,0.1538,Project Components,0.0548,0.2606,0.7998,REF087,0.4996,shortlist,,20260918T0133-7dd1a33,discover-1
c0430,13,13,13,12,0.1714,access_connectivity,0.961,0.0,0.3846,PROJECT STATUS AND RATIONALE FOR RESTRUCTURING,0.0767,0.2392,0.8614,REF027,0.2518,shortlist,,20260918T0133-7dd1a33,discover-1
c0433,13,13,11,9,0.1286,dpi,0.9183,0.0,0.8462,Implementation Arrangements and Support Plan,0.0619,0.2691,0.8222,REF027,0.2333,junk,junk_section_share>=0.6,20260918T0133-7dd1a33,discover-1
c0437,13,13,12,9,0.1286,dpi,1.0,0.0,0.3077,DESCRIPTION OF PROPOSED CHANGES,0.0782,0.2359,0.9513,REF027,0.2233,shortlist,,20260918T0133-7dd1a33,discover-1
c0494,13,13,10,9,0.1286,access_connectivity,0.8113,0.0,0.4615,Implementation Arrangements and Support Plan,0.056,0.2362,0.8175,REF030,0.2385,shortlist,,20260918T0133-7dd1a33,discover-1
c0497,13,13,10,9,0.1286,access_connectivity,0.0,0.2308,0.1538,Sustainability,0.0534,0.3067,0.7794,REF050,0.4031,shortlist,,20260918T0133-7dd1a33,discover-1
c0514,13,12,8,7,0.1,dpi,0.8194,0.0,0.0769,Project Components,0.0424,0.2543,0.7742,REF056,0.2807,shortlist,,20260918T0133-7dd1a33,discover-1
c0547,13,13,10,9,0.1286,dpi,0.6914,0.0,0.0769,"Technical, Economic, and Financial Analysis",0.0593,0.2346,0.8663,REF036,0.2994,shortlist,,20260918T0133-7dd1a33,discover-1
c0549,13,12,12,12,0.1714,dpi,0.7897,0.0,0.0769,Country Context,0.0625,0.2924,0.7599,REF089,0.3587,shortlist,,20260918T0133-7dd1a33,discover-1
c0556,13,10,5,6,0.0857,dpi,0.0,0.0,0.0769,Sectoral and Institutional Context,0.0238,0.2472,0.6957,REF085,0.3955,shortlist,,20260918T0133-7dd1a33,discover-1
c0592,13,13,12,12,0.1714,dpi,0.9602,0.0,0.3077,Implementation Arrangements and Support Plan,0.0689,0.2942,0.8377,REF066,0.2669,shortlist,,20260918T0133-7dd1a33,discover-1
c0610,13,12,10,10,0.1429,access_connectivity,0.8528,0.0,0.5385,Project Components,0.0536,0.3803,0.7833,REF076,0.2794,shortlist,,20260918T0133-7dd1a33,discover-1
c0612,13,13,13,12,0.1714,,0.0,0.1538,1.0,Implementation Arrangements and Support Plan,0.0812,0.2152,0.9116,REF045,0.3559,junk,junk_section_share>=0.6,20260918T0133-7dd1a33,discover-1
c0631,13,13,11,11,0.1571,dpi,0.9851,0.0,0.2308,Project Components,0.0614,0.2444,0.815,REF011,0.3789,shortlist,,20260918T0133-7dd1a33,discover-1
c0640,13,13,11,10,0.1429,dpi,0.8699,0.0,0.6154,KEY RISKS,0.055,0.38,0.7294,REF048,0.3441,junk,junk_section_share>=0.6,20260918T0133-7dd1a33,discover-1
c0642,13,11,11,9,0.1286,access_connectivity,0.469,0.0,0.5385,Lessons Learned and Reflected in the Project Design,0.0523,0.2724,0.6935,REF038,0.3432,shortlist,,20260918T0133-7dd1a33,discover-1
c0644,13,12,11,10,0.1429,access_connectivity,0.9183,0.0,0.7692,Implementation Arrangements and Support Plan,0.0586,0.2703,0.7779,REF031,0.3188,junk,junk_section_share>=0.6,20260918T0133-7dd1a33,discover-1
c0689,13,13,10,10,0.1429,dpi,0.8648,0.0,0.1538,Sectoral and Institutional Context,0.0413,0.351,0.6024,REF002,0.3355,shortlist,,20260918T0133-7dd1a33,discover-1
c0697,13,13,11,14,0.2,access_connectivity,0.9206,0.0,0.3077,Project Components,0.0548,0.3316,0.7277,REF069,0.3663,shortlist,,20260918T0133-7dd1a33,discover-1
c0710,13,13,12,11,0.1571,access_connectivity,0.0,0.0,0.6923,Fiduciary,0.0722,0.2394,0.8783,REF005,0.3282,junk,junk_section_share>=0.6,20260918T0133-7dd1a33,discover-1
c0711,13,13,13,12,0.1714,dpi,0.75,0.0,0.3846,Lessons Learned and Reflected in the Project Design,0.086,0.224,0.9655,REF053,0.2309,shortlist,,20260918T0133-7dd1a33,discover-1
c0764,13,13,11,11,0.1571,access_connectivity,0.9602,0.0,0.3846,Project Components,0.061,0.342,0.8091,REF086,0.3592,shortlist,,20260918T0133-7dd1a33,discover-1
c0770,13,13,12,10,0.1429,access_connectivity,0.0,0.8462,0.0,Project Components,0.0723,0.2758,0.8799,REF085,0.4215,shortlist,,20260918T0133-7dd1a33,discover-1
c0789,13,11,10,9,0.1286,drm_ews,0.8113,0.0769,0.6154,PROJECT STATUS AND RATIONALE,0.0513,0.2831,0.7496,REF085,0.3411,junk,junk_section_share>=0.6,20260918T0133-7dd1a33,discover-1
c0793,13,13,12,12,0.1714,dpi,0.9751,0.0,0.3846,Project Beneficiaries,0.0692,0.2365,0.8421,REF019,0.2505,shortlist,,20260918T0133-7dd1a33,discover-1
c0819,13,12,11,14,0.2,access_connectivity,0.8113,0.0,0.0,"Technical, Economic and Financial Analysis",0.0632,0.2988,0.8385,REF005,0.3614,shortlist,,20260918T0133-7dd1a33,discover-1
c0838,13,13,13,15,0.2143,dpi,0.9206,0.0,0.2308,Project Components,0.0586,0.3449,0.6576,REF033,0.2058,shortlist,,20260918T0133-7dd1a33,discover-1
c0843,13,13,13,13,0.1857,dpi,0.8194,0.0,0.2308,Sectoral and Institutional Context,0.0593,0.3081,0.6662,REF061,0.183,shortlist,,20260918T0133-7dd1a33,discover-1
c0854,13,13,11,11,0.1571,access_connectivity,0.9464,0.0,0.1538,Project Development Objective,0.0643,0.1967,0.8532,REF020,0.1624,shortlist,,20260918T0133-7dd1a33,discover-1
c0860,13,13,10,8,0.1143,access_connectivity,0.8699,0.3077,0.0,Project Components,0.0564,0.2715,0.823,REF036,0.3614,shortlist,,20260918T0133-7dd1a33,discover-1
c0861,13,13,8,6,0.0857,dpi,0.7568,0.0,0.3077,Sectoral and Institutional Context,0.0436,0.2668,0.7956,REF064,0.6446,shortlist,,20260918T0133-7dd1a33,discover-1
c0865,13,12,12,12,0.1714,dpi,0.8072,0.0,0.7692,Lessons Learned and Progress on Learning Agenda,0.0737,0.2996,0.8967,REF005,0.3659,junk,junk_section_share>=0.6,20260918T0133-7dd1a33,discover-1
c0867,13,13,12,12,0.1714,access_connectivity,0.8528,0.0,0.0769,Project Components,0.0649,0.3583,0.7895,REF080,0.4206,shortlist,,20260918T0133-7dd1a33,discover-1
c0868,13,13,12,11,0.1571,dpi,0.825,0.1538,0.0,Project Components,0.0637,0.2782,0.7752,REF030,0.3024,shortlist,,20260918T0133-7dd1a33,discover-1
c0904,13,13,10,10,0.1429,dpi,0.7443,0.0,0.0769,Project Components,0.0504,0.281,0.7351,REF046,0.4001,shortlist,,20260918T0133-7dd1a33,discover-1
c0923,13,13,9,9,0.1286,access_connectivity,0.8982,0.4615,0.0,Technical and Economic Analysis,0.0494,0.2539,0.8007,REF005,0.2937,shortlist,,20260918T0133-7dd1a33,discover-1
c0924,13,13,8,8,0.1143,access_connectivity,0.9183,0.3846,0.0,Economic and Financial Analysis,0.0427,0.2451,0.7785,REF005,0.296,shortlist,,20260918T0133-7dd1a33,discover-1
c1006,13,13,11,10,0.1429,access_connectivity,0.9206,0.0,0.3077,Relevance to Higher Level Objectives,0.0561,0.3269,0.7442,REF083,0.4162,shortlist,,20260918T0133-7dd1a33,discover-1
c1092,13,12,9,8,0.1143,access_connectivity,0.971,0.0,0.0,"Technical, Economic, and Financial Analysis",0.045,0.2711,0.7303,REF059,0.4858,shortlist,,20260918T0133-7dd1a33,discover-1
c1099,13,13,11,10,0.1429,,0.0,0.0,0.3077,Project Components,0.0594,0.2946,0.7888,REF089,0.3424,shortlist,,20260918T0133-7dd1a33,discover-1
c1126,13,12,10,13,0.1857,cybersecurity,0.9183,0.0,0.6154,Implementation Arrangements and Support Plan,0.0551,0.2681,0.8051,REF084,0.3072,junk,junk_section_share>=0.6,20260918T0133-7dd1a33,discover-1
c1161,13,13,11,11,0.1571,cybersecurity,0.9206,0.0,0.3846,Project Components,0.0602,0.2802,0.7986,REF017,0.2924,shortlist,,20260918T0133-7dd1a33,discover-1
c1183,13,13,11,13,0.1857,dpi,0.9183,0.0,0.0769,Project Components,0.0563,0.3055,0.7477,REF030,0.3219,shortlist,,20260918T0133-7dd1a33,discover-1
c1227,13,12,10,6,0.0857,dpi,1.0,0.3077,0.6154,PROJECT STATUS AND RATIONALE FOR RESTRUCTURING,0.0554,0.2315,0.8094,REF085,0.3012,junk,junk_section_share>=0.6,20260918T0133-7dd1a33,discover-1
c1257,13,12,9,9,0.1286,dpi,0.0,0.0,0.9231,Implementation Arrangements and Support Plan,0.0469,0.2557,0.7605,REF008,0.3076,junk,junk_section_share>=0.6,20260918T0133-7dd1a33,discover-1
c1269,13,13,7,7,0.1,access_connectivity,0.0,0.0,0.2308,DETAILED CHANGE(S),0.0424,0.2721,0.8853,REF030,0.2213,shortlist,,20260918T0133-7dd1a33,discover-1
c1285,13,12,10,9,0.1286,dpi,0.0,0.0,0.6923,Implementation Arrangements and Support Plan,0.0503,0.2691,0.7347,REF045,0.3538,junk,junk_section_share>=0.6,20260918T0133-7dd1a33,discover-1
c1294,13,13,13,13,0.1857,,0.0,0.0769,1.0,Implementation Arrangements and Support Plan,0.0756,0.2739,0.8487,REF029,0.3394,junk,junk_section_share>=0.6,20260918T0133-7dd1a33,discover-1
c1298,13,13,12,11,0.1571,drm_ews,0.7725,0.0,0.0769,Project Components,0.0633,0.5957,0.7699,REF005,0.5009,shortlist,,20260918T0133-7dd1a33,discover-1
c1355,13,13,11,10,0.1429,,0.0,0.0,0.9231,Institutional and Implementation Arrangements,0.0651,0.3309,0.8639,REF005,0.3435,junk,junk_section_share>=0.6,20260918T0133-7dd1a33,discover-1
c1356,13,13,13,13,0.1857,access_connectivity,0.7091,0.0769,0.0,Project Components,0.0805,0.3637,0.9044,REF030,0.2915,shortlist,,20260918T0133-7dd1a33,discover-1
c1375,13,13,10,9,0.1286,access_connectivity,0.8429,0.0769,0.0769,Project Components,0.0555,0.3391,0.8105,REF041,0.4916,shortlist,,20260918T0133-7dd1a33,discover-1
c1404,13,11,3,3,0.0429,drm_ews,0.4416,0.0,0.0769,Project Components,0.0146,0.3111,0.7125,REF075,0.502,shortlist,,20260918T0133-7dd1a33,discover-1
c1431,13,12,10,10,0.1429,dpi,1.0,0.0,1.0,Implementation Arrangements and Support Plan,0.0532,0.2186,0.7769,REF085,0.382,junk,junk_section_share>=0.6,20260918T0133-7dd1a33,discover-1
c1455,13,13,12,12,0.1714,dpi,0.9602,0.0,0.0,Country Context,0.0591,0.3284,0.7189,REF011,0.4846,shortlist,,20260918T0133-7dd1a33,discover-1
c1456,13,13,12,11,0.1571,,0.0,0.0,1.0,Implementation Arrangements and Support Plan,0.0651,0.2676,0.7915,REF085,0.2504,junk,junk_section_share>=0.6,20260918T0133-7dd1a33,discover-1
c1465,13,12,12,10,0.1429,,0.0,0.4615,0.6923,Results Monitoring and Evaluation Arrangements,0.0622,0.3039,0.7564,REF030,0.3905,junk,junk_section_share>=0.6,20260918T0133-7dd1a33,discover-1
c1467,13,12,7,6,0.0857,drm_ews,0.8691,0.0,0.0769,Country Context,0.0377,0.4941,0.787,REF085,0.4638,shortlist,,20260918T0133-7dd1a33,discover-1
c1474,13,13,9,9,0.1286,,0.0,0.0,0.9231,Implementation Arrangements and Support Plan,0.0505,0.2756,0.8184,REF045,0.3769,junk,junk_section_share>=0.6,20260918T0133-7dd1a33,discover-1
c1520,13,11,7,7,0.1,,0.0,0.0,0.8462,Fiduciary,0.0402,0.3349,0.8383,REF085,0.3845,junk,junk_section_share>=0.6,20260918T0133-7dd1a33,discover-1
c1537,13,13,13,13,0.1857,,0.0,0.0,1.0,Implementation Arrangements and Support Plan,0.0791,0.1902,0.8879,REF085,0.3062,junk,junk_section_share>=0.6,20260918T0133-7dd1a33,discover-1
c1538,13,13,13,12,0.1714,,0.0,0.0,1.0,Implementation Arrangements and Support Plan,0.0855,0.154,0.9599,REF085,0.288,junk,junk_section_share>=0.6,20260918T0133-7dd1a33,discover-1
c1542,13,13,9,9,0.1286,drm_ews,0.8429,0.0,0.0,Project Components,0.0559,0.5907,0.9064,REF041,0.4865,shortlist,,20260918T0133-7dd1a33,discover-1
c1574,13,13,12,12,0.1714,dpi,0.7219,0.1538,0.0769,Project Components,0.0648,0.2372,0.7885,REF011,0.5327,shortlist,,20260918T0133-7dd1a33,discover-1
c1576,13,11,4,2,0.0286,,0.0,0.0,0.0,DETAILED CHANGE(S),0.0219,0.2389,0.799,REF085,0.338,junk,n_projects<3,20260918T0133-7dd1a33,discover-1
c1602,13,13,12,14,0.2,dpi,1.0,0.0769,0.4615,KEY RISKS,0.0571,0.3161,0.6944,REF085,0.3684,shortlist,,20260918T0133-7dd1a33,discover-1
c1693,13,13,5,3,0.0429,submarine_cable,0.8194,0.0,0.3846,RESULTS FRAMEWORK AND MONITORING,0.0278,0.2509,0.8106,REF089,0.3804,shortlist,,20260918T0133-7dd1a33,discover-1
c1697,13,13,11,10,0.1429,,0.0,0.0,0.6923,Implementation Arrangements and Support Plan,0.0636,0.3062,0.844,REF009,0.3598,junk,junk_section_share>=0.6,20260918T0133-7dd1a33,discover-1
c1713,13,12,7,7,0.1,dpi,0.0,0.2308,0.3077,Technical Design and Component Descriptions,0.0371,0.2669,0.7744,REF005,0.5795,shortlist,,20260918T0133-7dd1a33,discover-1
c1721,13,12,10,10,0.1429,dpi,0.9367,0.0,0.0,Project Components,0.0512,0.242,0.7469,REF008,0.4431,shortlist,,20260918T0133-7dd1a33,discover-1
c1724,13,13,12,12,0.1714,,0.0,0.4615,1.0,Implementation Arrangements and Support Plan,0.0651,0.2034,0.7916,REF085,0.353,junk,junk_section_share>=0.6,20260918T0133-7dd1a33,discover-1
c1728,13,13,10,10,0.1429,,0.0,0.0,1.0,Implementation Arrangements and Support Plan,0.0597,0.2236,0.8712,REF085,0.327,junk,junk_section_share>=0.6,20260918T0133-7dd1a33,discover-1
c1755,13,10,8,7,0.1,dpi,0.0,0.0,0.5385,KEY RISKS,0.0374,0.201,0.6822,REF068,0.5797,shortlist,,20260918T0133-7dd1a33,discover-1
c1791,13,12,12,11,0.1571,,0.0,0.0,1.0,Implementation Arrangements and Support Plan,0.074,0.2347,0.9005,REF066,0.3252,junk,junk_section_share>=0.6,20260918T0133-7dd1a33,discover-1
c1797,13,13,9,8,0.1143,dpi,0.4138,0.0,0.1538,Detailed Project Description,0.0449,0.2372,0.7285,REF068,0.5149,shortlist,,20260918T0133-7dd1a33,discover-1
c1805,13,13,13,13,0.1857,dpi,0.9675,0.0,0.0,Country Context,0.0671,0.2514,0.7534,REF005,0.2347,shortlist,,20260918T0133-7dd1a33,discover-1
c1807,13,10,8,8,0.1143,submarine_cable,0.7897,0.0,0.0,Country Context,0.0402,0.2598,0.7335,REF046,0.2736,shortlist,,20260918T0133-7dd1a33,discover-1
c1821,13,5,3,2,0.0286,dpi,0.8783,0.0,0.0,Country Context,0.0158,0.2076,0.7697,REF079,0.2004,junk,n_projects<3,20260918T0133-7dd1a33,discover-1
c1849,13,13,10,9,0.1286,access_connectivity,0.0,0.0,0.7692,Environmental and Social,0.0549,0.2743,0.8021,REF061,0.3977,junk,junk_section_share>=0.6,20260918T0133-7dd1a33,discover-1
c1870,13,13,9,8,0.1143,dpi,0.7508,0.0,0.1538,Project Development Objective (PDO),0.049,0.1887,0.7948,REF086,0.4304,shortlist,,20260918T0133-7dd1a33,discover-1
c1895,13,12,6,6,0.0857,access_connectivity,0.0,0.0,0.1538,Relevance to Higher Level Objectives,0.031,0.2432,0.7537,REF067,0.5116,shortlist,,20260918T0133-7dd1a33,discover-1
c1896,13,13,12,11,0.1571,dpi,0.8849,0.1538,0.0,Project Beneficiaries,0.0644,0.2205,0.7839,REF086,0.4055,shortlist,,20260918T0133-7dd1a33,discover-1
c1925,13,13,11,10,0.1429,access_connectivity,0.9455,0.0,0.0,Relevance to Higher Level Objectives,0.0619,0.2503,0.8214,REF061,0.4136,shortlist,,20260918T0133-7dd1a33,discover-1
c1939,13,10,9,7,0.1,cybersecurity,0.9852,0.0,0.0,Country Context,0.0487,0.1952,0.7901,REF046,0.4432,shortlist,,20260918T0133-7dd1a33,discover-1
c0023,12,12,12,10,0.1429,,0.0,0.0833,0.0,DETAILED CHANGE(S),0.0758,0.31,0.9218,REF036,0.3273,shortlist,,20260918T0133-7dd1a33,discover-1
c0110,12,10,5,5,0.0714,drm_ews,0.971,0.0,0.0,Project Components,0.0296,0.3123,0.8636,REF005,0.3915,shortlist,,20260918T0133-7dd1a33,discover-1
c0114,12,12,11,9,0.1286,drm_ews,0.0,0.0,0.0,Project Components,0.0677,0.3034,0.899,REF058,0.374,shortlist,,20260918T0133-7dd1a33,discover-1
c0127,12,12,12,8,0.1143,submarine_cable,1.0,0.75,0.0833,DETAILED CHANGE(S),0.0752,0.4367,0.9155,REF030,0.3662,shortlist,,20260918T0133-7dd1a33,discover-1
c0131,12,12,11,10,0.1429,dpi,0.865,0.0,0.25,Project Components,0.0632,0.2805,0.8393,REF068,0.3032,shortlist,,20260918T0133-7dd1a33,discover-1
c0137,12,12,12,11,0.1571,,0.0,0.0,1.0,Results Monitoring and Evaluation Arrangements,0.0766,0.3028,0.9314,REF085,0.2834,junk,junk_section_share>=0.6,20260918T0133-7dd1a33,discover-1
c0150,12,12,2,2,0.0286,dpi,0.8113,0.0,0.0,National Level Program Details - Grenada,0.0117,0.28,0.8508,REF001,0.3289,junk,n_projects<3,20260918T0133-7dd1a33,discover-1
c0153,12,7,1,1,0.0143,data_hosting,0.9183,0.0,0.0,Detailed Description of the 911 Center and Integrated Platform,0.0045,0.2347,0.6632,REF036,0.2661,junk,n_projects<3,20260918T0133-7dd1a33,discover-1
c0173,12,11,10,10,0.1429,dpi,0.0,0.0,0.0,Project Beneficiaries,0.0536,0.2929,0.7821,REF056,0.3894,shortlist,,20260918T0133-7dd1a33,discover-1
c0205,12,12,12,11,0.1571,dpi,0.7219,0.0,0.4167,Economic and Financial Analysis,0.0647,0.1862,0.7871,REF026,0.1688,shortlist,,20260918T0133-7dd1a33,discover-1
c0219,12,12,11,8,0.1143,access_connectivity,0.4138,0.0,0.0,Project Components,0.0646,0.245,0.8574,REF087,0.4674,shortlist,,20260918T0133-7dd1a33,discover-1
c0235,12,10,9,8,0.1143,dpi,0.0,0.0,0.75,Implementation Arrangements and Support Plan,0.0458,0.2344,0.7426,REF031,0.2806,junk,junk_section_share>=0.6,20260918T0133-7dd1a33,discover-1
c0239,12,12,10,10,0.1429,,0.0,0.0,1.0,Implementation Arrangements and Support Plan,0.0632,0.318,0.9234,REF045,0.2519,junk,junk_section_share>=0.6,20260918T0133-7dd1a33,discover-1
c0242,12,12,12,12,0.1714,access_connectivity,0.8805,0.0,0.25,Sectoral and Institutional Context,0.0659,0.4079,0.8015,REF016,0.3963,shortlist,,20260918T0133-7dd1a33,discover-1
c0248,12,12,7,6,0.0857,mobile_towers,0.8589,0.0,0.0,"Technical, Economic, and Financial Analysis",0.039,0.2695,0.8136,REF045,0.2245,shortlist,,20260918T0133-7dd1a33,discover-1
c0259,12,12,8,8,0.1143,,0.0,0.0,0.75,Implementation Arrangements and Support Plan,0.0461,0.2755,0.8414,REF031,0.2869,junk,junk_section_share>=0.6,20260918T0133-7dd1a33,discover-1
c0260,12,12,10,10,0.1429,,0.0,0.0,0.75,Implementation Arrangements and Support Plan,0.0535,0.3367,0.7809,REF027,0.345,junk,junk_section_share>=0.6,20260918T0133-7dd1a33,discover-1
c0266,12,12,5,5,0.0714,,0.0,0.0,0.1667,DETAILED CHANGE(S),0.0287,0.2243,0.8384,REF030,0.2954,shortlist,,20260918T0133-7dd1a33,discover-1
c0293,12,12,11,9,0.1286,,0.0,0.0,0.9167,Environmental and Social,0.0637,0.2562,0.846,REF030,0.3113,junk,junk_section_share>=0.6,20260918T0133-7dd1a33,discover-1
c0300,12,12,8,8,0.1143,cybersecurity,0.9455,0.0,0.1667,Technical Design and Component Descriptions,0.0416,0.3432,0.7583,REF030,0.4196,shortlist,,20260918T0133-7dd1a33,discover-1
c0306,12,12,11,11,0.1571,cybersecurity,0.9528,0.0,0.5,Institutional and Implementation Arrangements,0.0559,0.3309,0.7421,REF017,0.312,shortlist,,20260918T0133-7dd1a33,discover-1
c0332,12,12,10,9,0.1286,access_connectivity,0.8113,0.0,0.75,Implementation Arrangements and Support Plan,0.0597,0.4464,0.872,REF072,0.395,junk,junk_section_share>=0.6,20260918T0133-7dd1a33,discover-1
c0359,12,7,3,3,0.0429,dpi,0.7725,0.0,0.0833,Regional-Level Project Details,0.0151,0.2338,0.7341,REF043,0.3328,shortlist,,20260918T0133-7dd1a33,discover-1
c0368,12,12,10,8,0.1143,,0.0,0.0,0.3333,DETAILED CHANGE(S),0.0592,0.3865,0.865,REF030,0.4061,shortlist,,20260918T0133-7dd1a33,discover-1
c0386,12,12,4,3,0.0429,dpi,0.8113,0.0,0.0,Project Components,0.0203,0.3021,0.7407,REF079,0.5242,shortlist,,20260918T0133-7dd1a33,discover-1
c0403,12,12,6,6,0.0857,dpi,0.0,0.0833,0.0,Project Components,0.0343,0.2359,0.8345,REF006,0.5607,shortlist,,20260918T0133-7dd1a33,discover-1
c0450,12,12,11,10,0.1429,access_connectivity,0.7219,0.0,0.0833,KEY RISKS,0.0645,0.3023,0.8555,REF006,0.3273,shortlist,,20260918T0133-7dd1a33,discover-1
c0493,12,11,10,10,0.1429,access_connectivity,0.0,0.1667,0.6667,KEY RISKS,0.0519,0.3686,0.7577,REF045,0.4634,junk,junk_section_share>=0.6,20260918T0133-7dd1a33,discover-1
c0511,12,12,11,11,0.1571,dpi,0.8764,0.0,0.0833,Project Components,0.0643,0.2739,0.8529,REF019,0.3111,shortlist,,20260918T0133-7dd1a33,discover-1
c0552,12,12,8,7,0.1,access_connectivity,0.9464,0.0,0.0833,Project Components,0.0414,0.3272,0.7561,REF005,0.3908,shortlist,,20260918T0133-7dd1a33,discover-1
c0565,12,10,8,7,0.1,dpi,0.5033,0.0,0.0,"Technical, Economic, and Financial Analysis",0.0439,0.2786,0.8004,REF008,0.391,shortlist,,20260918T0133-7dd1a33,discover-1
c0579,12,11,9,8,0.1143,dpi,0.935,0.0,0.0833,Relevance to Higher Level Objectives,0.047,0.3519,0.763,REF011,0.356,shortlist,,20260918T0133-7dd1a33,discover-1
c0595,12,12,12,15,0.2143,dpi,0.9183,0.0,0.3333,Sectoral and Institutional Context,0.0681,0.3856,0.8291,REF066,0.3467,shortlist,,20260918T0133-7dd1a33,discover-1
c0601,12,11,8,11,0.1571,access_connectivity,0.865,0.0,0.3333,Environmental and Social,0.0432,0.3186,0.7875,REF030,0.3925,shortlist,,20260918T0133-7dd1a33,discover-1
c0617,12,12,5,5,0.0714,dpi,1.0,0.0,0.1667,Project Components,0.0258,0.2722,0.7541,REF069,0.2179,shortlist,,20260918T0133-7dd1a33,discover-1
c0636,12,12,10,9,0.1286,cybersecurity,0.5436,0.0833,0.0,Project Components,0.0558,0.2193,0.8141,REF011,0.5031,shortlist,,20260918T0133-7dd1a33,discover-1
c0647,12,12,10,9,0.1286,dpi,1.0,0.0,0.6667,Implementation Arrangements and Support Plan,0.055,0.2671,0.8037,REF063,0.2691,junk,junk_section_share>=0.6,20260918T0133-7dd1a33,discover-1
c0675,12,12,11,12,0.1714,access_connectivity,0.9591,0.0,0.0833,Project Components,0.0598,0.3305,0.7939,REF029,0.3563,shortlist,,20260918T0133-7dd1a33,discover-1
c0707,12,12,5,6,0.0857,dpi,0.8322,0.0,0.0833,DESCRIPTION OF ADDITIONAL FINANCING,0.0318,0.2281,0.9279,REF069,0.2534,shortlist,,20260918T0133-7dd1a33,discover-1
c0734,12,11,10,9,0.1286,dpi,0.65,0.0,0.25,Project Components,0.0504,0.3317,0.7351,REF029,0.3212,shortlist,,20260918T0133-7dd1a33,discover-1
c0763,12,12,10,12,0.1714,,0.0,0.0,0.8333,Implementation Arrangements and Support Plan,0.0537,0.3356,0.7839,REF075,0.276,junk,junk_section_share>=0.6,20260918T0133-7dd1a33,discover-1
c0768,12,12,10,13,0.1857,dpi,0.0,0.3333,0.1667,Project Components,0.0544,0.2798,0.7941,REF053,0.4135,shortlist,,20260918T0133-7dd1a33,discover-1
c0783,12,12,10,9,0.1286,access_connectivity,0.5436,0.0,0.0,Project Components,0.0531,0.2996,0.7757,REF045,0.4116,shortlist,,20260918T0133-7dd1a33,discover-1
c0796,12,10,6,6,0.0857,dpi,0.808,0.0,0.1667,Technical Design and Component Descriptions,0.0275,0.277,0.6682,REF030,0.297,shortlist,,20260918T0133-7dd1a33,discover-1
c0823,12,12,9,9,0.1286,dpi,0.9212,0.0,0.3333,Detailed Project Description,0.0488,0.3125,0.7916,REF061,0.2305,shortlist,,20260918T0133-7dd1a33,discover-1
c0836,12,12,11,9,0.1286,dpi,0.9602,0.0,0.25,Project Components,0.0696,0.2107,0.9243,REF023,0.1675,shortlist,,20260918T0133-7dd1a33,discover-1
c0837,12,12,10,10,0.1429,dpi,0.9056,0.0,0.5833,Lessons Learned and Reflected in the Project Design,0.0501,0.3484,0.7315,REF019,0.2525,shortlist,,20260918T0133-7dd1a33,discover-1
c0841,12,12,10,10,0.1429,access_connectivity,1.0,0.0,0.75,Implementation Arrangements and Support Plan,0.0583,0.273,0.8517,REF027,0.1535,junk,junk_section_share>=0.6,20260918T0133-7dd1a33,discover-1
c0894,12,12,10,10,0.1429,,0.0,0.0,0.75,Institutional and Implementation Arrangements,0.0529,0.3478,0.7725,REF053,0.3531,junk,junk_section_share>=0.6,20260918T0133-7dd1a33,discover-1
c0901,12,12,10,9,0.1286,dpi,0.9912,0.0,0.0,Project Beneficiaries,0.0588,0.3372,0.8579,REF036,0.4753,shortlist,,20260918T0133-7dd1a33,discover-1
c0909,12,10,8,7,0.1,mobile_towers,0.9163,0.0,0.0,Economic and Financial Analysis,0.0423,0.2564,0.7715,REF027,0.29,shortlist,,20260918T0133-7dd1a33,discover-1
c0938,12,12,9,9,0.1286,access_connectivity,0.6908,0.0,0.25,Detailed Project Description,0.0471,0.3392,0.7648,REF037,0.28,shortlist,,20260918T0133-7dd1a33,discover-1
c0942,12,12,11,9,0.1286,access_connectivity,0.9112,0.0,0.1667,Sectoral and Institutional Context,0.0639,0.2851,0.8487,REF038,0.3716,shortlist,,20260918T0133-7dd1a33,discover-1
c0943,12,9,8,7,0.1,,0.0,0.0,0.3333,Project Beneficiaries,0.0453,0.3501,0.826,REF030,0.3337,shortlist,,20260918T0133-7dd1a33,discover-1
c0949,12,12,11,11,0.1571,,0.0,0.0,0.6667,Environmental and Social,0.0547,0.2602,0.7263,REF031,0.3797,junk,junk_section_share>=0.6,20260918T0133-7dd1a33,discover-1
c0954,12,12,11,10,0.1429,dpi,0.0,0.3333,0.5833,Environmental and Social,0.0633,0.2706,0.8403,REF021,0.4634,shortlist,,20260918T0133-7dd1a33,discover-1
c0965,12,12,10,10,0.1429,access_connectivity,0.8959,0.0,0.0833,Project Components,0.0549,0.2665,0.8019,REF076,0.3175,shortlist,,20260918T0133-7dd1a33,discover-1
c0974,12,12,10,13,0.1857,access_connectivity,0.8113,0.0,0.0,"Technical, Economic and Financial Analysis",0.0669,0.2694,0.9767,REF030,0.2958,shortlist,,20260918T0133-7dd1a33,discover-1
c0976,12,11,9,9,0.1286,dpi,0.8322,0.0,0.0,Technical and Economic Analysis,0.0463,0.2813,0.7508,REF030,0.3035,shortlist,,20260918T0133-7dd1a33,discover-1
c0997,12,9,9,9,0.1286,dpi,0.9183,0.3333,0.9167,Implementation Arrangements and Support Plan,0.0482,0.2983,0.7811,REF046,0.4098,junk,junk_section_share>=0.6,20260918T0133-7dd1a33,discover-1
c1005,12,12,9,9,0.1286,access_connectivity,0.0,0.0,0.0,Project Economic and Financial Analysis,0.0502,0.2467,0.8148,REF085,0.3209,shortlist,,20260918T0133-7dd1a33,discover-1
c1009,12,12,11,10,0.1429,access_connectivity,0.0,0.0,0.9167,Implementation Arrangements and Support Plan,0.063,0.3258,0.8367,REF030,0.4454,junk,junk_section_share>=0.6,20260918T0133-7dd1a33,discover-1
c1037,12,11,10,10,0.1429,access_connectivity,0.8342,0.0,0.0,Relevance to Higher Level Objectives,0.0571,0.2872,0.8341,REF046,0.3845,shortlist,,20260918T0133-7dd1a33,discover-1
c1043,12,10,8,11,0.1571,access_connectivity,0.8439,0.0,0.0,Support for Climate Change Adaptation and Mitigation,0.0428,0.2327,0.7806,REF045,0.4061,shortlist,,20260918T0133-7dd1a33,discover-1
c1045,12,12,6,6,0.0857,,0.0,0.0833,0.9167,Implementation Arrangements and Support Plan,0.0347,0.2223,0.8453,REF085,0.3267,junk,junk_section_share>=0.6,20260918T0133-7dd1a33,discover-1
c1064,12,12,11,10,0.1429,,0.0,0.0,0.6667,Results Monitoring and Evaluation Arrangements,0.0623,0.292,0.8272,REF053,0.3092,junk,junk_section_share>=0.6,20260918T0133-7dd1a33,discover-1
c1083,12,10,10,12,0.1714,cybersecurity,0.9697,0.0,0.0,Sectoral and Institutional Context,0.0464,0.2431,0.677,REF059,0.3858,shortlist,,20260918T0133-7dd1a33,discover-1
c1085,12,9,5,4,0.0571,,0.0,0.0,0.0,Project Components,0.0259,0.2281,0.7577,REF006,0.3842,shortlist,,20260918T0133-7dd1a33,discover-1
c1097,12,12,9,9,0.1286,cybersecurity,0.9911,0.0,0.0833,Project Components,0.0471,0.2923,0.7637,REF082,0.3924,shortlist,,20260918T0133-7dd1a33,discover-1
c1109,12,12,9,7,0.1,,0.0,0.6667,0.1667,Sustainability,0.0518,0.2857,0.8407,REF059,0.3795,shortlist,,20260918T0133-7dd1a33,discover-1
c1121,12,12,11,11,0.1571,drm_ews,1.0,0.0,0.4167,Environmental and Social,0.0598,0.3232,0.7944,REF053,0.3729,shortlist,,20260918T0133-7dd1a33,discover-1
c1169,12,12,10,9,0.1286,dpi,0.8289,0.0,0.25,Relevance to Higher Level Objectives,0.0495,0.3573,0.7224,REF062,0.4873,shortlist,,20260918T0133-7dd1a33,discover-1
c1200,12,12,10,10,0.1429,dpi,0.7248,0.0,0.4167,Sectoral and Institutional Context,0.0516,0.2778,0.7541,REF024,0.4116,shortlist,,20260918T0133-7dd1a33,discover-1
c1243,12,12,11,11,0.1571,access_connectivity,1.0,0.0,0.6667,Implementation Arrangements and Support Plan,0.0635,0.2444,0.8425,REF045,0.3948,junk,junk_section_share>=0.6,20260918T0133-7dd1a33,discover-1
c1250,12,12,9,8,0.1143,,0.0,0.0,0.8333,Fiduciary,0.0537,0.2208,0.8711,REF085,0.3435,junk,junk_section_share>=0.6,20260918T0133-7dd1a33,discover-1
c1276,12,12,9,8,0.1143,access_connectivity,0.9183,0.6667,0.5833,Environmental and Social,0.0471,0.3022,0.7644,REF030,0.3509,shortlist,,20260918T0133-7dd1a33,discover-1
c1282,12,12,9,8,0.1143,access_connectivity,0.9464,0.25,0.25,Project Components,0.0515,0.2794,0.8348,REF053,0.3467,shortlist,,20260918T0133-7dd1a33,discover-1
c1309,12,9,9,9,0.1286,cybersecurity,0.4138,0.0,0.0833,Technical Design and Component Descriptions,0.0451,0.2886,0.7319,REF047,0.651,shortlist,,20260918T0133-7dd1a33,discover-1
c1313,12,12,12,10,0.1429,,0.0,0.1667,0.8333,Fiduciary,0.0651,0.2523,0.7926,REF005,0.3771,junk,junk_section_share>=0.6,20260918T0133-7dd1a33,discover-1
c1333,12,12,12,12,0.1714,drm_ews,0.8736,0.0,0.0,Project Components,0.0619,0.6513,0.7528,REF036,0.6242,shortlist,,20260918T0133-7dd1a33,discover-1
c1344,12,12,9,8,0.1143,cybersecurity,0.5917,0.75,0.0,Project Components,0.0485,0.2847,0.7875,REF081,0.5688,shortlist,,20260918T0133-7dd1a33,discover-1
c1354,12,12,12,9,0.1286,,0.0,0.0,0.1667,DETAILED CHANGE(S),0.0712,0.1537,0.8657,REF005,0.2637,shortlist,,20260918T0133-7dd1a33,discover-1
c1364,12,12,11,9,0.1286,access_connectivity,0.9183,0.0,0.6667,Project Components,0.0591,0.2803,0.7848,REF045,0.4456,junk,junk_section_share>=0.6,20260918T0133-7dd1a33,discover-1
c1388,12,12,12,7,0.1,,0.0,0.0,0.8333,PROJECT STATUS AND RATIONALE FOR RESTRUCTURING,0.0645,0.2856,0.785,REF045,0.3209,junk,junk_section_share>=0.6,20260918T0133-7dd1a33,discover-1
c1408,12,12,11,11,0.1571,access_connectivity,0.9464,0.0,0.1667,Sectoral and Institutional Context,0.0556,0.3738,0.7378,REF005,0.4809,shortlist,,20260918T0133-7dd1a33,discover-1
c1414,12,12,11,14,0.2,drm_ews,0.8587,0.0,0.0833,Detailed Project Description,0.0621,0.5295,0.8242,REF041,0.6176,shortlist,,20260918T0133-7dd1a33,discover-1
c1421,12,12,9,6,0.0857,data_hosting,1.0,0.0,0.25,Rationale for World Bank Involvement and Role of Partners,0.049,0.3233,0.7947,REF085,0.381,shortlist,,20260918T0133-7dd1a33,discover-1
c1427,12,10,8,8,0.1143,,0.0,0.0,0.6667,DESCRIPTION OF PROPOSED CHANGES,0.0457,0.1988,0.8337,REF045,0.3025,junk,junk_section_share>=0.6,20260918T0133-7dd1a33,discover-1
c1429,12,12,4,4,0.0571,cybersecurity,0.9183,0.0,0.0,Project Components,0.0219,0.2415,0.7976,REF084,0.4681,shortlist,,20260918T0133-7dd1a33,discover-1
c1473,12,12,5,3,0.0429,,0.0,0.0,0.1667,DETAILED CHANGE(S),0.0304,0.2632,0.8886,REF030,0.3607,shortlist,,20260918T0133-7dd1a33,discover-1
c1530,12,11,11,12,0.1714,,0.0,0.0,0.9167,Institutional and Implementation Arrangements,0.0582,0.2634,0.7721,REF030,0.3386,junk,junk_section_share>=0.6,20260918T0133-7dd1a33,discover-1
c1562,12,6,4,4,0.0571,drm_ews,0.0,0.0,0.3333,Rationale for Restructuring,0.0214,0.3412,0.782,REF058,0.4584,shortlist,,20260918T0133-7dd1a33,discover-1
c1566,12,12,12,12,0.1714,,0.0,0.25,0.75,Implementation Arrangements and Support Plan,0.0638,0.3215,0.7768,REF005,0.372,junk,junk_section_share>=0.6,20260918T0133-7dd1a33,discover-1
c1584,12,12,11,11,0.1571,drm_ews,0.8346,0.0,0.1667,Support for Climate Change Adaptation and Mitigation,0.0665,0.6231,0.8829,REF085,0.5891,shortlist,,20260918T0133-7dd1a33,discover-1
c1599,12,12,9,8,0.1143,,0.0,0.25,1.0,Implementation Arrangements and Support Plan,0.0521,0.3697,0.8451,REF085,0.4586,junk,junk_section_share>=0.6,20260918T0133-7dd1a33,discover-1
c1618,12,12,7,7,0.1,,0.0,0.8333,1.0,Implementation Arrangements and Support Plan,0.04,0.305,0.8343,REF085,0.4592,junk,junk_section_share>=0.6,20260918T0133-7dd1a33,discover-1
c1623,12,12,7,7,0.1,dpi,0.9656,0.0833,0.0833,Project Components,0.039,0.2904,0.8124,REF058,0.3691,shortlist,,20260918T0133-7dd1a33,discover-1
c1636,12,12,9,11,0.1571,drm_ews,0.8305,0.0,0.0,Project Components,0.0478,0.5863,0.775,REF041,0.62,shortlist,,20260918T0133-7dd1a33,discover-1
c1648,12,12,10,13,0.1857,,0.0,0.0,1.0,Fiduciary,0.0569,0.265,0.8309,REF085,0.3986,junk,junk_section_share>=0.6,20260918T0133-7dd1a33,discover-1
c1653,12,12,11,10,0.1429,,0.0,0.0833,0.9167,Institutional and Implementation Arrangements,0.0614,0.3073,0.8148,REF079,0.3603,junk,junk_section_share>=0.6,20260918T0133-7dd1a33,discover-1
c1659,12,12,8,8,0.1143,access_connectivity,0.0,0.0,0.9167,Implementation Arrangements and Support Plan,0.0422,0.2327,0.7696,REF085,0.4138,junk,junk_section_share>=0.6,20260918T0133-7dd1a33,discover-1
c1671,12,12,12,10,0.1429,access_connectivity,0.0,0.0,0.5833,Implementation Arrangements and Support Plan,0.0719,0.1863,0.8753,REF005,0.3269,shortlist,,20260918T0133-7dd1a33,discover-1
c1715,12,12,10,9,0.1286,,0.0,0.1667,1.0,Implementation Arrangements and Support Plan,0.0562,0.2628,0.8203,REF085,0.3503,junk,junk_section_share>=0.6,20260918T0133-7dd1a33,discover-1
c1743,12,11,9,8,0.1143,drm_ews,0.8691,0.0,0.1667,Country Context,0.0449,0.3885,0.7278,REF054,0.3985,shortlist,,20260918T0133-7dd1a33,discover-1
c1769,12,12,10,9,0.1286,,0.0,0.0833,1.0,Implementation Arrangements and Support Plan,0.0543,0.2899,0.7931,REF030,0.3435,junk,junk_section_share>=0.6,20260918T0133-7dd1a33,discover-1
c1804,12,9,5,4,0.0571,cybersecurity,0.9464,0.0833,0.0,Detailed Project Description,0.0263,0.2348,0.7689,REF086,0.4265,shortlist,,20260918T0133-7dd1a33,discover-1
c1811,12,10,10,10,0.1429,mobile_towers,0.8158,0.0,0.0,Country Context,0.0463,0.1687,0.6755,REF075,0.2931,shortlist,,20260918T0133-7dd1a33,discover-1
c1845,12,12,6,7,0.1,dpi,0.4634,0.0,0.4167,DESCRIPTION OF PROPOSED CHANGES,0.0363,0.2168,0.8823,REF079,0.4713,shortlist,,20260918T0133-7dd1a33,discover-1
c1851,12,12,11,9,0.1286,dpi,0.0,0.0,0.25,Project Development Objective,0.0585,0.1907,0.776,REF062,0.3988,shortlist,,20260918T0133-7dd1a33,discover-1
c1879,12,10,5,4,0.0571,,0.0,0.0,0.0,"Technical, Economic, and Financial Analysis",0.0285,0.176,0.8309,REF067,0.3951,shortlist,,20260918T0133-7dd1a33,discover-1
c1910,12,11,9,7,0.1,access_connectivity,0.8113,0.0,0.0,Project Components,0.0546,0.2478,0.8858,REF084,0.4944,shortlist,,20260918T0133-7dd1a33,discover-1
c1924,12,10,4,3,0.0429,mobile_towers,0.9206,0.0,0.0,Detailed Project Description,0.0209,0.1687,0.7617,REF043,0.4256,shortlist,,20260918T0133-7dd1a33,discover-1
c1970,12,12,10,8,0.1143,access_connectivity,0.971,0.0,0.6667,RESULTS FRAMEWORK AND MONITORING,0.0558,0.233,0.814,REF056,0.4778,junk,junk_section_share>=0.6,20260918T0133-7dd1a33,discover-1
c1973,12,12,9,7,0.1,mobile_towers,0.0,0.0,0.4167,RESULTS FRAMEWORK AND MONITORING,0.05,0.1443,0.8104,REF087,0.4157,shortlist,,20260918T0133-7dd1a33,discover-1
c1982,12,12,7,7,0.1,access_connectivity,0.8346,0.0,0.3333,Specific Project Design Analysis,0.0371,0.2878,0.7737,REF046,0.6189,shortlist,,20260918T0133-7dd1a33,discover-1
c1991,12,12,9,12,0.1714,access_connectivity,0.7897,0.1667,0.0,Climate Action Supported by the IDEA MPA,0.0483,0.2553,0.7827,REF046,0.5877,shortlist,,20260918T0133-7dd1a33,discover-1
c1995,12,12,8,6,0.0857,dpi,0.5033,0.0,0.25,Project Components,0.043,0.2224,0.7851,REF086,0.5305,shortlist,,20260918T0133-7dd1a33,discover-1
c0014,11,11,10,9,0.1286,access_connectivity,0.9329,0.0,0.3636,Detailed Technical Justification and Design,0.0608,0.2188,0.8879,REF069,0.1592,shortlist,,20260918T0133-7dd1a33,discover-1
c0061,11,11,11,10,0.1429,,0.0,0.0,0.1818,GRIEVANCE REDRESS SERVICES,0.0673,0.3593,0.893,REF030,0.3603,shortlist,,20260918T0133-7dd1a33,discover-1
c0094,11,11,7,7,0.1,dpi,0.0,0.0,0.9091,RESULTS FRAMEWORK AND MONITORING,0.047,0.2476,0.9808,REF030,0.3352,junk,junk_section_share>=0.6,20260918T0133-7dd1a33,discover-1
c0106,11,11,8,8,0.1143,,0.0,0.0,1.0,Implementation Arrangements and Support Plan,0.0528,0.2312,0.9635,REF045,0.3193,junk,junk_section_share>=0.6,20260918T0133-7dd1a33,discover-1
c0112,11,11,11,9,0.1286,access_connectivity,0.0,0.0,0.0,Results Chain,0.0636,0.2603,0.8442,REF030,0.3138,shortlist,,20260918T0133-7dd1a33,discover-1
c0119,11,11,10,9,0.1286,dpi,0.9183,0.0,0.3636,Environmental and Social,0.0595,0.2097,0.8683,REF069,0.3149,shortlist,,20260918T0133-7dd1a33,discover-1
c0143,11,10,7,7,0.1,dpi,0.9183,0.0,0.2727,Project Components,0.0361,0.316,0.752,REF051,0.3404,shortlist,,20260918T0133-7dd1a33,discover-1
c0146,11,9,7,7,0.1,access_connectivity,0.9851,0.0,0.1818,Project Components,0.0344,0.2572,0.7171,REF036,0.4165,shortlist,,20260918T0133-7dd1a33,discover-1
c0155,11,11,10,8,0.1143,drm_ews,0.0,0.0,0.0,Project Components,0.0624,0.15,0.9105,REF030,0.2105,shortlist,,20260918T0133-7dd1a33,discover-1
c0158,11,11,8,7,0.1,access_connectivity,0.5153,0.0,0.0,Sustainability,0.0463,0.2729,0.8442,REF046,0.4002,shortlist,,20260918T0133-7dd1a33,discover-1
c0162,11,11,11,11,0.1571,fiber,1.0,0.0,0.6364,Implementation Arrangements and Support Plan,0.0532,0.3317,0.7063,REF003,0.3019,junk,junk_section_share>=0.6,20260918T0133-7dd1a33,discover-1
c0179,11,9,4,2,0.0286,,0.0,0.1818,0.3636,DETAILED CHANGE(S),0.0221,0.3157,0.8063,REF005,0.347,junk,n_projects<3,20260918T0133-7dd1a33,discover-1
c0185,11,9,2,2,0.0286,drm_ews,0.4395,0.9091,0.0,Project Components,0.011,0.2733,0.8037,REF049,0.436,junk,n_projects<3,20260918T0133-7dd1a33,discover-1
c0186,11,11,8,8,0.1143,dpi,0.5033,0.0,0.0,"Technical, Economic and Financial Analysis",0.0463,0.2383,0.8442,REF002,0.2849,shortlist,,20260918T0133-7dd1a33,discover-1
c0188,11,11,10,9,0.1286,access_connectivity,0.9602,0.0,0.2727,Sustainability,0.0541,0.3942,0.7899,REF003,0.3897,shortlist,,20260918T0133-7dd1a33,discover-1
c0192,11,10,8,7,0.1,access_connectivity,0.7219,0.0,0.3636,Safeguards,0.0459,0.3231,0.8382,REF030,0.4939,shortlist,,20260918T0133-7dd1a33,discover-1
c0244,11,11,9,5,0.0714,access_connectivity,0.0,0.0,0.3636,DETAILED CHANGE(S),0.048,0.3808,0.7787,REF049,0.3223,shortlist,,20260918T0133-7dd1a33,discover-1
c0254,11,10,9,12,0.1714,access_connectivity,0.8851,0.0,0.0,Project Components,0.0491,0.4697,0.7966,REF034,0.6253,shortlist,,20260918T0133-7dd1a33,discover-1
c0255,11,10,9,8,0.1143,dpi,1.0,0.0,0.2727,Summary,0.0504,0.1549,0.817,REF023,0.1644,shortlist,,20260918T0133-7dd1a33,discover-1
c0299,11,9,6,6,0.0857,dpi,0.5817,0.0,0.0909,Detailed Economic and Financial Analysis,0.0345,0.2973,0.8397,REF030,0.2921,shortlist,,20260918T0133-7dd1a33,discover-1
c0345,11,10,9,12,0.1714,dpi,0.97,0.0,0.0,Project Components,0.0454,0.2819,0.736,REF038,0.3957,shortlist,,20260918T0133-7dd1a33,discover-1
c0358,11,10,10,10,0.1429,access_connectivity,0.0,0.0,0.8182,Environmental and Social,0.0588,0.5147,0.8591,REF041,0.3953,junk,junk_section_share>=0.6,20260918T0133-7dd1a33,discover-1
c0384,11,8,2,2,0.0286,access_connectivity,0.0,0.0909,0.5455,Institutional and Implementation Arrangements,0.0107,0.2855,0.7829,REF012,0.3573,junk,n_projects<3,20260918T0133-7dd1a33,discover-1
c0388,11,11,7,4,0.0571,access_connectivity,0.8113,0.1818,0.2727,Project Components,0.0391,0.2549,0.816,REF056,0.6835,shortlist,,20260918T0133-7dd1a33,discover-1
c0390,11,11,8,7,0.1,dpi,0.5917,0.0909,0.0909,Detailed Project Description,0.0433,0.2337,0.7898,REF001,0.5739,shortlist,,20260918T0133-7dd1a33,discover-1
c0397,11,11,9,7,0.1,access_connectivity,0.65,0.2727,0.0909,Project Components,0.052,0.2734,0.843,REF046,0.568,shortlist,,20260918T0133-7dd1a33,discover-1
c0419,11,11,7,4,0.0571,dpi,0.0,0.0909,0.0,Rationale for Restructuring,0.0372,0.268,0.7766,REF045,0.3617,shortlist,,20260918T0133-7dd1a33,discover-1
c0424,11,11,11,11,0.1571,,0.0,0.0,0.7273,Implementation Arrangements and Support Plan,0.0638,0.2383,0.8466,REF057,0.347,junk,junk_section_share>=0.6,20260918T0133-7dd1a33,discover-1
c0473,11,4,4,4,0.0571,,0.0,0.0,0.6364,Implementation Arrangements and Support Plan,0.0187,0.19,0.6837,REF012,0.2915,junk,junk_section_share>=0.6,20260918T0133-7dd1a33,discover-1
c0478,11,9,9,9,0.1286,dpi,0.7974,0.0,0.0,Sectoral and Institutional Context,0.0423,0.3685,0.6865,REF024,0.4727,shortlist,,20260918T0133-7dd1a33,discover-1
c0485,11,11,9,9,0.1286,access_connectivity,0.9464,0.0,0.7273,Implementation Arrangements and Support Plan,0.054,0.194,0.8764,REF059,0.1615,junk,junk_section_share>=0.6,20260918T0133-7dd1a33,discover-1
c0489,11,8,7,7,0.1,,0.0,0.0,0.9091,Fiduciary,0.0391,0.2665,0.8145,REF030,0.3025,junk,junk_section_share>=0.6,20260918T0133-7dd1a33,discover-1
c0500,11,11,11,13,0.1857,dpi,0.865,0.0,0.0909,Sectoral and Institutional Context,0.0584,0.2541,0.7755,REF003,0.4286,shortlist,,20260918T0133-7dd1a33,discover-1
c0515,11,9,8,8,0.1143,,0.0,0.0,1.0,Fiduciary,0.0548,0.199,1.0,REF063,0.2316,junk,junk_section_share>=0.6,20260918T0133-7dd1a33,discover-1
c0516,11,11,7,7,0.1,,0.0,0.0,1.0,Fiduciary,0.0451,0.1994,0.9398,REF030,0.2106,junk,junk_section_share>=0.6,20260918T0133-7dd1a33,discover-1
c0545,11,11,8,8,0.1143,dpi,0.7897,0.0,0.0909,Development Impact,0.0425,0.3236,0.7756,REF006,0.3335,shortlist,,20260918T0133-7dd1a33,discover-1
c0548,11,11,10,10,0.1429,access_connectivity,0.9206,0.0,0.2727,Sectoral and Institutional Context,0.0531,0.3433,0.7759,REF079,0.4074,shortlist,,20260918T0133-7dd1a33,discover-1
c0573,11,11,11,11,0.1571,dpi,0.8322,0.0,0.0909,Project Beneficiaries,0.0623,0.2077,0.8265,REF083,0.3763,shortlist,,20260918T0133-7dd1a33,discover-1
c0574,11,11,10,13,0.1857,dpi,0.9464,0.0,0.0909,Project Beneficiaries,0.0578,0.2073,0.8443,REF067,0.3307,shortlist,,20260918T0133-7dd1a33,discover-1
c0593,11,11,9,9,0.1286,,0.0,0.0,0.0909,National Level Program Details - Grenada,0.0486,0.2355,0.7882,REF059,0.3585,shortlist,,20260918T0133-7dd1a33,discover-1
c0597,11,11,6,6,0.0857,dpi,0.4395,0.0909,0.0,Project Components,0.0317,0.2188,0.7707,REF005,0.5911,shortlist,,20260918T0133-7dd1a33,discover-1
c0600,11,11,2,2,0.0286,cybersecurity,0.861,0.0,0.0,Project Components,0.0118,0.2102,0.86,REF023,0.2596,junk,n_projects<3,20260918T0133-7dd1a33,discover-1
c0608,11,11,10,9,0.1286,access_connectivity,0.0,0.0909,0.7273,Implementation Arrangements and Support Plan,0.0562,0.2989,0.821,REF030,0.3517,junk,junk_section_share>=0.6,20260918T0133-7dd1a33,discover-1
c0658,11,11,11,9,0.1286,access_connectivity,0.7897,0.0,0.4545,Project Status,0.062,0.2668,0.8226,REF030,0.2928,shortlist,,20260918T0133-7dd1a33,discover-1
c0662,11,11,9,9,0.1286,,0.0,0.0,0.9091,Implementation Arrangements and Support Plan,0.0512,0.3313,0.8299,REF030,0.3487,junk,junk_section_share>=0.6,20260918T0133-7dd1a33,discover-1
c0673,11,11,7,6,0.0857,data_hosting,0.0,0.0,0.0,"Technical, Economic, and Financial Analysis",0.0425,0.1902,0.8857,REF085,0.2981,shortlist,,20260918T0133-7dd1a33,discover-1
c0681,11,11,9,9,0.1286,access_connectivity,0.9183,0.0,0.0909,Changes in components and costs,0.0446,0.2905,0.7242,REF038,0.4407,shortlist,,20260918T0133-7dd1a33,discover-1
c0701,11,11,9,8,0.1143,access_connectivity,1.0,0.0,0.7273,DESCRIPTION OF PROPOSED CHANGES,0.0463,0.3155,0.7515,REF030,0.3189,junk,junk_section_share>=0.6,20260918T0133-7dd1a33,discover-1
c0724,11,11,10,10,0.1429,,0.0,0.0,1.0,Fiduciary,0.0632,0.2309,0.9223,REF071,0.3638,junk,junk_section_share>=0.6,20260918T0133-7dd1a33,discover-1
c0743,11,11,9,8,0.1143,dpi,1.0,0.0,0.3636,Scope of restructuring,0.0444,0.3416,0.7208,REF030,0.1688,shortlist,,20260918T0133-7dd1a33,discover-1
c0750,11,11,10,10,0.1429,access_connectivity,0.8869,0.0,0.2727,Technical Design and Component Descriptions,0.0631,0.2582,0.9219,REF074,0.1851,shortlist,,20260918T0133-7dd1a33,discover-1
c0760,11,11,11,13,0.1857,dpi,0.9464,0.0,0.3636,Project Components,0.0644,0.2923,0.8545,REF079,0.2948,shortlist,,20260918T0133-7dd1a33,discover-1
c0761,11,11,11,11,0.1571,drm_ews,0.8086,0.0,0.1818,Project Beneficiaries,0.061,0.4698,0.8096,REF041,0.4512,shortlist,,20260918T0133-7dd1a33,discover-1
c0801,11,11,9,9,0.1286,access_connectivity,0.9284,0.0,0.0909,"Technical, Economic and Financial Analysis",0.0479,0.3344,0.7775,REF027,0.192,shortlist,,20260918T0133-7dd1a33,discover-1
c0890,11,10,5,5,0.0714,cybersecurity,1.0,0.0,0.4545,DESCRIPTION OF ADDITIONAL FINANCING,0.0262,0.3029,0.7658,REF036,0.3032,shortlist,,20260918T0133-7dd1a33,discover-1
c0893,11,11,11,14,0.2,access_connectivity,0.8113,0.0,0.0,"Technical, Economic and Financial Analysis",0.0743,0.2321,0.9868,REF030,0.2512,shortlist,,20260918T0133-7dd1a33,discover-1
c0897,11,11,9,9,0.1286,access_connectivity,1.0,0.0,0.0909,Relevance to Higher Level Objectives,0.0479,0.2932,0.7773,REF083,0.3567,shortlist,,20260918T0133-7dd1a33,discover-1
c0913,11,11,11,10,0.1429,,0.0,0.0,1.0,Fiduciary,0.0702,0.1948,0.9312,REF079,0.3133,junk,junk_section_share>=0.6,20260918T0133-7dd1a33,discover-1
c0926,11,9,7,7,0.1,access_connectivity,0.9206,0.0,0.0,Climate Co-Benefits,0.0374,0.3236,0.7791,REF038,0.3702,shortlist,,20260918T0133-7dd1a33,discover-1
c0927,11,11,7,6,0.0857,access_connectivity,0.9056,0.0,0.0,"Technical, Economic, and Financial Analysis",0.0436,0.1669,0.9094,REF006,0.2956,shortlist,,20260918T0133-7dd1a33,discover-1
c0932,11,11,9,9,0.1286,access_connectivity,0.9591,0.0,0.1818,Relevance to Higher Level Objectives,0.0457,0.3586,0.7417,REF046,0.3908,shortlist,,20260918T0133-7dd1a33,discover-1
c0984,11,9,6,6,0.0857,dpi,0.9183,0.0,0.0,Technical Design and Component Descriptions,0.032,0.2567,0.7798,REF022,0.434,shortlist,,20260918T0133-7dd1a33,discover-1
c0994,11,7,5,5,0.0714,access_connectivity,0.65,0.0,0.0,"Technical, Economic and Financial Analysis (if applicable)",0.0266,0.293,0.7771,REF030,0.3367,shortlist,,20260918T0133-7dd1a33,discover-1
c1003,11,11,9,6,0.0857,dpi,0.7219,0.0,0.1818,Detailed Project Description,0.0471,0.2198,0.7641,REF001,0.5885,shortlist,,20260918T0133-7dd1a33,discover-1
c1026,11,11,9,7,0.1,dpi,0.5817,0.0,0.0,Project Components,0.0517,0.2836,0.8385,REF011,0.5742,shortlist,,20260918T0133-7dd1a33,discover-1
c1047,11,11,9,9,0.1286,drm_ews,0.8113,0.0,0.2727,Citizen Engagement,0.0528,0.2926,0.8564,REF021,0.404,shortlist,,20260918T0133-7dd1a33,discover-1
c1052,11,11,9,9,0.1286,dpi,0.0,0.1818,0.2727,Project Components,0.0475,0.2235,0.7704,REF021,0.4398,shortlist,,20260918T0133-7dd1a33,discover-1
c1066,11,11,7,5,0.0714,cybersecurity,0.9821,0.0,0.2727,Project Components,0.0396,0.367,0.8259,REF012,0.4196,shortlist,,20260918T0133-7dd1a33,discover-1
c1103,11,11,8,8,0.1143,data_hosting,0.932,0.0,0.0909,Project Components,0.042,0.3413,0.7659,REF036,0.5685,shortlist,,20260918T0133-7dd1a33,discover-1
c1110,11,11,9,8,0.1143,access_connectivity,0.865,0.0,0.1818,Project Components,0.0474,0.2957,0.7684,REF011,0.3108,shortlist,,20260918T0133-7dd1a33,discover-1
c1151,11,11,11,11,0.1571,data_hosting,0.8942,0.0,0.0909,Project Components,0.0568,0.5989,0.7534,REF051,0.6511,shortlist,,20260918T0133-7dd1a33,discover-1
c1166,11,11,9,9,0.1286,drm_ews,0.9155,0.0,0.0,Project Components,0.0521,0.53,0.845,REF067,0.5992,shortlist,,20260918T0133-7dd1a33,discover-1
c1170,11,11,10,8,0.1143,fiber,1.0,0.0,0.6364,Implementation Arrangements and Support Plan,0.0544,0.2325,0.794,REF008,0.3787,junk,junk_section_share>=0.6,20260918T0133-7dd1a33,discover-1
c1191,11,11,11,13,0.1857,,0.0,0.0909,0.9091,Results Monitoring and Evaluation Arrangements,0.0642,0.2521,0.8525,REF021,0.3828,junk,junk_section_share>=0.6,20260918T0133-7dd1a33,discover-1
c1192,11,10,6,4,0.0571,,0.0,0.0909,0.1818,Summary,0.0315,0.3243,0.7666,REF030,0.3539,shortlist,,20260918T0133-7dd1a33,discover-1
c1206,11,10,8,8,0.1143,drm_ews,0.808,0.3636,0.0909,Relevance to Higher Level Objectives,0.0434,0.5686,0.7921,REF085,0.6002,shortlist,,20260918T0133-7dd1a33,discover-1
c1212,11,11,8,8,0.1143,,0.0,0.0,1.0,Implementation Arrangements and Support Plan,0.0444,0.3125,0.8102,REF086,0.3283,junk,junk_section_share>=0.6,20260918T0133-7dd1a33,discover-1
c1221,11,10,8,7,0.1,access_connectivity,0.0,0.0,0.0909,Rationale for Restructuring,0.0415,0.3115,0.7582,REF036,0.3452,shortlist,,20260918T0133-7dd1a33,discover-1
c1223,11,11,9,9,0.1286,,0.0,0.0909,1.0,Implementation Arrangements and Support Plan,0.0531,0.2053,0.8615,REF045,0.3895,junk,junk_section_share>=0.6,20260918T0133-7dd1a33,discover-1
c1248,11,11,10,8,0.1143,access_connectivity,1.0,0.0,0.2727,Introduction,0.0597,0.2199,0.8715,REF079,0.2492,shortlist,,20260918T0133-7dd1a33,discover-1
c1254,11,11,8,7,0.1,access_connectivity,0.895,0.0,0.2727,Project Development Objective,0.0417,0.2458,0.7605,REF056,0.4875,shortlist,,20260918T0133-7dd1a33,discover-1
c1273,11,11,11,10,0.1429,access_connectivity,0.0,0.0,0.0909,Rationale for World Bank Involvement and Role of Partners,0.0626,0.2605,0.8304,REF053,0.385,shortlist,,20260918T0133-7dd1a33,discover-1
c1278,11,11,10,9,0.1286,dpi,0.9591,0.0,0.0,"Technical, Economic, and Financial Analysis",0.0529,0.2579,0.7724,REF087,0.3154,shortlist,,20260918T0133-7dd1a33,discover-1
c1292,11,11,6,4,0.0571,access_connectivity,0.9911,0.0,0.1818,Project Components,0.037,0.3159,0.8996,REF043,0.3315,shortlist,,20260918T0133-7dd1a33,discover-1
c1314,11,11,10,9,0.1286,,0.0,0.0,0.7273,Implementation Arrangements and Support Plan,0.0571,0.3346,0.834,REF021,0.4208,junk,junk_section_share>=0.6,20260918T0133-7dd1a33,discover-1
c1349,11,11,10,9,0.1286,access_connectivity,0.9183,0.0,0.7273,KEY RISKS,0.056,0.3544,0.8171,REF030,0.3239,junk,junk_section_share>=0.6,20260918T0133-7dd1a33,discover-1
c1399,11,11,8,8,0.1143,access_connectivity,0.0,0.0,1.0,Implementation Arrangements and Support Plan,0.0479,0.315,0.8738,REF045,0.2982,junk,junk_section_share>=0.6,20260918T0133-7dd1a33,discover-1
c1412,11,11,9,8,0.1143,access_connectivity,0.0,0.0,0.9091,Implementation Arrangements and Support Plan,0.0513,0.1966,0.8318,REF085,0.2398,junk,junk_section_share>=0.6,20260918T0133-7dd1a33,discover-1
c1430,11,10,10,9,0.1286,access_connectivity,0.9139,0.0,0.1818,Sectoral and Institutional Context,0.0459,0.2136,0.6703,REF059,0.3004,shortlist,,20260918T0133-7dd1a33,discover-1
c1433,11,11,8,11,0.1571,,0.0,0.0909,0.9091,Implementation Arrangements and Support Plan,0.0447,0.2178,0.8163,REF045,0.3657,junk,junk_section_share>=0.6,20260918T0133-7dd1a33,discover-1
c1441,11,11,7,7,0.1,access_connectivity,0.5463,0.0,0.0,Sectoral and Institutional Context,0.0369,0.1867,0.7706,REF087,0.4259,shortlist,,20260918T0133-7dd1a33,discover-1
c1444,11,11,7,6,0.0857,access_connectivity,0.0,0.0909,0.0,Rationale for restructuring,0.0374,0.3242,0.7802,REF005,0.3918,shortlist,,20260918T0133-7dd1a33,discover-1
c1448,11,11,6,9,0.1286,access_connectivity,0.0,0.0909,0.0,Project Components,0.0339,0.2241,0.8261,REF056,0.5225,shortlist,,20260918T0133-7dd1a33,discover-1
c1486,11,11,10,9,0.1286,dpi,1.0,0.0,0.9091,Institutional and Implementation Arrangements,0.0533,0.2857,0.7776,REF053,0.4334,junk,junk_section_share>=0.6,20260918T0133-7dd1a33,discover-1
c1493,11,9,3,2,0.0286,cybersecurity,0.0,0.0,0.0909,Information on CIRAS,0.016,0.22,0.7764,REF047,0.3589,junk,n_projects<3,20260918T0133-7dd1a33,discover-1
c1495,11,11,9,12,0.1714,drm_ews,0.7871,0.0,0.0,Project Components,0.0499,0.7358,0.8093,REF037,0.5041,shortlist,,20260918T0133-7dd1a33,discover-1
c1496,11,8,3,2,0.0286,,0.0,0.1818,0.5455,Effectiveness and Disbursement Conditions,0.0159,0.2918,0.7745,REF045,0.3448,junk,n_projects<3,20260918T0133-7dd1a33,discover-1
c1502,11,11,10,10,0.1429,access_connectivity,0.8289,0.0,0.0,Results Chain,0.0547,0.327,0.7982,REF030,0.3478,shortlist,,20260918T0133-7dd1a33,discover-1
c1552,11,10,6,5,0.0714,,0.0,0.1818,0.9091,Fiduciary,0.033,0.3036,0.8022,REF085,0.3466,junk,junk_section_share>=0.6,20260918T0133-7dd1a33,discover-1
c1567,11,11,10,11,0.1571,,0.0,0.0909,0.9091,Implementation Arrangements and Support Plan,0.0541,0.2893,0.7904,REF005,0.3815,junk,junk_section_share>=0.6,20260918T0133-7dd1a33,discover-1
c1585,11,11,8,8,0.1143,drm_ews,0.861,0.0,0.0,Project Components,0.0452,0.6387,0.8258,REF041,0.6158,shortlist,,20260918T0133-7dd1a33,discover-1
c1589,11,11,7,6,0.0857,access_connectivity,0.0,0.0,0.9091,Implementation Arrangements and Support Plan,0.0395,0.3027,0.8236,REF053,0.3058,junk,junk_section_share>=0.6,20260918T0133-7dd1a33,discover-1
c1595,11,11,10,9,0.1286,drm_ews,0.8342,0.0,0.1818,Relevance to Higher Level Objectives,0.0626,0.5597,0.9134,REF041,0.4667,shortlist,,20260918T0133-7dd1a33,discover-1
c1598,11,11,10,8,0.1143,,0.0,0.0,1.0,Implementation Arrangements and Support Plan,0.0548,0.2463,0.7994,REF005,0.3355,junk,junk_section_share>=0.6,20260918T0133-7dd1a33,discover-1
c1600,11,9,8,8,0.1143,data_hosting,0.9163,0.0,0.0,"Technical, Economic and Financial Analysis (if applicable)",0.044,0.2559,0.8029,REF085,0.2396,shortlist,,20260918T0133-7dd1a33,discover-1
c1608,11,11,11,10,0.1429,,0.0,0.0,1.0,Implementation Arrangements and Support Plan,0.0723,0.211,0.96,REF005,0.3199,junk,junk_section_share>=0.6,20260918T0133-7dd1a33,discover-1
c1610,11,10,3,2,0.0286,dpi,0.0,0.0,0.6364,Implementation Arrangements and Project Support,0.0177,0.2245,0.8621,REF088,0.3555,junk,junk_section_share>=0.6;n_projects<3,20260918T0133-7dd1a33,discover-1
c1619,11,11,7,7,0.1,drm_ews,1.0,0.0,0.0,Project Beneficiaries,0.0379,0.2717,0.7912,REF011,0.4264,shortlist,,20260918T0133-7dd1a33,discover-1
c1628,11,11,8,9,0.1286,dpi,0.8322,0.0,0.3636,KEY RISKS,0.0405,0.3288,0.7387,REF085,0.3374,shortlist,,20260918T0133-7dd1a33,discover-1
c1650,11,11,10,10,0.1429,access_connectivity,0.7248,0.0,0.9091,Lessons Learned and Reflected in the Project Design,0.0536,0.3191,0.7827,REF085,0.3912,junk,junk_section_share>=0.6,20260918T0133-7dd1a33,discover-1
c1668,11,10,8,8,0.1143,,0.0,0.0,1.0,Implementation Arrangements and Support Plan,0.0428,0.2305,0.7811,REF085,0.3831,junk,junk_section_share>=0.6,20260918T0133-7dd1a33,discover-1
c1676,11,8,5,4,0.0571,dpi,0.9965,0.0,0.0,Gender Analysis,0.0249,0.142,0.7285,REF011,0.395,shortlist,,20260918T0133-7dd1a33,discover-1
c1680,11,11,8,8,0.1143,submarine_cable,1.0,0.0,0.1818,"Technical, Economic and Financial Analysis (if applicable)",0.0419,0.3089,0.7646,REF030,0.2045,shortlist,,20260918T0133-7dd1a33,discover-1
c1690,11,11,10,10,0.1429,access_connectivity,0.9464,0.0,0.1818,Project Components,0.0536,0.2108,0.782,REF011,0.434,shortlist,,20260918T0133-7dd1a33,discover-1
c1692,11,10,8,8,0.1143,access_connectivity,0.0,0.0,0.0,Sectoral and Institutional Context,0.043,0.234,0.7855,REF011,0.458,shortlist,,20260918T0133-7dd1a33,discover-1
c1698,11,11,9,9,0.1286,,0.0,0.0,0.9091,Institutional and Implementation Arrangements,0.0504,0.2537,0.8181,REF086,0.3442,junk,junk_section_share>=0.6,20260918T0133-7dd1a33,discover-1
c1730,11,5,4,4,0.0571,access_connectivity,0.0,0.0,0.0,Country Context,0.0219,0.1997,0.798,REF011,0.4318,shortlist,,20260918T0133-7dd1a33,discover-1
c1784,11,11,7,5,0.0714,dpi,0.4138,0.1818,0.3636,Project Components,0.0384,0.2464,0.8019,REF068,0.4791,shortlist,,20260918T0133-7dd1a33,discover-1
c1793,11,11,11,11,0.1571,,0.0,0.0,1.0,Implementation Arrangements and Support Plan,0.068,0.2139,0.9027,REF066,0.2996,junk,junk_section_share>=0.6,20260918T0133-7dd1a33,discover-1
c1801,11,11,8,8,0.1143,cybersecurity,0.0,0.0,0.7273,Implementation Arrangements and Support Plan,0.0408,0.2462,0.7452,REF086,0.3684,junk,junk_section_share>=0.6,20260918T0133-7dd1a33,discover-1
c1806,11,9,7,7,0.1,drm_ews,0.9602,0.0,0.0,Country Context,0.0338,0.2506,0.7058,REF056,0.232,shortlist,,20260918T0133-7dd1a33,discover-1
c1808,11,11,10,9,0.1286,cybersecurity,0.8113,0.0,0.4545,Lessons Learned and Reflected in the Project Design,0.0529,0.2832,0.7719,REF061,0.566,shortlist,,20260918T0133-7dd1a33,discover-1
c1815,11,7,7,7,0.1,dpi,0.9912,0.0,0.0,Country Context,0.0389,0.2258,0.812,REF005,0.2679,shortlist,,20260918T0133-7dd1a33,discover-1
c1822,11,10,10,10,0.1429,dpi,0.7867,0.0,0.0,Country Context,0.0502,0.2245,0.7335,REF005,0.2888,shortlist,,20260918T0133-7dd1a33,discover-1
c1841,11,11,10,10,0.1429,dpi,0.5917,0.0,0.0,"Technical, Economic and Financial Analysis",0.0559,0.2041,0.816,REF067,0.4708,shortlist,,20260918T0133-7dd1a33,discover-1
c1842,11,10,9,9,0.1286,cybersecurity,0.7248,0.0,0.0,Sectoral and Institutional Context,0.0428,0.2613,0.6937,REF001,0.315,shortlist,,20260918T0133-7dd1a33,discover-1
c1843,11,11,6,5,0.0714,access_connectivity,0.0,0.0,0.0909,Project Components,0.037,0.1987,0.9014,REF067,0.4576,shortlist,,20260918T0133-7dd1a33,discover-1
c1844,11,9,5,4,0.0571,cybersecurity,0.0,0.0,0.0,Sectoral and Institutional Context,0.0268,0.1782,0.7824,REF056,0.3229,shortlist,,20260918T0133-7dd1a33,discover-1
c1897,11,8,7,10,0.1429,access_connectivity,0.9429,0.0,0.0,Project Components,0.0374,0.2672,0.781,REF046,0.5067,shortlist,,20260918T0133-7dd1a33,discover-1
c1905,11,11,6,5,0.0714,access_connectivity,0.8763,0.3636,0.2727,Project Components,0.0332,0.2721,0.8071,REF046,0.5938,shortlist,,20260918T0133-7dd1a33,discover-1
c1915,11,11,9,8,0.1143,dpi,0.9183,0.0,0.0909,Sectoral and Institutional Context,0.0518,0.2728,0.8399,REF051,0.5264,shortlist,,20260918T0133-7dd1a33,discover-1
c1957,11,11,5,5,0.0714,access_connectivity,0.854,0.0,0.0,Sectoral and Institutional Context,0.0255,0.2083,0.744,REF046,0.4285,shortlist,,20260918T0133-7dd1a33,discover-1
c1987,11,10,10,9,0.1286,dpi,0.5917,0.0909,0.5455,Lessons Learned and Reflected in the Project Design,0.055,0.2345,0.8029,REF051,0.4693,shortlist,,20260918T0133-7dd1a33,discover-1
c1999,11,11,8,7,0.1,access_connectivity,0.9366,0.0,0.0,Sectoral and Institutional Context,0.0427,0.2602,0.7796,REF043,0.4368,shortlist,,20260918T0133-7dd1a33,discover-1
c2006,11,11,8,6,0.0857,access_connectivity,0.9183,0.0,0.2727,RESULTS FRAMEWORK AND MONITORING,0.0472,0.2769,0.8606,REF061,0.4976,shortlist,,20260918T0133-7dd1a33,discover-1
c2007,11,11,5,4,0.0571,access_connectivity,0.9852,0.0,0.3636,Project Development Objective (PDO),0.0315,0.2465,0.9192,REF061,0.4566,shortlist,,20260918T0133-7dd1a33,discover-1
c2011,11,10,8,6,0.0857,dpi,0.8289,0.0,0.2727,DETAILED CHANGE(S),0.0483,0.2533,0.8816,REF086,0.4543,shortlist,,20260918T0133-7dd1a33,discover-1
c0029,10,10,7,6,0.0857,dpi,0.0,0.0,0.6,Sectoral and Institutional Context,0.0479,0.2384,1.0,REF053,0.2022,junk,junk_section_share>=0.6,20260918T0133-7dd1a33,discover-1
c0085,10,10,10,10,0.1429,,0.0,0.0,0.2,DETAILED CHANGE(S),0.0685,0.2361,1.0,REF027,0.2684,shortlist,,20260918T0133-7dd1a33,discover-1
c0100,10,10,1,1,0.0143,,0.0,0.0,0.0,DETAILED CHANGE(S),0.0066,0.1958,0.9666,REF030,0.2539,junk,n_projects<3,20260918T0133-7dd1a33,discover-1
c0125,10,10,8,8,0.1143,access_connectivity,0.9697,0.0,0.4,Implementation Arrangements and Support Plan,0.0487,0.3582,0.889,REF037,0.3035,shortlist,,20260918T0133-7dd1a33,discover-1
c0139,10,9,7,7,0.1,dpi,0.0,0.0,0.3,DESCRIPTION OF PROPOSED CHANGES,0.0353,0.1803,0.7366,REF002,0.2686,shortlist,,20260918T0133-7dd1a33,discover-1
c0151,10,7,6,5,0.0714,,0.0,0.0,1.0,Implementation Arrangements and Support Plan,0.0411,0.1955,1.0,REF031,0.1831,junk,junk_section_share>=0.6,20260918T0133-7dd1a33,discover-1
c0170,10,10,9,8,0.1143,access_connectivity,1.0,0.0,0.6,KEY RISKS,0.0608,0.1644,0.9866,REF033,0.2043,junk,junk_section_share>=0.6,20260918T0133-7dd1a33,discover-1
c0171,10,10,7,7,0.1,dpi,0.0,0.0,0.1,Economic and Financial Analysis,0.039,0.3268,0.8132,REF019,0.3172,shortlist,,20260918T0133-7dd1a33,discover-1
c0182,10,10,10,10,0.1429,access_connectivity,0.0,0.0,1.0,KEY RISKS,0.0528,0.3601,0.7712,REF030,0.3155,junk,junk_section_share>=0.6,20260918T0133-7dd1a33,discover-1
c0187,10,10,8,7,0.1,,0.0,0.0,1.0,Implementation Arrangements and Support Plan,0.049,0.2917,0.8942,REF030,0.3179,junk,junk_section_share>=0.6,20260918T0133-7dd1a33,discover-1
c0200,10,10,8,7,0.1,drm_ews,1.0,0.0,0.4,Implementation Arrangements and Support Plan,0.0445,0.3075,0.8124,REF045,0.3593,shortlist,,20260918T0133-7dd1a33,discover-1
c0202,10,10,10,10,0.1429,,0.0,0.0,1.0,Implementation Arrangements and Support Plan,0.0669,0.231,0.9768,REF086,0.3346,junk,junk_section_share>=0.6,20260918T0133-7dd1a33,discover-1
c0227,10,9,9,8,0.1143,drm_ews,0.0,0.1,0.9,KEY RISKS,0.0473,0.3499,0.7668,REF054,0.3895,junk,junk_section_share>=0.6,20260918T0133-7dd1a33,discover-1
c0229,10,10,10,10,0.1429,dpi,0.5033,0.0,0.1,Economic and Financial Analysis,0.0531,0.239,0.7747,REF011,0.3133,shortlist,,20260918T0133-7dd1a33,discover-1
c0285,10,10,8,7,0.1,access_connectivity,0.7219,0.0,0.0,Relevance to Higher Level Objectives,0.043,0.4612,0.785,REF006,0.5057,shortlist,,20260918T0133-7dd1a33,discover-1
c0287,10,10,8,7,0.1,access_connectivity,0.9922,0.0,0.1,"Technical, Economic and Financial Analysis",0.0433,0.3091,0.7901,REF016,0.3561,shortlist,,20260918T0133-7dd1a33,discover-1
c0288,10,10,8,7,0.1,dpi,0.9183,0.0,0.1,Project Beneficiaries,0.042,0.3594,0.7662,REF030,0.3588,shortlist,,20260918T0133-7dd1a33,discover-1
c0310,10,9,5,4,0.0571,access_connectivity,0.0,0.2,0.9,Environmental and Social,0.0275,0.2888,0.8039,REF030,0.3457,junk,junk_section_share>=0.6,20260918T0133-7dd1a33,discover-1
c0323,10,10,10,9,0.1286,access_connectivity,0.7897,0.0,0.1,"Technical, Economic, and Financial Analysis",0.0543,0.2279,0.793,REF061,0.2476,shortlist,,20260918T0133-7dd1a33,discover-1
c0347,10,9,8,7,0.1,access_connectivity,0.9183,0.0,0.9,Environmental and Social,0.0448,0.4116,0.8178,REF011,0.4006,junk,junk_section_share>=0.6,20260918T0133-7dd1a33,discover-1
c0370,10,9,8,10,0.1429,access_connectivity,0.9183,0.0,0.9,KEY RISKS,0.0426,0.4957,0.7772,REF021,0.3985,junk,junk_section_share>=0.6,20260918T0133-7dd1a33,discover-1
c0372,10,10,9,9,0.1286,access_connectivity,0.7248,0.0,0.7,Environmental and Social,0.0531,0.5435,0.8617,REF030,0.3671,junk,junk_section_share>=0.6,20260918T0133-7dd1a33,discover-1
c0373,10,10,5,3,0.0429,cybersecurity,0.0,0.0,0.1,"Detailed changes in activities and funds allocation, by component (in US$m)",0.0293,0.3263,0.856,REF001,0.5212,shortlist,,20260918T0133-7dd1a33,discover-1
c0410,10,10,10,10,0.1429,dpi,0.0,0.0,0.7,Implementation Arrangements and Support Plan,0.0569,0.3397,0.8303,REF030,0.3892,junk,junk_section_share>=0.6,20260918T0133-7dd1a33,discover-1
c0414,10,9,4,3,0.0429,cybersecurity,0.7219,0.0,0.9,DESCRIPTION OF PROPOSED CHANGES,0.0225,0.2614,0.8202,REF023,0.2905,junk,junk_section_share>=0.6,20260918T0133-7dd1a33,discover-1
c0425,10,10,7,7,0.1,access_connectivity,0.8614,0.0,0.2,Project Economic and Financial Analysis,0.044,0.3013,0.9171,REF023,0.1924,shortlist,,20260918T0133-7dd1a33,discover-1
c0448,10,9,8,10,0.1429,,0.0,0.0,0.7,Implementation Arrangements and Support Plan,0.0425,0.2657,0.7749,REF009,0.4135,junk,junk_section_share>=0.6,20260918T0133-7dd1a33,discover-1
c0453,10,10,5,5,0.0714,,0.0,0.3,0.4,DESCRIPTION OF ADDITIONAL FINANCING,0.0284,0.2539,0.8281,REF030,0.3608,shortlist,,20260918T0133-7dd1a33,discover-1
c0455,10,10,10,9,0.1286,dpi,0.0,0.0,0.5,KEY RISKS,0.0485,0.3216,0.7074,REF085,0.3558,shortlist,,20260918T0133-7dd1a33,discover-1
c0457,10,10,9,9,0.1286,dpi,0.0,0.0,0.7,Environmental and Social,0.0516,0.3223,0.8367,REF030,0.3242,junk,junk_section_share>=0.6,20260918T0133-7dd1a33,discover-1
c0460,10,10,10,10,0.1429,access_connectivity,1.0,0.0,0.8,KEY RISKS,0.0593,0.3344,0.866,REF030,0.3871,junk,junk_section_share>=0.6,20260918T0133-7dd1a33,discover-1
c0462,10,10,5,5,0.0714,access_connectivity,0.875,0.0,0.0,Economic and Financial Analysis,0.0278,0.2672,0.813,REF045,0.2501,shortlist,,20260918T0133-7dd1a33,discover-1
c0472,10,7,5,8,0.1143,drm_ews,0.676,0.0,0.1,Climate Action Supported by the IDEA MPA,0.0266,0.3833,0.7779,REF059,0.4334,shortlist,,20260918T0133-7dd1a33,discover-1
c0481,10,9,6,4,0.0571,drm_ews,1.0,0.0,0.1,Changes in components and costs,0.0294,0.2689,0.7143,REF059,0.3681,shortlist,,20260918T0133-7dd1a33,discover-1
c0484,10,10,9,9,0.1286,access_connectivity,0.8113,0.0,0.1,"Technical, Economic and Financial Analysis",0.051,0.2371,0.8276,REF059,0.3066,shortlist,,20260918T0133-7dd1a33,discover-1
c0491,10,10,9,9,0.1286,drm_ews,0.8699,0.0,0.1,Country Context,0.0529,0.2533,0.8576,REF030,0.2844,shortlist,,20260918T0133-7dd1a33,discover-1
c0504,10,10,7,7,0.1,dpi,0.0,0.0,0.2,Country Context,0.0377,0.3324,0.7864,REF011,0.5227,shortlist,,20260918T0133-7dd1a33,discover-1
c0518,10,10,9,9,0.1286,cybersecurity,0.961,0.0,0.1,Country Context,0.0498,0.3585,0.8077,REF008,0.3125,shortlist,,20260918T0133-7dd1a33,discover-1
c0529,10,10,8,7,0.1,access_connectivity,0.8631,0.0,0.2,Sustainability,0.0449,0.2859,0.8203,REF038,0.3115,shortlist,,20260918T0133-7dd1a33,discover-1
c0530,10,10,6,4,0.0571,cybersecurity,0.7725,0.0,0.2,Project Components,0.0336,0.2885,0.8187,REF057,0.3309,shortlist,,20260918T0133-7dd1a33,discover-1
c0534,10,7,5,5,0.0714,dpi,0.0,0.0,0.0,Economic and Financial Analysis,0.0263,0.2263,0.7682,REF005,0.316,shortlist,,20260918T0133-7dd1a33,discover-1
c0553,10,10,9,8,0.1143,access_connectivity,0.0,0.0,0.5,Safeguards,0.0541,0.2333,0.8775,REF009,0.2793,shortlist,,20260918T0133-7dd1a33,discover-1
c0561,10,10,9,9,0.1286,dpi,0.9206,0.0,0.1,Project Components,0.0489,0.2996,0.7928,REF030,0.2555,shortlist,,20260918T0133-7dd1a33,discover-1
c0569,10,8,7,6,0.0857,dpi,0.0,0.0,0.1,DETAILED CHANGE(S),0.0399,0.2228,0.8321,REF085,0.3128,shortlist,,20260918T0133-7dd1a33,discover-1
c0584,10,10,10,9,0.1286,access_connectivity,0.865,0.2,0.0,Project Beneficiaries,0.054,0.2113,0.7889,REF087,0.3882,shortlist,,20260918T0133-7dd1a33,discover-1
c0588,10,10,10,10,0.1429,access_connectivity,0.0,0.6,0.0,Project Beneficiaries,0.0582,0.2157,0.8503,REF005,0.3534,shortlist,,20260918T0133-7dd1a33,discover-1
c0619,10,10,8,7,0.1,cybersecurity,0.0,0.0,0.6,Project Components,0.049,0.2817,0.8946,REF057,0.1895,junk,junk_section_share>=0.6,20260918T0133-7dd1a33,discover-1
c0628,10,10,9,9,0.1286,cybersecurity,0.0,0.0,0.2,Project Components,0.0526,0.3362,0.8538,REF056,0.3722,shortlist,,20260918T0133-7dd1a33,discover-1
c0630,10,10,8,8,0.1143,cybersecurity,0.9206,0.0,0.2,Project Components,0.0449,0.2775,0.8186,REF053,0.3362,shortlist,,20260918T0133-7dd1a33,discover-1
c0650,10,10,7,6,0.0857,access_connectivity,1.0,0.0,0.2,DETAILED CHANGE(S),0.0398,0.3701,0.831,REF086,0.2836,shortlist,,20260918T0133-7dd1a33,discover-1
c0671,10,10,9,8,0.1143,access_connectivity,0.9464,0.0,0.4,Environmental and Social,0.0479,0.2631,0.7776,REF030,0.2582,shortlist,,20260918T0133-7dd1a33,discover-1
c0676,10,9,9,12,0.1714,access_connectivity,0.9306,0.0,0.6,Lessons Learned and Reflected in the Project Design,0.0514,0.3377,0.8332,REF030,0.3347,junk,junk_section_share>=0.6,20260918T0133-7dd1a33,discover-1
c0678,10,10,8,8,0.1143,access_connectivity,0.6696,0.0,0.2,Sectoral and Institutional Context,0.0478,0.2306,0.8717,REF057,0.3025,shortlist,,20260918T0133-7dd1a33,discover-1
c0706,10,10,10,11,0.1571,access_connectivity,0.9591,0.0,0.6,RESULTS FRAMEWORK AND MONITORING,0.0537,0.2751,0.7845,REF040,0.339,junk,junk_section_share>=0.6,20260918T0133-7dd1a33,discover-1
c0730,10,10,10,10,0.1429,dpi,0.9232,0.0,0.1,Sectoral and Institutional Context,0.052,0.2954,0.7598,REF036,0.1878,shortlist,,20260918T0133-7dd1a33,discover-1
c0747,10,10,9,9,0.1286,access_connectivity,0.8962,0.0,0.0,Project Components,0.0447,0.3762,0.7251,REF011,0.4354,shortlist,,20260918T0133-7dd1a33,discover-1
c0758,10,9,2,2,0.0286,dpi,0.7744,0.0,0.0,Project Components,0.0111,0.2767,0.8101,REF027,0.3854,junk,n_projects<3,20260918T0133-7dd1a33,discover-1
c0814,10,10,9,7,0.1,data_hosting,1.0,0.0,0.2,Institutional and Implementation Arrangements,0.0547,0.2245,0.8877,REF023,0.2016,shortlist,,20260918T0133-7dd1a33,discover-1
c0815,10,10,10,7,0.1,dpi,1.0,0.0,0.6,PROJECT STATUS AND RATIONALE FOR RESTRUCTURING,0.0561,0.3262,0.8184,REF005,0.3566,junk,junk_section_share>=0.6,20260918T0133-7dd1a33,discover-1
c0821,10,8,5,8,0.1143,access_connectivity,1.0,0.0,0.7,Fiduciary,0.0255,0.3061,0.7447,REF045,0.4699,junk,junk_section_share>=0.6,20260918T0133-7dd1a33,discover-1
c0831,10,10,9,11,0.1571,cybersecurity,0.9183,0.0,0.3,Implementation Arrangements and Support Plan,0.0516,0.318,0.8367,REF052,0.2556,shortlist,,20260918T0133-7dd1a33,discover-1
c0835,10,10,8,8,0.1143,access_connectivity,0.0,0.1,0.3,Project Components,0.0428,0.2777,0.7818,REF056,0.3395,shortlist,,20260918T0133-7dd1a33,discover-1
c0876,10,10,3,3,0.0429,dpi,0.65,0.0,0.0,Project Components,0.0173,0.2725,0.8431,REF030,0.3125,shortlist,,20260918T0133-7dd1a33,discover-1
c0878,10,10,10,8,0.1143,,0.0,0.3,0.9,Implementation Arrangements and Support Plan,0.0555,0.2779,0.8096,REF085,0.3548,junk,junk_section_share>=0.6,20260918T0133-7dd1a33,discover-1
c0891,10,10,10,8,0.1143,dpi,0.971,0.0,0.3,Lessons Learned and Reflected in the Project Design,0.0562,0.3054,0.82,REF030,0.4063,shortlist,,20260918T0133-7dd1a33,discover-1
c0903,10,10,8,8,0.1143,dpi,0.9528,0.0,0.1,World Bank Group COVID-19 Country Program Response Note - Tanzania,0.0416,0.3948,0.7585,REF027,0.2972,shortlist,,20260918T0133-7dd1a33,discover-1
c0911,10,10,9,9,0.1286,access_connectivity,0.9212,0.0,0.2,Sectoral and Institutional Context,0.0413,0.3334,0.6707,REF056,0.3071,shortlist,,20260918T0133-7dd1a33,discover-1
c0944,10,7,5,8,0.1143,access_connectivity,0.9212,0.0,0.1,Project Components,0.0281,0.3148,0.8217,REF038,0.4185,shortlist,,20260918T0133-7dd1a33,discover-1
c0948,10,10,10,10,0.1429,dpi,0.8113,0.0,0.5,Results Monitoring and Evaluation Arrangements,0.0597,0.2672,0.8718,REF018,0.3694,shortlist,,20260918T0133-7dd1a33,discover-1
c0967,10,9,6,6,0.0857,drm_ews,0.0,0.0,0.0,Economic Analysis,0.0309,0.3049,0.7513,REF030,0.3174,shortlist,,20260918T0133-7dd1a33,discover-1
c1008,10,10,4,1,0.0143,dpi,0.0,0.0,0.4,PROJECT STATUS AND RATIONALE FOR RESTRUCTURING,0.0226,0.3412,0.8235,REF036,0.406,junk,n_projects<3,20260918T0133-7dd1a33,discover-1
c1015,10,8,2,2,0.0286,data_hosting,1.0,0.3,0.5,Project Components,0.0106,0.2028,0.7747,REF046,0.4083,junk,n_projects<3,20260918T0133-7dd1a33,discover-1
c1019,10,10,7,6,0.0857,dpi,1.0,0.0,0.1,Project Components,0.036,0.3532,0.7509,REF083,0.4161,shortlist,,20260918T0133-7dd1a33,discover-1
c1029,10,10,8,7,0.1,access_connectivity,0.0,0.0,0.4,Status of Project Implementation and Performance to Date,0.0433,0.2836,0.7898,REF045,0.446,shortlist,,20260918T0133-7dd1a33,discover-1
c1039,10,10,9,9,0.1286,dpi,0.7005,0.0,0.0,Sustainability,0.0483,0.2378,0.7832,REF064,0.4532,shortlist,,20260918T0133-7dd1a33,discover-1
c1053,10,10,9,9,0.1286,dpi,0.0,0.1,0.3,Environmental and Social,0.0481,0.2534,0.7797,REF021,0.4956,shortlist,,20260918T0133-7dd1a33,discover-1
c1058,10,10,8,8,0.1143,,0.0,0.0,0.6,Environmental and Social,0.0465,0.182,0.8485,REF021,0.4133,junk,junk_section_share>=0.6,20260918T0133-7dd1a33,discover-1
c1073,10,10,7,7,0.1,access_connectivity,0.9464,0.0,0.6,Financial Management,0.0382,0.3117,0.7965,REF068,0.3367,junk,junk_section_share>=0.6,20260918T0133-7dd1a33,discover-1
c1077,10,10,8,7,0.1,dpi,0.8942,0.0,0.0,Project Components,0.0436,0.3736,0.7954,REF019,0.5166,shortlist,,20260918T0133-7dd1a33,discover-1
c1093,10,9,8,8,0.1143,drm_ews,1.0,0.0,0.0,Sectoral and Institutional Context,0.0425,0.2701,0.7757,REF006,0.2834,shortlist,,20260918T0133-7dd1a33,discover-1
c1095,10,10,9,9,0.1286,dpi,0.8113,0.0,0.2,Project Beneficiaries,0.0565,0.3233,0.9162,REF005,0.2951,shortlist,,20260918T0133-7dd1a33,discover-1
c1101,10,10,9,9,0.1286,dpi,1.0,0.0,0.8,KEY RISKS,0.0483,0.3293,0.7836,REF036,0.2714,junk,junk_section_share>=0.6,20260918T0133-7dd1a33,discover-1
c1112,10,10,9,12,0.1714,cybersecurity,0.6784,0.0,0.1,Sectoral and Institutional Context,0.0476,0.3206,0.7717,REF001,0.5547,shortlist,,20260918T0133-7dd1a33,discover-1
c1131,10,10,8,7,0.1,access_connectivity,0.9206,0.0,0.5,PROJECT STATUS AND RATIONALE FOR RESTRUCTURING,0.0434,0.3293,0.7915,REF086,0.275,shortlist,,20260918T0133-7dd1a33,discover-1
c1141,10,10,8,7,0.1,dpi,0.9602,0.0,0.2,Project Components,0.0417,0.3488,0.7619,REF024,0.5133,shortlist,,20260918T0133-7dd1a33,discover-1
c1154,10,10,9,9,0.1286,cybersecurity,0.7755,0.0,0.1,Project Components,0.045,0.4183,0.7296,REF009,0.5115,shortlist,,20260918T0133-7dd1a33,discover-1
c1158,10,10,9,8,0.1143,dpi,0.0,0.0,0.9,Implementation Arrangements and Support Plan,0.0496,0.2855,0.8051,REF068,0.3332,junk,junk_section_share>=0.6,20260918T0133-7dd1a33,discover-1
c1176,10,10,9,9,0.1286,dpi,0.0,0.0,0.7,Implementation Arrangements and Support Plan,0.0528,0.3142,0.8568,REF030,0.296,junk,junk_section_share>=0.6,20260918T0133-7dd1a33,discover-1
c1187,10,10,7,4,0.0571,access_connectivity,0.0,0.0,0.4,Project status,0.044,0.2155,0.9179,REF004,0.2112,shortlist,,20260918T0133-7dd1a33,discover-1
c1201,10,10,9,9,0.1286,,0.0,0.0,0.9,Fiduciary,0.055,0.3248,0.8916,REF076,0.2942,junk,junk_section_share>=0.6,20260918T0133-7dd1a33,discover-1
c1225,10,10,7,7,0.1,data_hosting,0.8349,0.0,0.0,"Technical, Economic and Financial Analysis",0.0384,0.5114,0.8007,REF036,0.7531,shortlist,,20260918T0133-7dd1a33,discover-1
c1228,10,10,9,9,0.1286,drm_ews,0.0,0.0,0.6,Implementation Arrangements and Support Plan,0.0517,0.2966,0.8393,REF005,0.2858,junk,junk_section_share>=0.6,20260918T0133-7dd1a33,discover-1
c1231,10,10,10,10,0.1429,,0.0,0.1,1.0,Implementation Arrangements and Support Plan,0.0578,0.3202,0.844,REF031,0.3028,junk,junk_section_share>=0.6,20260918T0133-7dd1a33,discover-1
c1232,10,10,9,8,0.1143,access_connectivity,0.0,0.0,0.5,DESCRIPTION OF PROPOSED CHANGES,0.0516,0.2348,0.8365,REF030,0.2359,shortlist,,20260918T0133-7dd1a33,discover-1
c1238,10,9,8,7,0.1,drm_ews,0.5436,0.0,0.1,"Technical, Economic and Financial Analysis (if applicable)",0.0463,0.5758,0.8448,REF054,0.4556,shortlist,,20260918T0133-7dd1a33,discover-1
c1256,10,10,8,9,0.1286,,0.0,0.0,1.0,Fiduciary,0.046,0.1926,0.8396,REF085,0.2914,junk,junk_section_share>=0.6,20260918T0133-7dd1a33,discover-1
c1267,10,10,8,8,0.1143,,0.0,0.0,0.8,Implementation Arrangements and Support Plan,0.045,0.3362,0.8212,REF085,0.2902,junk,junk_section_share>=0.6,20260918T0133-7dd1a33,discover-1
c1277,10,10,10,12,0.1714,,0.0,0.4,0.9,Implementation Arrangements and Support Plan,0.0539,0.2721,0.7874,REF005,0.3249,junk,junk_section_share>=0.6,20260918T0133-7dd1a33,discover-1
c1287,10,10,8,8,0.1143,,0.0,0.0,1.0,Fiduciary,0.0492,0.3197,0.8975,REF045,0.4547,junk,junk_section_share>=0.6,20260918T0133-7dd1a33,discover-1
c1316,10,10,8,11,0.1571,access_connectivity,0.9183,0.1,0.6,Institutional and Implementation Arrangements,0.0468,0.2796,0.8534,REF085,0.3542,junk,junk_section_share>=0.6,20260918T0133-7dd1a33,discover-1
c1325,10,9,8,8,0.1143,drm_ews,0.8097,0.0,0.1,TOGO COUNTRY PROGRAM ADJUSTMENT RESPONDING TO COVID-19,0.0422,0.3558,0.7697,REF070,0.2547,shortlist,,20260918T0133-7dd1a33,discover-1
c1332,10,10,7,7,0.1,dpi,0.9464,0.0,0.3,Project Components,0.0414,0.3329,0.8637,REF005,0.3107,shortlist,,20260918T0133-7dd1a33,discover-1
c1336,10,9,8,8,0.1143,,0.0,0.8,1.0,Implementation Arrangements and Support Plan,0.0495,0.1922,0.9043,REF045,0.4002,junk,junk_section_share>=0.6,20260918T0133-7dd1a33,discover-1
c1352,10,10,10,9,0.1286,,0.0,0.0,0.9,Implementation Arrangements and Support Plan,0.0604,0.3334,0.8821,REF030,0.3437,junk,junk_section_share>=0.6,20260918T0133-7dd1a33,discover-1
c1353,10,10,9,8,0.1143,drm_ews,0.7669,0.0,0.0,Corporate Commitments,0.0534,0.4483,0.866,REF053,0.4666,shortlist,,20260918T0133-7dd1a33,discover-1
c1367,10,10,7,7,0.1,access_connectivity,0.9591,0.0,0.3,Economic and Financial Analysis,0.0383,0.269,0.799,REF030,0.3609,shortlist,,20260918T0133-7dd1a33,discover-1
c1369,10,10,8,8,0.1143,dpi,0.8322,0.0,0.0,Project Components,0.0446,0.3348,0.8133,REF056,0.3826,shortlist,,20260918T0133-7dd1a33,discover-1
c1372,10,9,7,6,0.0857,access_connectivity,0.9681,0.0,0.2,Project Components,0.0358,0.2706,0.7474,REF045,0.3997,shortlist,,20260918T0133-7dd1a33,discover-1
c1390,10,10,3,3,0.0429,submarine_cable,1.0,0.0,0.9,Implementation Arrangements and Project Support,0.0178,0.2014,0.8652,REF068,0.2855,junk,junk_section_share>=0.6,20260918T0133-7dd1a33,discover-1
c1406,10,10,6,9,0.1286,access_connectivity,0.8129,0.0,0.0,Climate Action Supported by the IDEA MPA,0.0323,0.5673,0.7853,REF037,0.6592,shortlist,,20260918T0133-7dd1a33,discover-1
c1417,10,10,9,9,0.1286,dpi,0.0,0.0,0.8,Implementation Arrangements and Support Plan,0.0506,0.31,0.8203,REF019,0.2534,junk,junk_section_share>=0.6,20260918T0133-7dd1a33,discover-1
c1418,10,9,9,12,0.1714,drm_ews,0.0,0.0,0.0,Technical and Economic Analysis,0.0527,0.3651,0.8553,REF005,0.354,shortlist,,20260918T0133-7dd1a33,discover-1
c1419,10,9,9,8,0.1143,drm_ews,0.7828,0.0,0.0,Detailed Financial and Economic Analysis,0.0436,0.5658,0.7074,REF041,0.4227,shortlist,,20260918T0133-7dd1a33,discover-1
c1422,10,10,9,12,0.1714,drm_ews,0.7091,0.1,0.2,Project Components,0.0478,0.5681,0.775,REF085,0.5551,shortlist,,20260918T0133-7dd1a33,discover-1
c1451,10,9,8,8,0.1143,data_hosting,0.851,0.0,0.0,Project Components,0.0421,0.3944,0.7674,REF035,0.4762,shortlist,,20260918T0133-7dd1a33,discover-1
c1459,10,9,8,6,0.0857,cybersecurity,0.9436,0.0,0.1,Project Components,0.045,0.3118,0.8212,REF083,0.5543,shortlist,,20260918T0133-7dd1a33,discover-1
c1470,10,10,9,11,0.1571,drm_ews,0.7996,0.0,0.1,Country Context,0.0454,0.7356,0.7369,REF037,0.3893,shortlist,,20260918T0133-7dd1a33,discover-1
c1525,10,9,9,8,0.1143,access_connectivity,0.0,0.0,0.0,Parent Project Description and Current Status,0.0542,0.2379,0.8787,REF009,0.3054,shortlist,,20260918T0133-7dd1a33,discover-1
c1527,10,8,2,1,0.0143,,0.0,0.1,0.5,Detailed Technical Justification and Design,0.0113,0.2058,0.8269,REF034,0.3276,junk,n_projects<3,20260918T0133-7dd1a33,discover-1
c1535,10,10,8,6,0.0857,,0.0,0.0,0.9,Implementation Arrangements and Support Plan,0.0475,0.1729,0.8663,REF085,0.2741,junk,junk_section_share>=0.6,20260918T0133-7dd1a33,discover-1
c1536,10,10,10,10,0.1429,,0.0,0.0,0.9,Implementation Arrangements and Support Plan,0.0566,0.2688,0.826,REF085,0.3101,junk,junk_section_share>=0.6,20260918T0133-7dd1a33,discover-1
c1541,10,10,9,8,0.1143,,0.0,0.0,1.0,Implementation Arrangements and Support Plan,0.0461,0.3347,0.7474,REF009,0.356,junk,junk_section_share>=0.6,20260918T0133-7dd1a33,discover-1
c1544,10,10,9,6,0.0857,,0.0,0.0,0.2,Project Status,0.0492,0.2393,0.7974,REF030,0.3064,shortlist,,20260918T0133-7dd1a33,discover-1
c1548,10,10,8,8,0.1143,,0.0,0.0,0.9,Implementation Arrangements and Support Plan,0.047,0.2593,0.857,REF079,0.3147,junk,junk_section_share>=0.6,20260918T0133-7dd1a33,discover-1
c1568,10,10,9,9,0.1286,dpi,1.0,0.0,0.0,Project Beneficiaries,0.0492,0.2583,0.7977,REF011,0.4848,shortlist,,20260918T0133-7dd1a33,discover-1
c1570,10,10,8,8,0.1143,drm_ews,0.469,0.0,0.0,Relevance to Higher Level Objectives,0.0447,0.346,0.8162,REF005,0.4576,shortlist,,20260918T0133-7dd1a33,discover-1
c1575,10,10,10,9,0.1286,drm_ews,0.8427,0.0,0.0,Project Components,0.0532,0.716,0.7761,REF041,0.6162,shortlist,,20260918T0133-7dd1a33,discover-1
c1590,10,10,10,9,0.1286,access_connectivity,0.0,0.1,0.6,Implementation Arrangements and Support Plan,0.0575,0.3008,0.8397,REF005,0.3512,junk,junk_section_share>=0.6,20260918T0133-7dd1a33,discover-1
c1611,10,10,7,7,0.1,,0.0,0.0,1.0,KEY RISKS,0.039,0.3014,0.8134,REF005,0.3443,junk,junk_section_share>=0.6,20260918T0133-7dd1a33,discover-1
c1615,10,10,9,9,0.1286,,0.0,0.0,0.9,Implementation Arrangements and Support Plan,0.0503,0.2561,0.8159,REF005,0.4011,junk,junk_section_share>=0.6,20260918T0133-7dd1a33,discover-1
c1617,10,10,9,6,0.0857,dpi,0.8631,0.0,0.5,PROJECT STATUS AND RATIONALE FOR RESTRUCTURING,0.0497,0.2907,0.8065,REF068,0.5834,shortlist,,20260918T0133-7dd1a33,discover-1
c1667,10,9,8,7,0.1,dpi,0.812,0.0,0.3,Lessons Learned and Reflected in the Project Design,0.0432,0.3226,0.7877,REF005,0.6954,shortlist,,20260918T0133-7dd1a33,discover-1
c1711,10,10,9,7,0.1,,0.0,0.5,0.1,Project Components,0.0487,0.2112,0.7903,REF011,0.5142,shortlist,,20260918T0133-7dd1a33,discover-1
c1725,10,8,7,7,0.1,,0.0,0.2,1.0,Implementation Arrangements and Support Plan,0.0378,0.2523,0.7894,REF045,0.4493,junk,junk_section_share>=0.6,20260918T0133-7dd1a33,discover-1
c1742,10,9,7,7,0.1,,0.0,0.4,1.0,Implementation Arrangements and Support Plan,0.0413,0.1878,0.8624,REF031,0.2841,junk,junk_section_share>=0.6,20260918T0133-7dd1a33,discover-1
c1748,10,10,9,8,0.1143,access_connectivity,0.8322,0.0,0.0,Sectoral and Institutional Context,0.0479,0.1695,0.7775,REF011,0.3623,shortlist,,20260918T0133-7dd1a33,discover-1
c1750,10,10,8,8,0.1143,,0.0,0.0,1.0,Implementation Arrangements and Support Plan,0.0462,0.248,0.8439,REF045,0.4001,junk,junk_section_share>=0.6,20260918T0133-7dd1a33,discover-1
c1761,10,10,9,8,0.1143,,0.0,0.2,1.0,Implementation Arrangements and Support Plan,0.0524,0.2209,0.8508,REF045,0.3865,junk,junk_section_share>=0.6,20260918T0133-7dd1a33,discover-1
c1786,10,10,8,11,0.1571,access_connectivity,0.65,0.0,0.4,KEY RISKS,0.0411,0.3582,0.7496,REF068,0.456,shortlist,,20260918T0133-7dd1a33,discover-1
c1790,10,9,9,9,0.1286,,0.0,0.0,1.0,Implementation Arrangements and Support Plan,0.0528,0.1952,0.8561,REF066,0.2255,junk,junk_section_share>=0.6,20260918T0133-7dd1a33,discover-1
c1795,10,10,9,8,0.1143,cybersecurity,0.0,0.0,0.8,Implementation Arrangements and Support Plan,0.0467,0.3305,0.7573,REF030,0.3662,junk,junk_section_share>=0.6,20260918T0133-7dd1a33,discover-1
c1800,10,10,10,9,0.1286,dpi,0.6254,0.0,0.1,Sectoral and Institutional Context,0.054,0.2431,0.7888,REF068,0.5373,shortlist,,20260918T0133-7dd1a33,discover-1
c1880,10,10,9,8,0.1143,dpi,1.0,0.0,0.3,Sectoral and Institutional Context,0.0492,0.2307,0.7981,REF084,0.5111,shortlist,,20260918T0133-7dd1a33,discover-1
c1882,10,10,7,6,0.0857,cybersecurity,0.0,0.0,0.0,Project Components,0.038,0.2201,0.7921,REF067,0.5413,shortlist,,20260918T0133-7dd1a33,discover-1
c1884,10,10,7,6,0.0857,dpi,0.0,0.2,0.1,Project Components,0.0381,0.2233,0.7949,REF005,0.5392,shortlist,,20260918T0133-7dd1a33,discover-1
c1891,10,10,8,8,0.1143,access_connectivity,0.8113,0.0,0.1,Project Strategic Context,0.0445,0.3219,0.8113,REF061,0.5337,shortlist,,20260918T0133-7dd1a33,discover-1
c1893,10,10,6,6,0.0857,access_connectivity,0.0,0.0,0.0,Sectoral and Institutional Context,0.033,0.241,0.8026,REF084,0.5,shortlist,,20260918T0133-7dd1a33,discover-1
c1908,10,10,6,5,0.0714,access_connectivity,0.8631,0.0,0.3,Project Components,0.0349,0.2137,0.849,REF046,0.541,shortlist,,20260918T0133-7dd1a33,discover-1
c1914,10,10,9,8,0.1143,access_connectivity,0.7456,0.0,0.0,Project Components,0.0499,0.2842,0.8099,REF046,0.652,shortlist,,20260918T0133-7dd1a33,discover-1
c1917,10,8,6,6,0.0857,dpi,0.6696,0.1,0.1,Relevance to Higher Level Objectives,0.0333,0.195,0.8106,REF086,0.4162,shortlist,,20260918T0133-7dd1a33,discover-1
c1927,10,9,6,6,0.0857,access_connectivity,0.7836,0.0,0.0,Sectoral and Institutional Context,0.0326,0.2075,0.7942,REF046,0.5508,shortlist,,20260918T0133-7dd1a33,discover-1
c1950,10,9,8,7,0.1,access_connectivity,0.8384,0.0,0.1,Sectoral and Institutional Context,0.0407,0.3769,0.7432,REF034,0.4661,shortlist,,20260918T0133-7dd1a33,discover-1
c1966,10,10,2,1,0.0143,,0.0,0.0,0.4,Implementation Arrangements and Support Plan,0.0133,0.2727,0.9734,REF089,0.4467,junk,n_projects<3,20260918T0133-7dd1a33,discover-1
c1981,10,9,9,9,0.1286,dpi,0.971,0.0,0.1,Rationale for Bank Involvement and Role of Partners,0.0485,0.2615,0.7872,REF005,0.4654,shortlist,,20260918T0133-7dd1a33,discover-1
