cluster_id,size,n_projects,n_documents,nearest_reference,nearest_reference_direction,cosine,top_terms,exemplar_clause_ids
projected-c134,825,114,114,Adopt Common Alerting Protocol (CAP) for standardized multi-channel warnings,resilience_of_asset,0.1951,discussed introduced delivered built adopted created developed made actions set agreed used,31747152:p00249:c04:split-1|40087727:p00209:c06:split-1|32971756:p00410:c11:split-1|32971756:p00411:c03:split-1|33812956:p00200:c08:split-1
projected-c060,751,116,116,Design oversight and transparency frameworks for parametric trigger calibration and basis risk,digital_for_resilience,0.2750,subcomponents removal focuses ce designing outreach undertaken planned specifically supports following intermediate,33191006:p00368:c10:split-1|33107441:p00598:c01:split-1|31338295:p00330:c10:split-1|31167658:p00239:c01:split-1|34440132:p00046:c01:split-1
projected-c004,714,115,115,Design oversight and transparency frameworks for parametric trigger calibration and basis risk,digital_for_resilience,0.2353,ncs figure note cs space net step pdo table da actions open,31167658:p00278:c01:split-1|33753850:p00347:c01:split-1|40072597:p00197:c04:split-1|40017533:p00206:c02:split-1|31866361:p00305:c05:split-1
projected-c008,674,105,105,Upgrade and harden government data centers for disaster resilience,resilience_of_asset,0.2821,analog moitt subcomponents blocks ditjen enablers reinforce dukcapil analytics supports mile cybersecurity,40099485:p00039:c02:split-1|33706639:p00226:c19:split-1|33345981:p00210:c03:split-1|40017533:p00204:c11:split-1|34370345:p00082:c14:split-1
projected-c129,651,105,105,Incorporate resilience standards and climate screening in telecom infrastructure procurement,resilience_of_asset,0.3630,esms ehsgs esmps esmp ess1 ess5 esia esmf ehs generic ess10 esias,33107441:p00280:c03:split-1|33053299:p00186:c18:split-1|34192090:p00047:c01:split-1|34350724:p00051:c33:split-1|33345981:p00320:c05:split-1
projected-c091,614,71,71,Upgrade and harden government data centers for disaster resilience,resilience_of_asset,0.3906,labeling star surpass jrc pue recycle wind battery lighting renewable energy ee,40028045:p00189:c18:split-1|31889872:p00185:c03:split-1|34204848:p00157:c08:split-1|34428613:p00357:c25:split-1|34460895:p00189:c09:split-1
projected-c127,605,93,93,Design oversight and transparency frameworks for parametric trigger calibration and basis risk,digital_for_resilience,0.2561,piu coordinators pius expert coordinator staffed unit assistant specialists recruitment deputy recruiting,33421881:p00191:c05:split-1|40081960:p00160:c04:split-1|40072597:p00144:c04:split-1|33421881:p00212:c07:split-1|33191006:p00289:c05:split-1
projected-c238,582,62,62,Issue digital identity credentials to displaced and crisis-affected populations lacking documentation,digital_for_resilience,0.5107,thailand identif cate honduran nationals rrs rbpp sin underpinned nigerian id4d id,33191006:p00211:c01:split-1|31747152:p00275:c04:split-1|33812956:p00196:c04:split-1|40110459:p00326:c02:split-1|34204848:p00207:c01:split-1
projected-c079,566,83,83,Deploy digital education continuity platforms for remote learning during crises,digital_for_resilience,0.3697,curricula courses curriculum learn train mentorship nrens trainers learning professional weblabs teachers,40028045:p00162:c05:split-1|34429409:p00167:c07:split-1|31866361:p00413:c04:split-1|34310682:p00193:c09:split-1|34397339:p00337:c09:split-1
projected-c120,563,86,86,Deploy digital tools for climate-adapted livestock management and pastoral early warning,digital_for_resilience,0.3098,blockchain digitalize technologies transformation solutions digitized emerging digitalization adopt tools leveraging latest,33835349:p00233:c04:split-1|33753850:p00205:c05:split-1|33118666:p00173:c10:split-1|32527137:p00132:c03:split-1|32971756:p00154:c02:split-1
projected-c268,560,78,78,Deploy digital platforms for emergency cash mobilization via mobile money,digital_for_resilience,0.2222,bordering borgou landlocked monrovia coastline mali gold port coast bangui neighbors history,33191006:p00128:c01:split-1|31167658:p00117:c10:split-1|34194833:p00165:c02:split-1|40052992:p00203:c03:split-1|40115059:p00663:c08:split-1
projected-c104,558,100,100,Design oversight and transparency frameworks for parametric trigger calibration and basis risk,digital_for_resilience,0.2673,overdue ofag unqualified opinions variances opinion outstanding audit auditor afs gac audited,32159893:p00551:c04:split-1|34049907:p00357:c04:split-1|33786588:p00475:c09:split-1|33830968:p00385:c05:split-1|34196069:p00316:c07:split-1
projected-c050,555,84,84,Deploy digital education continuity platforms for remote learning during crises,digital_for_resilience,0.3454,acquire skills competency earnings curriculum competencies academy equip literacy advanced talent soft,33830968:p00155:c03:split-1|34456824:p00034:c04:split-1|33107441:p00435:c16:split-1|34460895:p00177:c02:split-1|34429409:p00200:c05:split-1
projected-c027,551,96,96,Deploy digital agriculture extension services for advisory and market access,digital_for_resilience,0.2796,whr suw equivalent unguaranteed ibrd million ida indicative enablers analog eur enabling,40109413:p00254:c11:split-1|33835348:p00212:c01:split-1|33985963:p00190:c27:split-1|34428613:p00137:c18:split-1|33118666:p00202:c02:split-1
projected-c048,542,101,101,Design oversight and transparency frameworks for parametric trigger calibration and basis risk,digital_for_resilience,0.3176,moderate rated residual rating substantial sort assessed classified risk macroeconomic ratings deemed,33835349:p00282:c01:split-1|31338295:p00244:c01:split-1|33985963:p00353:c01:split-1|33862093:p00306:c01:split-1|40072597:p00216:c01:split-1
projected-c125,535,79,79,Build digital business continuity capacity for SMEs and micro-enterprises,digital_for_resilience,0.3677,nurture vibrant economy unlock dynamic foster startups entrepreneurship participate catalyze grow ecosystem,40072597:p00138:c13:split-1|32971756:p00283:c03:split-1|31338295:p00132:c10:split-1|33107441:p00231:c16:split-1|33812956:p00130:c04:split-1
projected-c056,526,75,75,Address algorithmic fairness and gender exclusion risks in social protection targeting systems,resilience_of_asset,0.3743,stereotypes careers childcare unequal male tend females disproportionately traditionally norms women men,40080119:p00091:c09:split-1|40042661:p00241:c09:split-1|33118666:p00376:c07:split-1|34254903:p00085:c22:split-1|34196134:p00137:c08:split-1
projected-c156,518,64,64,Issue digital identity credentials to displaced and crisis-affected populations lacking documentation,digital_for_resilience,0.4711,biometrics identifier deduplication id credential kyc sdid credentials biometric recognition smartphone signatures,40105151:p00057:c16:split-1|33815663:p00245:c12:split-1|31747152:p00135:c02:split-1|33345981:p00196:c04:split-1|40052992:p00179:c12:split-1
projected-c277,514,81,81,Develop and regularly test government ICT business continuity and disaster recovery plans,resilience_of_asset,0.3717,dto whole transforming egovernment direction moving transformation prioritization govtech blocks digitization importance,31338295:p00323:c01:split-1|34394311:p00169:c06:split-1|31866361:p00268:c02:split-1|33862093:p00244:c08:split-1|40110522:p00053:c09:split-1
projected-c217,511,74,74,Develop national fiber pooling and open access policies for resilient connectivity,resilience_of_asset,0.3569,expand underserved broadband affordable unserved extend lagging affordability speed rural coverage deploy,40022182:p00060:c08:split-1|33786588:p00182:c09:split-1|34022655:p00155:c02:split-1|33602788:p00191:c02:split-1|33835348:p00189:c02:split-1
projected-c024,508,86,86,Build submarine cable redundancy through diverse routing,resilience_of_asset,0.3056,lte signal optical connected connections carrier hotel radio traffic hosted ip satellite,32159890:p00224:c14:split-1|34429409:p00138:c04:split-1|33835349:p00216:c04:split-1|34397339:p00387:c02:split-1|40052992:p00207:c09:split-1
projected-c141,507,102,102,Design oversight and transparency frameworks for parametric trigger calibration and basis risk,digital_for_resilience,0.2063,wherever intended feasible deemed likely need able necessary sufficient expected purpose required,33191006:p00160:c09:split-1|33867703:p00029:c12:split-1|33812956:p00187:c19:split-1|31338295:p00195:c04:split-1|31747152:p00519:c02:split-1
projected-c033,503,64,64,Integrate digital climate risk analytics into public financial management systems,digital_for_resilience,0.2606,eirr npvs npv irrs irr err discount assesses cba return discounted scenarios,40087727:p00237:c02:split-1|34397339:p00223:c01:split-1|34397339:p00222:c01:split-1|34397339:p00369:c01:split-1|31889872:p00474:c02:split-1
projected-c241,500,73,73,Address algorithmic fairness and gender exclusion risks in social protection targeting systems,resilience_of_asset,0.4502,cohorts professions empowering safely mathematics girls mentorship bridging parity equality women female,32093931:p00296:c10:split-1|32093931:p00395:c14:split-1|34397339:p00164:c11:split-1|34338772:p00785:c02:split-1|40087727:p00142:c02:split-1
projected-c307,492,67,67,Establish infrastructure sharing and emergency roaming policies between telecom operators,resilience_of_asset,0.3999,iru discriminatory indefeasible dark tenant bulk wholesale infraco roaming lease prepurchase licensed,33844146:p00208:c16:split-1|32321387:p00390:c04:split-1|31866361:p00266:c04:split-1|40042661:p00137:c05:split-1|33345981:p00276:c09:split-1
projected-c209,491,81,81,Use anonymized mobile network data for real-time population displacement tracking during disasters,digital_for_resilience,0.3589,sampling gis collect store validate census datasets geospatial formats collection geo gems,33815663:p00256:c04:split-1|34428613:p00204:c05:split-1|34275965:p00155:c08:split-1|33813209:p00145:c02:split-1|33706639:p00198:c04:split-1
projected-c070,488,76,76,Deploy rapid digital household welfare tracking for post-disaster needs assessment,digital_for_resilience,0.1963,gini eicv notre dame ranks ranking rankings nd ranked distress ssa index,33191006:p00120:c08:split-1|34228623:p00129:c06:split-1|33844146:p00120:c11:split-1|32626249:p00445:c11:split-1|31167658:p00112:c08:split-1
projected-c212,486,107,107,Design oversight and transparency frameworks for parametric trigger calibration and basis risk,digital_for_resilience,0.2640,subcomponents summarized seek aims designed aim seeks mfd covered structure three developed,31167658:p00626:c02:split-1|33786588:p00203:c01:split-1|33421881:p00189:c12:split-1|32971756:p00200:c01:split-1|34370345:p00054:c07:split-1
projected-c058,484,84,84,Integrate digital climate risk analytics into public financial management systems,digital_for_resilience,0.2668,collaborating brings uniquely corporation positioned ifc convening wealth miga dialogue engagements analytical,33985963:p00161:c01:split-1|40072597:p00146:c01:split-1|33830968:p00264:c08:split-1|34194833:p00303:c16:split-1|40028045:p00178:c08:split-1
projected-c210,484,103,103,Design oversight and transparency frameworks for parametric trigger calibration and basis risk,digital_for_resilience,0.2262,subprojects parent assigned generated original funded learned involved created built associated previous,40081106:p00052:c08:split-1|33753850:p00355:c06:split-1|31747152:p00269:c07:split-1|40013198:p00215:c03:split-1|31167658:p00252:c15:split-1
projected-c165,474,47,47,Issue digital identity credentials to displaced and crisis-affected populations lacking documentation,digital_for_resilience,0.4509,authenticator authenticators authenticate authentication verifiable identities prove verify verification kyc credentials securely,34049898:p00523:c11:split-1|31747152:p00182:c08:split-1|34204848:p00319:c02:split-1|34204848:p00130:c06:split-1|33191006:p00274:c09:split-1
projected-c195,472,86,86,Use anonymized mobile network data for real-time population displacement tracking during disasters,digital_for_resilience,0.2548,resides reside adults age population live old inhabitants aged adult births children,34049907:p00636:c06:split-1|33107441:p00162:c02:split-1|33835348:p00123:c05:split-1|34397339:p00099:c04:split-1|32527137:p00124:c09:split-1
projected-c035,470,73,73,Upgrade and harden government data centers for disaster resilience,resilience_of_asset,0.5308,withstand pandemics shocks induced resilience climatic flood disasters recover adapt events weather,40087727:p00188:c03:split-1|33107441:p00153:c13:split-1|31866361:p00158:c05:split-1|34310682:p00347:c04:split-1|33830968:p00445:c02:split-1
projected-c046,468,54,54,Issue digital identity credentials to displaced and crisis-affected populations lacking documentation,digital_for_resilience,0.5524,biographic nationality prove certificate birth kebele proof minors certificates verify register issuing,34204848:p00186:c10:split-1|33830968:p00153:c06:split-1|31866361:p00144:c25:split-1|34201758:p00124:c04:split-1|33191006:p00217:c02:split-1
projected-c109,464,85,85,Integrate digital climate risk analytics into public financial management systems,digital_for_resilience,0.3297,adequacy fm fms conclusion twice arrangements whether concluded determine assessment adequate directive,31889872:p00393:c02:split-1|34338772:p00245:c02:split-1|40109413:p00156:c01:split-1|31889872:p00393:c01:split-1|33862093:p00280:c15:split-1
projected-c246,463,117,117,Establish data protection and consent protocols for beneficiary registries used in emergency disbursements,resilience_of_asset,0.2706,granted authorized sent issued agent received awarded recipient certified requiring registered requested,33859017:p00029:c02:split-1|32044477:p00025:c02:split-1|33844146:p00269:c11:split-1|33706639:p00528:c16:split-1|33862093:p00376:c02:split-1
projected-c319,458,78,78,Upgrade and harden government data centers for disaster resilience,resilience_of_asset,0.4576,benavidez switches conditioning room routers tier constructed arsat underground aerial fire ducts,40100544:p00203:c05:split-1|34460895:p00189:c05:split-1|33937854:p00587:c01:split-1|31889872:p00387:c10:split-1|33937854:p00315:c09:split-1
projected-c078,454,83,83,Design oversight and transparency frameworks for parametric trigger calibration and basis risk,digital_for_resilience,0.2530,seek reinforce aims opportunity seeks leverage moreover aim lessons help take benefit,31167658:p00600:c01:split-1|34204848:p00207:c07:split-1|33812956:p00304:c10:split-1|32321387:p00158:c16:split-1|31167658:p00201:c12:split-1
projected-c083,453,86,86,"Develop urban geospatial risk data platforms integrating hazard, exposure, and vulnerability layers",digital_for_resilience,0.2481,square villages localities districts located lots zones geographical provinces cities settlements north,40095037:p00219:c03:split-1|34201758:p00151:c02:split-1|32159893:p00163:c09:split-1|40100544:p00099:c13:split-1|33753850:p00250:c07:split-1
projected-c116,452,120,120,Establish data protection standards for emergency beneficiary targeting and cross-agency data sharing,resilience_of_asset,0.2576,archived became promulgated declared dated ending july january august february took november,34192090:p00023:c02:split-1|32971756:p00729:c32:split-1|33985963:p00358:c12:split-1|32971756:p00308:c02:split-1|33815663:p00297:c06:split-1
projected-c290,449,73,73,Use anonymized mobile network data for real-time population displacement tracking during disasters,digital_for_resilience,0.2387,subscribe subscriptions mbps subscriber subscribers download penetration smartphones cri inhabitants gsma fixed,33830968:p00137:c05:split-1|40045816:p00400:c18:split-1|33602788:p00150:c04:split-1|32626249:p00158:c03:split-1|33937854:p00172:c02:split-1
projected-c222,446,75,75,Diversify equipment vendor dependencies for telecom supply chain resilience,resilience_of_asset,0.3477,vendor lock modular redundant computing neutrality server reduces decentralized interoperable hybrid scalable,33813209:p00225:c05:split-1|33937854:p00495:c08:split-1|34049898:p00230:c12:split-1|31747152:p00574:c03:split-1|33813209:p00192:c13:split-1
projected-c071,443,93,93,Design oversight and transparency frameworks for parametric trigger calibration and basis risk,digital_for_resilience,0.2497,piu spiu pius biannual ciu retain staffed consolidated setic established pcu positions,34192090:p00051:c01:split-1|31889872:p00235:c03:split-1|32093931:p00241:c01:split-1|34196069:p00277:c03:split-1|40042661:p00170:c01:split-1
projected-c039,441,91,91,Design oversight and transparency frameworks for parametric trigger calibration and basis risk,digital_for_resilience,0.2297,able reviewed seek spv updated continue prepare used da required set need,32093931:p00228:c02:split-1|34131348:p00320:c24:split-1|33753850:p00361:c14:split-1|40072597:p00211:c06:split-1|31167658:p00449:c03:split-1
projected-c248,440,95,95,Integrate digital climate risk analytics into public financial management systems,digital_for_resilience,0.2666,diem accommodation rental retroactive proceeds supplies incremental expenses financed contracted salaries eligible,33862093:p00181:c09:split-1|33602788:p00381:c04:split-1|34327188:p00276:c13:split-1|31889872:p00388:c02:split-1|33786588:p00226:c02:split-1
projected-c036,438,69,69,Monitor climate vulnerability of digital infrastructure using geospatial and climate projection data,resilience_of_asset,0.4409,warming precipitation heatwaves intensity severity river damaging droughts temperature temperatures rainfall intense,33107441:p00502:c10:split-1|31338295:p00174:c05:split-1|34310682:p00147:c05:split-1|40027697:p00179:c08:split-1|33937854:p00221:c02:split-1
projected-c232,437,72,72,Develop and regularly test government ICT business continuity and disaster recovery plans,resilience_of_asset,0.3146,usability g2b simplification digitalizing ease shift transactional modernize digitalized g2p centric citizens,31338295:p00140:c06:split-1|40100544:p00111:c14:split-1|32108178:p00148:c11:split-1|34022655:p00153:c09:split-1|40100544:p00101:c06:split-1
projected-c118,435,82,82,Deploy crowdsourced disaster reporting and social media monitoring for situational awareness,digital_for_resilience,0.3405,participatory citizen engagement stakeholder feedback ce stakeholders proactive outreach campaigns engage consultations,34201758:p00162:c10:split-1|34388773:p00247:c02:split-1|33118666:p00308:c22:split-1|34460895:p00129:c24:split-1|33844146:p00319:c06:split-1
projected-c023,431,67,67,Strengthen mobile money agent network resilience for cash-out during disruptions,resilience_of_asset,0.1879,averaged remarkable grew declined slowed gold grown outlook gross product gdp commodity,33985963:p00122:c04:split-1|33830968:p00124:c16:split-1|34429409:p00097:c03:split-1|40081960:p00088:c02:split-1|34429409:p00097:c04:split-1
projected-c002,430,75,75,Establish national cybersecurity frameworks and CERTs for critical digital infrastructure,resilience_of_asset,0.4233,cyberthreats cyberattacks certs threats cyber threat attacks breaches cybersecurity cirt incidents incident,34049898:p00223:c03:split-1|33118666:p00254:c19:split-1|40095037:p00184:c07:split-1|34397339:p00173:c09:split-1|34049898:p00262:c05:split-1
projected-c190,430,86,86,Incorporate resilience standards and climate screening in telecom infrastructure procurement,resilience_of_asset,0.2346,hired recruited recruit competitively hire recruiting assistant positions hiring consultants staffing staffed,32159893:p00549:c08:split-1|33786588:p00302:c03:split-1|34222788:p00265:c02:split-1|34310682:p00173:c05:split-1|33812956:p00334:c03:split-1
projected-c259,430,82,82,Deploy digital agriculture extension services for advisory and market access,digital_for_resilience,0.3846,de4a ivoire union te gabon acceleration au transformation continent african verde chad,33118666:p00259:c07:split-1|34049907:p00168:c07:split-1|32527137:p00215:c14:split-1|33118666:p00170:c09:split-1|31747152:p00156:c05:split-1
projected-c022,429,79,79,Deploy digital agriculture extension services for advisory and market access,digital_for_resilience,0.3166,ambassadors coding trained graduates literacy trainings advanced skills academy tvet courses soft,33862093:p00193:c10:split-1|33815663:p00210:c06:split-1|40105675:p00077:c05:split-1|34460895:p00117:c05:split-1|33118666:p00203:c04:split-1
projected-c155,429,99,99,Upgrade and harden government data centers for disaster resilience,resilience_of_asset,0.2091,valued amounting billion worth spent ranging million usd whereas cumulative estimated total,33815663:p00318:c07:split-1|33815663:p00347:c03:split-1|32159890:p00152:c03:split-1|33786588:p00229:c02:split-1|33786588:p00211:c02:split-1
projected-c200,429,90,90,Design oversight and transparency frameworks for parametric trigger calibration and basis risk,digital_for_resilience,0.2691,cio manager designate coordinator overseeing director oversee day direction responsible secretary daily,33107441:p00212:c04:split-1|40110459:p00383:c25:split-1|34388773:p00354:c03:split-1|34254903:p00160:c02:split-1|33835349:p00322:c02:split-1
projected-c084,426,90,90,Design oversight and transparency frameworks for parametric trigger calibration and basis risk,digital_for_resilience,0.2614,steps lessons taking learned leveraging using focused working foundational build efforts solutions,33786588:p00386:c17:split-1|33822742:p00402:c09:split-1|33985963:p00243:c36:split-1|34131348:p00205:c01:split-1|32321387:p00225:c11:split-1
projected-c223,426,78,78,Design oversight and transparency frameworks for parametric trigger calibration and basis risk,digital_for_resilience,0.2441,diploma workshop conference trainings workshops trainers initiating timing trainees acquired training indicating,33835349:p00201:c09:split-1|33786588:p00302:c02:split-1|40087727:p00186:c06:split-1|34049898:p00522:c03:split-1|34428613:p00219:c10:split-1
projected-c163,425,101,101,Design oversight and transparency frameworks for parametric trigger calibration and basis risk,digital_for_resilience,0.1959,tasks summary following specific designed proposed table identified key ta addition expected,33786588:p00273:c03:split-1|32159893:p00400:c06:split-1|33822742:p00400:c14:split-1|33191006:p00358:c03:split-1|32108178:p00689:c02:split-1
projected-c273,425,68,68,Incorporate resilience standards and climate screening in telecom infrastructure procurement,resilience_of_asset,0.3222,purely minority shareholders incentive frr ppps crowding infraco risking ppp crowd shares,40080119:p00205:c02:split-1|32971756:p00312:c02:split-1|34049907:p00255:c11:split-1|34338772:p00205:c19:split-1|40109413:p00052:c07:split-1
projected-c225,424,99,99,Establish data protection standards for emergency beneficiary targeting and cross-agency data sharing,resilience_of_asset,0.3179,constitution obligation mandated covenants stipulated amended enacted amendment decree provisions legislation laws,32108178:p00480:c02:split-1|33812956:p00284:c07:split-1|33706639:p00406:c29:split-1|34201758:p00279:c07:split-1|40110459:p00388:c07:split-1
projected-c106,423,71,71,Deploy climate-resilient fiber-to-the-premises in hazard-prone areas,resilience_of_asset,0.3634,leo wi fi cellular wifi hotspots satellite speeds wireless microwave unserved speed,34254903:p00138:c02:split-1|33835348:p00242:c02:split-1|34394311:p00345:c10:split-1|32971756:p00501:c11:split-1|33786588:p00317:c13:split-1
projected-c034,422,72,72,Scale mobile money for post-disaster person-to-person remittances,digital_for_resilience,0.3352,blended mobilizing miga maximizing catalytic guarantees seed mfd mobilization intermediary venture risking,33830968:p00329:c91:split-1|34429409:p00127:c07:split-1|33937854:p00178:c06:split-1|33830968:p00262:c06:split-1|34228623:p00178:c05:split-1
projected-c257,422,91,91,Upgrade and harden government data centers for disaster resilience,resilience_of_asset,0.4387,install upgrade connect upgrading towers links optic backbone wireless deploy extend mile,34275965:p00095:c10:split-1|40022182:p00070:c02:split-1|34338772:p00743:c06:split-1|32527137:p00290:c19:split-1|34394311:p00099:c02:split-1
projected-c026,421,104,104,Design oversight and transparency frameworks for parametric trigger calibration and basis risk,digital_for_resilience,0.3061,smooth actual objectives inform reflect manage guidance align implement successful life timely,33706639:p00572:c02:split-1|33118666:p00420:c06:split-1|32626249:p00197:c05:split-1|33118666:p00319:c10:split-1|32527137:p00227:c08:split-1
projected-c029,420,84,84,Deploy shock-responsive G2P digital payment systems linked to national ID and social registries,digital_for_resilience,0.3552,reimbursement reimbursements deposited method disbursing disbursed advances methods dfil disbursement disbursements special,32971756:p00414:c01:split-1|31167658:p00466:c01:split-1|34049907:p00454:c18:split-1|33706639:p00527:c08:split-1|34254903:p00231:c01:split-1
projected-c054,420,71,71,Design digital inclusion safeguards ensuring crisis response reaches populations without connectivity or devices,resilience_of_asset,0.4121,divide bridging bridge devices affordable inclusion elderly marginalized schemes productive populations device,33835348:p00189:c07:split-1|33706639:p00147:c08:split-1|33602788:p00145:c02:split-1|34194833:p00173:c18:split-1|34338772:p00166:c03:split-1
projected-c240,420,66,66,Integrate digital climate risk analytics into public financial management systems,digital_for_resilience,0.2420,quantifiable extra calculating surplus quantify externalities vat conservative savings benefits welfare lifetime,34204848:p00206:c08:split-1|34327188:p00208:c03:split-1|32108178:p00759:c02:split-1|34196134:p00225:c01:split-1|31167658:p00707:c03:split-1
projected-c291,420,77,77,Develop national emergency telecommunications plans and spectrum sharing mandates,resilience_of_asset,0.4245,urgencies samu urgency callao lima npp contingent geolocation alerts emergency metropolitan automatically,34022655:p00327:c33:split-1|31889872:p00186:c07:split-1|33937854:p00214:c13:split-1|40080119:p00192:c16:split-1|31889872:p00234:c04:split-1
projected-c132,419,84,84,Adopt Common Alerting Protocol (CAP) for standardized multi-channel warnings,resilience_of_asset,0.1808,join get seek visit operate register respond receive monitor track manage physical,33815663:p00162:c04:split-1|40039972:p00036:c05:split-1|33602788:p00216:c03:split-1|32321387:p00145:c17:split-1|33421881:p00223:c10:split-1
projected-c147,417,99,99,Deploy satellite-based telemetry as backup for hydromet observation networks,resilience_of_asset,0.2487,assist pillar assistance guidance maintenance supports technical needed efforts throughout initial team,32108178:p00476:c02:split-1|40013198:p00147:c03:split-1|33815663:p00174:c10:split-1|33867703:p00026:c05:split-1|33753850:p00182:c04:split-1
projected-c164,416,95,95,Adopt Common Alerting Protocol (CAP) for standardized multi-channel warnings,resilience_of_asset,0.2274,appointed operated hosted housed managed mtc assigned eca director mof risa mdas,33815663:p00301:c03:split-1|31747152:p00350:c04:split-1|33191006:p00409:c05:split-1|31167658:p00439:c05:split-1|32971756:p00405:c22:split-1
projected-c076,415,78,78,Integrate digital climate risk analytics into public financial management systems,digital_for_resilience,0.3155,uepex siafi books chart accountant accounting accounts statements maintained separate uses purposes,31167658:p00446:c07:split-1|33937854:p00388:c05:split-1|34394311:p00286:c06:split-1|31338295:p00347:c14:split-1|33786588:p00469:c07:split-1
projected-c207,415,95,95,Develop and regularly test government ICT business continuity and disaster recovery plans,resilience_of_asset,0.3190,moict ng intic minict minist moitt sip mocit rique agence secretary minpostel,32093931:p00153:c17:split-1|33107441:p00244:c05:split-1|32159893:p00117:c04:split-1|33812956:p00335:c10:split-1|33812956:p00254:c07:split-1
projected-c293,414,89,89,Establish data protection and consent protocols for beneficiary registries used in emergency disbursements,resilience_of_asset,0.3205,satisfy directive anticorruption bp op missions familiar ipf directives minimum accurate reasonable,32159893:p00553:c04:split-1|40072597:p00195:c02:split-1|32527137:p00405:c03:split-1|31338295:p00338:c10:split-1|34196069:p00312:c03:split-1
projected-c265,411,78,78,Monitor climate vulnerability of digital infrastructure using geospatial and climate projection data,resilience_of_asset,0.5387,coverings waterproof screened screening geophysical resistant adaptation considerations flood climate hazards incorporate,34394311:p00192:c12:split-1|34222788:p00171:c10:split-1|34222788:p00170:c09:split-1|34338772:p00726:c02:split-1|40045816:p00239:c09:split-1
projected-c295,411,81,81,Design oversight and transparency frameworks for parametric trigger calibration and basis risk,digital_for_resilience,0.2128,inefficient turnover lacks weak overlapping fragmented compounded insufficient hr inadequate lack cscs,32321387:p00275:c04:split-1|31866361:p00148:c05:split-1|34327188:p00253:c01:split-1|34327188:p00147:c09:split-1|40028045:p00126:c07:split-1
projected-c255,410,75,75,Design oversight and transparency frameworks for parametric trigger calibration and basis risk,digital_for_resilience,0.2784,chair chaired twg representatives invited comprise ministers secretary prime sc ps minister,32159890:p00155:c12:split-1|34222788:p00146:c17:split-1|33822742:p00231:c05:split-1|33191006:p00290:c04:split-1|40080119:p00165:c02:split-1
projected-c253,407,94,94,Design oversight and transparency frameworks for parametric trigger calibration and basis risk,digital_for_resilience,0.2538,a2 annexes a3 annex a1 summarized table section details paragraph schedule paragraphs,32108178:p00518:c06:split-1|33706639:p00393:c07:split-1|32159893:p00213:c02:split-1|33602788:p00332:c02:split-1|34394311:p00166:c11:split-1
projected-c105,406,90,90,Design oversight and transparency frameworks for parametric trigger calibration and basis risk,digital_for_resilience,0.3528,downside residual risks creates substantial risk pose macroeconomic fiduciary political considering remains,33753850:p00377:c02:split-1|31866361:p00303:c11:split-1|40045816:p00244:c02:split-1|32971756:p00337:c03:split-1|32626249:p00251:c07:split-1
projected-c069,403,101,101,Design oversight and transparency frameworks for parametric trigger calibration and basis risk,digital_for_resilience,0.2962,tranche withdrawals condition subsidiary schedule covenants agreement retroactive loans guarantees loan stipulated,31167658:p00358:c07:split-1|33786588:p00377:c09:split-1|34397339:p00228:c22:split-1|33602788:p00422:c16:split-1|33813209:p00298:c06:split-1
projected-c082,401,108,108,Deploy digital agriculture extension services for advisory and market access,digital_for_resilience,0.3286,p174461 p160418 p177158 p171034 p171099 p167543 p173373 p160533 p176181 p176126 p132824 p176932,33835348:p00166:c01:split-1|40100544:p00155:c09:split-1|34049907:p00180:c01:split-1|34194833:p00120:c09:split-1|34388773:p00136:c08:split-1
projected-c018,399,81,81,Develop interoperability standards across humanitarian and government digital response systems,resilience_of_asset,0.3505,hpc interoperable ea pki interoperability architecture enterprise upgraded back common platform upgrades,33602788:p00227:c08:split-1|34275965:p00097:c03:split-1|33862093:p00222:c11:split-1|34022655:p00347:c06:split-1|34310682:p00137:c11:split-1
projected-c272,398,93,93,Integrate digital climate risk analytics into public financial management systems,digital_for_resilience,0.2647,finance financed ce subcomponents matching complement grants funded ta evaluation specifically studies,33786588:p00203:c09:split-1|33191006:p00212:c04:split-1|32044477:p00034:c04:split-1|34228623:p00183:c12:split-1|34397339:p00156:c18:split-1
projected-c089,397,98,98,Deploy shock-responsive G2P digital payment systems linked to national ID and social registries,digital_for_resilience,0.3270,p094103 warcip vincent grenadines rcip lucia closed saint roads caribbean peru rehabilitation,33753850:p00179:c03:split-1|34429409:p00186:c04:split-1|33706639:p00321:c09:split-1|34388773:p00261:c05:split-1|33118666:p00418:c02:split-1
projected-c065,396,56,56,"Enable digital credit, savings, and microinsurance products to build household liquidity buffers",digital_for_resilience,0.5433,mfi microfinance dfs money micro fintech banks merchants products kyc inclusion informal,33753850:p00219:c12:split-1|32159893:p00220:c03:split-1|33191006:p00147:c02:split-1|33602788:p00493:c27:split-1|32108178:p00553:c04:split-1
projected-c311,395,78,78,Incorporate resilience standards and climate screening in telecom infrastructure procurement,resilience_of_asset,0.3834,spds borrowers edition gpn arrange ipf notice undb governed regulations accordance standard,33191006:p00449:c01:split-1|33830968:p00312:c01:split-1|34022655:p00456:c02:split-1|40027697:p00195:c01:split-1|32093931:p00377:c01:split-1
projected-c306,394,94,94,Deploy digital agriculture extension services for advisory and market access,digital_for_resilience,0.3266,equip entrepreneurship smes focuses subcomponents skills pillar literacy enablers stimulate devices enabling,32527137:p00252:c01:split-1|33107441:p00221:c11:split-1|34196069:p00307:c01:split-1|34022655:p00359:c10:split-1|32527137:p00223:c10:split-1
projected-c043,393,120,120,Upgrade and harden government data centers for disaster resilience,resilience_of_asset,0.2043,q1 scheduled fy26 late begin june september august fy23 completed february october,40110459:p00334:c07:split-1|34357064:p00030:c08:split-1|34222788:p00097:c06:split-1|34380714:p00040:c06:split-1|34357064:p00030:c15:split-1
projected-c010,391,81,81,Establish disaster recovery sites and government cloud resilience for continuity of digital services,resilience_of_asset,0.3430,digitize govtech whole transformation accelerate agenda blocks foundations digitalization administration coordinated officials,33118666:p00254:c10:split-1|33602788:p00265:c04:split-1|31866361:p00145:c02:split-1|32093931:p00191:c05:split-1|40109413:p00055:c02:split-1
projected-c167,390,79,79,Establish regional frameworks for cross-border digital resilience cooperation,resilience_of_asset,0.3589,coherence continental recs coordination coordinate coordinating sdm member coordinated wardip focal joint,32321387:p00274:c08:split-1|34428613:p00263:c10:split-1|33830968:p00279:c02:split-1|40081960:p00161:c02:split-1|33753850:p00233:c03:split-1
projected-c037,389,31,31,Issue digital identity credentials to displaced and crisis-affected populations lacking documentation,digital_for_resilience,0.3754,nins nin nimc nigerians holders uin nidp nims nid nadra abis abroad,31747152:p00755:c05:split-1|31747152:p00502:c29:split-1|31747152:p00296:c01:split-1|31747152:p00605:c04:split-1|31747152:p00543:c09:split-1
projected-c206,389,72,72,Address algorithmic fairness and gender exclusion risks in social protection targeting systems,resilience_of_asset,0.2556,seats males females earn versus boys men male tertiary proportion parity employed,32108178:p00184:c03:split-1|32527137:p00159:c03:split-1|32626249:p00472:c02:split-1|32159890:p00184:c05:split-1|33345981:p00449:c06:split-1
projected-c173,385,73,73,Monitor climate vulnerability of digital infrastructure using geospatial and climate projection data,resilience_of_asset,0.4457,topography rainy hurricanes earthquakes cyclones variability tropical typhoons lying geophysical coastline droughts,33813209:p00202:c07:split-1|34310682:p00080:c02:split-1|34397339:p00226:c02:split-1|33812956:p00121:c02:split-1|31338295:p00124:c02:split-1
projected-c057,384,78,78,Deploy digital agriculture extension services for advisory and market access,digital_for_resilience,0.3178,digitalize digitize digitally deliver digitized digitalized uptake enabled centric services innovative delivery,33602788:p00227:c02:split-1|33107441:p00159:c04:split-1|31167658:p00308:c11:split-1|33835348:p00267:c10:split-1|31338295:p00154:c06:split-1
projected-c171,384,74,74,Build digital business continuity capacity for SMEs and micro-enterprises,digital_for_resilience,0.3309,icts diversification pathways unlock enabler entrepreneurship talent accelerating competitiveness economy complemented job,34388773:p00223:c06:split-1|34196069:p00287:c09:split-1|32527137:p00149:c04:split-1|32108178:p00286:c07:split-1|32093931:p00263:c01:split-1
projected-c191,384,72,72,Provide emergency connectivity to displaced populations in humanitarian settings,digital_for_resilience,0.3412,tvets extending rhds unconnected underserved expanding speed unserved hotspots broadband expansion extend,34022655:p00289:c01:split-1|33786588:p00201:c03:split-1|33118666:p00183:c05:split-1|40095037:p00220:c33:split-1|34022655:p00189:c04:split-1
projected-c175,381,107,107,Deploy digital platforms for emergency cash mobilization via mobile money,digital_for_resilience,0.2972,undisbursed xof rwf sdr disbursed cancel stood eur stands cancellation envelope billion,40100650:p00037:c13:split-1|40083718:p00043:c06:split-1|34456824:p00027:c10:split-1|34451087:p00030:c03:split-1|34428382:p00045:c04:split-1
projected-c249,381,88,88,Design oversight and transparency frameworks for parametric trigger calibration and basis risk,digital_for_resilience,0.3960,consistency integrity guarantee proper transparent assurance trust maintain compliance continuity adequate establish,40042661:p00227:c44:split-1|31747152:p00601:c07:split-1|40031410:p00066:c06:split-1|33118666:p00205:c05:split-1|33706639:p00326:c06:split-1
projected-c020,380,75,75,Integrate digital climate risk analytics into public financial management systems,digital_for_resilience,0.3456,budgetary delegation gifmis treasury proposal budget budgets budgeting mocd ifmis mof parliament,33786588:p00460:c02:split-1|33118666:p00444:c02:split-1|34194833:p00325:c11:split-1|31889872:p00399:c03:split-1|34022655:p00521:c02:split-1
projected-c103,380,65,65,Develop national fiber pooling and open access policies for resilient connectivity,resilience_of_asset,0.2669,penetration suggests gdp likewise widely broadband increases fixed increased speed documented point,34196069:p00306:c18:split-1|32626249:p00409:c03:split-1|31866361:p00278:c01:split-1|32108178:p00749:c01:split-1|32626249:p00211:c03:split-1
projected-c052,379,97,97,Design oversight and transparency frameworks for parametric trigger calibration and basis risk,digital_for_resilience,0.2077,recover adapt perform able complete prepare order take reach maintain fully deliver,34275965:p00233:c05:split-1|33786588:p00365:c17:split-1|31167658:p00254:c07:split-1|31338295:p00217:c11:split-1|40037981:p00048:c14:split-1
projected-c192,379,84,84,Incorporate resilience standards and climate screening in telecom infrastructure procurement,resilience_of_asset,0.3822,ethics observe thresholds procuring procured methods bids procurements elaborated procurement packages suppliers,33421881:p00233:c01:split-1|33421881:p00310:c01:split-1|31167658:p00487:c17:split-1|34196134:p00232:c01:split-1|33985963:p00409:c01:split-1
projected-c110,378,90,90,Develop and regularly test government ICT business continuity and disaster recovery plans,resilience_of_asset,0.3186,bold masterplan blueprint ndts vision master articulated num sets ambitious advancing recognizes,33813209:p00136:c01:split-1|33835348:p00269:c12:split-1|32108178:p00582:c02:split-1|33786588:p00359:c04:split-1|34131348:p00139:c01:split-1
projected-c128,378,95,95,Deploy shock-responsive G2P digital payment systems linked to national ID and social registries,digital_for_resilience,0.2640,tf aiib sdc unguaranteed suw ibrd afd counterpart eib sdr equivalent ida,34388773:p00175:c03:split-1|34196069:p00240:c10:split-1|34388773:p00170:c03:split-1|34388773:p00156:c02:split-1|34460895:p00120:c02:split-1
projected-c041,377,75,75,Integrate digital climate risk analytics into public financial management systems,digital_for_resilience,0.2956,invoices chart registers reconciliation recording ipsas accounting segregation asset controls keeping statements,31889872:p00397:c11:split-1|33602788:p00404:c04:split-1|33786588:p00372:c07:split-1|31167658:p00446:c05:split-1|33835348:p00414:c06:split-1
projected-c234,376,74,74,Address algorithmic fairness and gender exclusion risks in social protection targeting systems,resilience_of_asset,0.4658,gbv survivors exploitation sexual lens abuse violence prevention equality sh gender mainstreaming,33937854:p00301:c03:split-1|34103719:p00025:c12:split-1|40013198:p00222:c08:split-1|34222788:p00184:c03:split-1|33835348:p00326:c09:split-1
projected-c235,376,103,103,Design oversight and transparency frameworks for parametric trigger calibration and basis risk,digital_for_resilience,0.1677,none unable removed longer yet currently scope limited implemented used time,31167658:p00131:c06:split-1|34204848:p00212:c02:split-1|33053299:p00160:c07:split-1|31747152:p00663:c03:split-1|34327188:p00099:c31:split-1
projected-c266,375,66,66,Strengthen mobile money agent network resilience for cash-out during disruptions,resilience_of_asset,0.2441,repercussions downturn imbalances exacerbating contraction worsening slowdown pressures outlook inflows recession disrupted,32159890:p00194:c05:split-1|32971756:p00721:c15:split-1|32321387:p00128:c11:split-1|31866361:p00133:c23:split-1|33937854:p00453:c10:split-1
projected-c001,373,80,80,Upgrade and harden government data centers for disaster resilience,resilience_of_asset,0.3162,govnet warning deploying stp argentina assist dpi wide contribute cybersecurity foundations optic,34460895:p00130:c07:split-1|34228623:p00158:c11:split-1|40031410:p00110:c04:split-1|31866361:p00194:c05:split-1|31167658:p00198:c07:split-1
projected-c204,371,78,78,Develop and regularly test government ICT business continuity and disaster recovery plans,resilience_of_asset,0.3070,br gov bus courts gifmis portal shop g2b egovernment gp filing stop,31866361:p00179:c04:split-1|33835348:p00233:c05:split-1|33706639:p00369:c10:split-1|34228623:p00360:c04:split-1|33812956:p00203:c05:split-1
projected-c289,370,76,76,Establish disaster recovery sites and government cloud resilience for continuity of digital services,resilience_of_asset,0.4231,seamless securely duplication cloud shared interoperability govnet migration wide common computing hosting,40072597:p00107:c13:split-1|34310682:p00139:c07:split-1|40105151:p00078:c11:split-1|34201758:p00257:c14:split-1|31866361:p00268:c14:split-1
projected-c097,369,77,77,Diversify equipment vendor dependencies for telecom supply chain resilience,resilience_of_asset,0.3043,save lowering reductions reduce reducing optimize copper savings costs consumption reduced saving,31866282:p00172:c11:split-1|33822742:p00151:c05:split-1|33812956:p00144:c18:split-1|40037981:p00037:c24:split-1|34131348:p00235:c03:split-1
projected-c108,369,71,71,Address algorithmic fairness and gender exclusion risks in social protection targeting systems,resilience_of_asset,0.2650,reside forced excluded living unable displaced live otherwise marginalized exclusion care often,33786588:p00212:c04:split-1|33118666:p00251:c05:split-1|33822742:p00150:c10:split-1|31866361:p00424:c15:split-1|33191006:p00262:c13:split-1
projected-c160,366,75,75,Integrate digital climate risk analytics into public financial management systems,digital_for_resilience,0.4348,paris ndcs nationally ndc nap ccdr decarbonization determined contributions adaptation goals contribution,32626249:p00232:c02:split-1|34228623:p00241:c01:split-1|34327188:p00220:c16:split-1|34196134:p00219:c01:split-1|34275965:p00172:c01:split-1
projected-c174,363,59,59,Build submarine cable redundancy through diverse routing,resilience_of_asset,0.3296,wacren principe nrens casamance groundnut basin tom ethernet ncipe station gabonese landing,40013198:p00131:c03:split-1|40087727:p00114:c16:split-1|40115059:p00715:c18:split-1|34049907:p00240:c02:split-1|34196069:p00159:c09:split-1
projected-c188,363,64,64,Scale mobile money for post-disaster person-to-person remittances,digital_for_resilience,0.2212,subsistence characterized fragile scarcity instability prospects insecurity concentrated informal inequality oil persistent,33937854:p00119:c03:split-1|34196134:p00092:c06:split-1|34429409:p00097:c08:split-1|33985963:p00121:c20:split-1|34201758:p00102:c01:split-1
projected-c066,360,95,95,Incorporate resilience standards and climate screening in telecom infrastructure procurement,resilience_of_asset,0.2464,closing extension date deadline dates extend gif extended june month december january,34428382:p00041:c04:split-1|40095037:p00139:c03:split-1|34203125:p00036:c04:split-1|40109413:p00062:c01:split-1|34440132:p00050:c01:split-1
projected-c198,360,95,95,Design oversight and transparency frameworks for parametric trigger calibration and basis risk,digital_for_resilience,0.2746,draws theory takes lessons builds designed reflects design complex structure cerc parent,31167658:p00202:c01:split-1|32159893:p00237:c08:split-1|33813209:p00325:c01:split-1|33107441:p00291:c06:split-1|32093931:p00382:c02:split-1
projected-c102,359,62,62,Deploy telemedicine and digital health platforms for continued healthcare access during crises,digital_for_resilience,0.2946,coronavirus containment outbreak closures invasion ukraine pandemic wake lockdown russia posed covid,34021975:p00026:c03:split-1|32971756:p00540:c05:split-1|33812956:p00241:c06:split-1|33118666:p00153:c02:split-1|34049907:p00385:c05:split-1
projected-c130,359,72,72,Develop and regularly test government ICT business continuity and disaster recovery plans,resilience_of_asset,0.3246,lr gui bj ma regionally enterprise cert map drafting ta architecture gb,33118666:p00223:c01:split-1|33706639:p00202:c01:split-1|34388773:p00192:c01:split-1|33835348:p00218:c07:split-1|34049907:p00257:c01:split-1
projected-c093,357,83,83,Upgrade and harden government data centers for disaster resilience,resilience_of_asset,0.3142,capacities strengthen capacity build enforcement ability enhance improve building boost strengthening institutional,34049907:p00461:c11:split-1|34327188:p00197:c23:split-1|33815663:p00243:c02:split-1|34429409:p00183:c03:split-1|34388773:p00208:c10:split-1
projected-c144,357,78,78,Design oversight and transparency frameworks for parametric trigger calibration and basis risk,digital_for_resilience,0.3232,feasibility study assess preparatory studies preliminary options determine mapping pilot determined analysis,33844146:p00203:c03:split-1|33602788:p00604:c03:split-1|33844146:p00234:c14:split-1|32626249:p00363:c07:split-1|33107441:p00499:c01:split-1
projected-c148,357,71,71,Incorporate resilience standards and climate screening in telecom infrastructure procurement,resilience_of_asset,0.2687,attracting crowd attract incentivize stimulate attractive investors investment private catalyze foreign encourage,32159893:p00345:c05:split-1|33844146:p00257:c05:split-1|32971756:p00198:c10:split-1|40080119:p00160:c03:split-1|34196069:p00208:c04:split-1
projected-c139,356,74,74,Integrate digital climate risk analytics into public financial management systems,digital_for_resilience,0.3825,pfmu oagf fmis syscohada fpm fpfmd documented fmm budgeting pfm controls fm,33813209:p00305:c01:split-1|34429409:p00229:c01:split-1|40087727:p00225:c03:split-1|33813209:p00244:c01:split-1|34049907:p00474:c02:split-1
projected-c146,356,100,100,Develop and regularly test government ICT business continuity and disaster recovery plans,resilience_of_asset,0.2404,moh affairs moe prime interior minepia justice minister ministry mof ministries moj,33813209:p00230:c16:split-1|33813209:p00301:c03:split-1|31167658:p00385:c15:split-1|34370345:p00084:c04:split-1|34004583:p00023:c11:split-1
projected-c114,355,67,67,Address algorithmic fairness and gender exclusion risks in social protection targeting systems,resilience_of_asset,0.4684,devoted lens emphasize sex disaggregated attention female participants pwds gender special equal,32093931:p00388:c22:split-1|33753850:p00220:c03:split-1|33191006:p00217:c01:split-1|33706639:p00291:c07:split-1|33937854:p00308:c02:split-1
projected-c042,353,76,76,Build digital business continuity capacity for SMEs and micro-enterprises,digital_for_resilience,0.3297,fueled increasingly rapidly technologies digitally greater accelerated adoption enabled models smes commerce,32626249:p00418:c04:split-1|33118666:p00294:c04:split-1|34338772:p00137:c10:split-1|33815663:p00281:c05:split-1|34394311:p00082:c02:split-1
projected-c201,353,69,69,Deploy digital agriculture extension services for advisory and market access,digital_for_resilience,0.2574,lags underdeveloped uneven nascent constrained peers behind barrier divide faces lacks uptake,34218724:p00099:c04:split-1|34338772:p00147:c16:split-1|33822742:p00154:c08:split-1|33844146:p00130:c06:split-1|33830968:p00155:c01:split-1
projected-c158,352,83,83,Deploy digital agriculture extension services for advisory and market access,digital_for_resilience,0.2421,cscs providers delivered service retail deliver agreements advisory offer consulting services cr,40100544:p00127:c18:split-1|33835348:p00162:c06:split-1|40072597:p00092:c03:split-1|31338295:p00164:c08:split-1|40007594:p00041:c06:split-1
projected-c231,352,83,83,Design oversight and transparency frameworks for parametric trigger calibration and basis risk,digital_for_resilience,0.3689,sort ran sensitivity estimation evaluated relies score analyses evaluations assumptions treatment reasonable,34049907:p00349:c01:split-1|33830968:p00309:c01:split-1|34049898:p00315:c05:split-1|40095037:p00190:c10:split-1|33822742:p00330:c03:split-1
projected-c055,351,77,77,Develop national fiber pooling and open access policies for resilient connectivity,resilience_of_asset,0.4129,harmonize harmonized regulatory frameworks vibrant legal cybercrime harmonization regulation modernize conducive laws,32093931:p00160:c02:split-1|33859017:p00040:c04:split-1|40110459:p00319:c04:split-1|34397339:p00169:c05:split-1|32108178:p00159:c02:split-1
projected-c263,351,72,72,"Implement AI and satellite-based measurement, reporting, and verification for climate commitments",digital_for_resilience,0.4390,greenhouse ghg emissions tons co2 gas emission usual footprint carbon generators minimizing,33812956:p00187:c14:split-1|33753850:p00186:c02:split-1|40115059:p00719:c09:split-1|34388773:p00169:c05:split-1|33937854:p00586:c13:split-1
projected-c030,350,86,86,Design oversight and transparency frameworks for parametric trigger calibration and basis risk,digital_for_resilience,0.1918,lr bj ga ma bcc gb iv ii iii indicator pdo people,33835348:p00219:c01:split-1|33835348:p00196:c01:split-1|32093931:p00192:c01:split-1|33835348:p00203:c01:split-1|33844146:p00201:c01:split-1
projected-c196,348,65,65,Develop and regularly test government ICT business continuity and disaster recovery plans,resilience_of_asset,0.2279,lacks outdated absence lebanon fragmented lack insufficient limits still despite weak trusted,34388773:p00121:c07:split-1|33835349:p00141:c10:split-1|31338295:p00134:c01:split-1|34428613:p00107:c02:split-1|34460895:p00097:c02:split-1
projected-c233,346,90,90,Develop sovereign cloud and data residency policies for government continuity,resilience_of_asset,0.3651,ambition whole goi buy gob highest governments priorities committed government ability gog,33835348:p00147:c01:split-1|32159893:p00218:c02:split-1|33107441:p00505:c03:split-1|40028045:p00117:c12:split-1|33862093:p00191:c11:split-1
projected-c064,345,61,61,Diversify equipment vendor dependencies for telecom supply chain resilience,resilience_of_asset,0.3100,incentive commercially failure limits isps sps missing alone smaller retail presents limit,40110459:p00312:c07:split-1|34394311:p00189:c11:split-1|32321387:p00358:c16:split-1|32321387:p00360:c01:split-1|34194833:p00301:c03:split-1
projected-c162,344,33,33,Deploy digital agriculture extension services for advisory and market access,digital_for_resilience,0.5673,maize rice smallholder shea vegetables farmer farmers fertilizer crop crops smallholders livestock,31167658:p00199:c06:split-1|31167658:p00620:c05:split-1|31167658:p00621:c04:split-1|31167658:p00249:c08:split-1|31167658:p00615:c08:split-1
projected-c176,342,46,46,Establish regional frameworks for cross-border digital resilience cooperation,resilience_of_asset,0.4767,afcfta harmonized continent commerce position trade sdm leader border roaming harmonization integration,32108178:p00192:c05:split-1|34338772:p00276:c04:split-1|34338772:p00118:c06:split-1|32108178:p00189:c20:split-1|40087727:p00099:c15:split-1
projected-c216,341,66,66,Develop national fiber pooling and open access policies for resilient connectivity,resilience_of_asset,0.3799,incentivize crowd crowding mobilize unlock attract stimulating invest catalyze ensured encourage catalytic,33786588:p00221:c03:split-1|40052992:p00146:c03:split-1|34338772:p00157:c04:split-1|34428613:p00122:c11:split-1|40042661:p00105:c19:split-1
projected-c012,340,98,98,Integrate digital climate risk analytics into public financial management systems,digital_for_resilience,0.2904,ifis credits aiib eib afd reconstruction retroactive ibrd ida loans miga financing,40077325:p00052:c03:split-1|34049907:p00303:c02:split-1|34196069:p00261:c02:split-1|32527137:p00140:c03:split-1|33835349:p00247:c04:split-1
projected-c014,340,81,81,Incorporate resilience standards and climate screening in telecom infrastructure procurement,resilience_of_asset,0.4008,bidder advantageous tendering bidders winning bid tenders tender bidding bids competitive auction,32971756:p00248:c05:split-1|34022655:p00362:c10:split-1|33815663:p00222:c08:split-1|33815663:p00235:c07:split-1|33107441:p00483:c03:split-1
projected-c086,339,88,88,Design oversight and transparency frameworks for parametric trigger calibration and basis risk,digital_for_resilience,0.2525,dgted ia moitt mocit ootr agency implementing nita mict focal secretariat mcit,34201758:p00213:c02:split-1|34388773:p00243:c02:split-1|33813209:p00255:c01:split-1|33786588:p00376:c01:split-1|33835349:p00253:c01:split-1
projected-c015,338,76,76,Develop national fiber pooling and open access policies for resilient connectivity,resilience_of_asset,0.2891,academia collaborate synergies encourage fostering mobilize foster innovative initiatives innovation drive partnerships,33813209:p00149:c20:split-1|32626249:p00377:c13:split-1|33786588:p00182:c10:split-1|32527137:p00251:c14:split-1|34394311:p00170:c05:split-1
projected-c140,338,111,111,Develop and regularly test government ICT business continuity and disaster recovery plans,resilience_of_asset,0.1633,continues earlier yet continue much now remain largely remains continued despite still,40013198:p00190:c02:split-1|34131348:p00134:c09:split-1|32108178:p00153:c05:split-1|33118666:p00149:c05:split-1|33602788:p00131:c10:split-1
projected-c007,337,80,80,Integrate digital climate risk analytics into public financial management systems,digital_for_resilience,0.2632,arme reinforced building capacity strengthened dinas institutional capacities officials mitigated strengthening participating,31747152:p00607:c01:split-1|32527137:p00234:c01:split-1|34201758:p00129:c03:split-1|33786588:p00340:c11:split-1|34397339:p00169:c04:split-1
projected-c025,337,109,109,Design oversight and transparency frameworks for parametric trigger calibration and basis risk,digital_for_resilience,0.2328,outlive timeframe closure beyond cycle duration envisaged continue closing life remaining date,34254903:p00256:c03:split-1|33822742:p00185:c10:split-1|34397339:p00223:c07:split-1|33602788:p00560:c10:split-1|32108178:p00736:c06:split-1
projected-c281,337,77,77,Design oversight and transparency frameworks for parametric trigger calibration and basis risk,digital_for_resilience,0.2867,interviews comparative learned deployments lessons analytical elsewhere tz convening experiences id4d draws,34327188:p00189:c01:split-1|31338295:p00203:c01:split-1|33985963:p00290:c09:split-1|40034360:p00143:c05:split-1|33786588:p00359:c02:split-1
projected-c138,336,86,86,Deploy shock-responsive G2P digital payment systems linked to national ID and social registries,digital_for_resilience,0.2608,believe afdb lending world adversely financed bank portfolio funded wbg wb ifc,33706639:p00411:c03:split-1|33602788:p00292:c03:split-1|32321387:p00426:c13:split-1|33937854:p00311:c04:split-1|31889872:p00412:c06:split-1
projected-c245,336,71,71,Diversify equipment vendor dependencies for telecom supply chain resilience,resilience_of_asset,0.2472,diversify generating stimulate job boosting incomes generate jobs diversification prosperity productivity growth,40100544:p00108:c13:split-1|34049907:p00139:c08:split-1|33118666:p00291:c14:split-1|33118666:p00360:c11:split-1|32527137:p00129:c06:split-1
projected-c063,335,64,64,Integrate digital climate risk analytics into public financial management systems,digital_for_resilience,0.3227,taxpayers transparency customs accountability leakages tax pfm modernize revenue corruption transparent efficiency,40119486:p00009:c08:split-1|33706639:p00369:c13:split-1|33191006:p00171:c02:split-1|33753850:p00191:c02:split-1|33421881:p00345:c08:split-1
projected-c081,335,98,98,Design oversight and transparency frameworks for parametric trigger calibration and basis risk,digital_for_resilience,0.3282,lesson theory lessons assumptions builds idea figure pillar approach interventions context change,31747152:p00677:c20:split-1|34397339:p00214:c02:split-1|34228623:p00224:c07:split-1|31167658:p00376:c18:split-1|32971756:p00281:c03:split-1
projected-c185,335,62,62,Design social registries with dynamic expansion capability for rapid shock response,digital_for_resilience,0.1880,malicious calls software cloud platform specialist number electronic user center users identification,33937854:p00415:c01:split-1|33118666:p00236:c01:split-1|33602788:p00381:c01:split-1|33602788:p00380:c01:split-1|31747152:p00595:c01:split-1
projected-c283,335,83,83,Integrate digital climate risk analytics into public financial management systems,digital_for_resilience,0.2573,furnished furnish semester quarter calendar days submitted semiannual six audited unaudited later,34428613:p00244:c14:split-1|33421881:p00306:c08:split-1|31167658:p00450:c10:split-1|33815663:p00443:c05:split-1|34196069:p00408:c04:split-1
projected-c299,334,76,76,Upgrade and harden government data centers for disaster resilience,resilience_of_asset,0.2662,delivery improve quality service deliver healthcare improving efficiency improved better enhance efficient,31338295:p00197:c10:split-1|34022655:p00388:c08:split-1|33421881:p00166:c03:split-1|34397339:p00383:c04:split-1|31338295:p00204:c06:split-1
projected-c051,333,84,84,Design oversight and transparency frameworks for parametric trigger calibration and basis risk,digital_for_resilience,0.3920,mitigate mitigated risks complexity extensive considered nature moderate risk elements reviewed assessed,32108178:p00320:c07:split-1|33822742:p00289:c10:split-1|33862093:p00298:c15:split-1|33706639:p00432:c01:split-1|31747152:p00234:c03:split-1
projected-c254,333,63,63,Ensure cybersecurity of digital payment platforms and mobile money rails,resilience_of_asset,0.5090,cashless transact accept wallets wallet merchants wholesalers acceptance remittances payments payment money,40052992:p00109:c06:split-1|40052992:p00188:c15:split-1|32108178:p00601:c02:split-1|40028045:p00230:c16:split-1|33602788:p00493:c32:split-1
projected-c111,330,86,86,Incorporate resilience standards and climate screening in telecom infrastructure procurement,resilience_of_asset,0.3671,combating deliverables bid specifications bidding envisaged procured preventing consultancy reference carrying proposals,33191006:p00482:c06:split-1|33786588:p00376:c02:split-1|33786588:p00519:c02:split-1|33107441:p00399:c04:split-1|34310682:p00259:c03:split-1
projected-c182,330,91,91,Deploy shock-responsive G2P digital payment systems linked to national ID and social registries,digital_for_resilience,0.3421,refund denominated paid fee amounts student reimbursement loans dollars pay fees payments,32971756:p00200:c15:split-1|33862093:p00415:c08:split-1|40100544:p00206:c10:split-1|33937854:p00398:c03:split-1|34131348:p00314:c13:split-1
projected-c242,329,68,68,Diversify equipment vendor dependencies for telecom supply chain resilience,resilience_of_asset,0.2824,ecommerce economies markets enter chains trade customers engage larger attract expand companies,33835349:p00262:c06:split-1|40072597:p00123:c14:split-1|40072597:p00092:c08:split-1|32971756:p00300:c10:split-1|31167658:p00130:c04:split-1
projected-c074,328,78,78,Upgrade and harden government data centers for disaster resilience,resilience_of_asset,0.3006,campus lgas endline wifi km length tvets connected schools terrestrial fttp localities,34228859:p00025:c19:split-1|34022655:p00241:c02:split-1|40034360:p00232:c36:split-1|34354456:p00039:c03:split-1|40105675:p00077:c03:split-1
projected-c197,328,87,87,Use anonymized mobile network data for real-time population displacement tracking during disasters,digital_for_resilience,0.2450,malicious calls deaths numbers nearly reported number cases registered total approximately emergencies,33822742:p00140:c04:split-1|40100544:p00104:c11:split-1|31889872:p00364:c04:split-1|32108178:p00251:c03:split-1|34303107:p00077:c10:split-1
projected-c181,327,81,81,"Implement AI and satellite-based measurement, reporting, and verification for climate commitments",digital_for_resilience,0.3164,measured midterm measurement satisfaction tracked measuring monitored surveys indicators gems intermediate achievement,34397339:p00186:c34:split-1|34428613:p00276:c01:split-1|34196069:p00284:c04:split-1|31167658:p00510:c02:split-1|31747152:p00291:c01:split-1
projected-c186,326,86,86,Design oversight and transparency frameworks for parametric trigger calibration and basis risk,digital_for_resilience,0.2433,copcd pmu pit pcu moitt mfdp deputy msas ecsu mcten secti ugpe,34310682:p00173:c03:split-1|34429409:p00203:c01:split-1|33844146:p00265:c01:split-1|32527137:p00293:c13:split-1|33813209:p00230:c06:split-1
projected-c005,324,79,79,Design oversight and transparency frameworks for parametric trigger calibration and basis risk,digital_for_resilience,0.3514,pims pim pom sops detail composition tors lmp tor roles format rpf,34049907:p00476:c03:split-1|31747152:p00350:c07:split-1|31866361:p00351:c14:split-1|33191006:p00462:c02:split-1|33813209:p00298:c15:split-1
projected-c143,324,89,89,"Enable digital credit, savings, and microinsurance products to build household liquidity buffers",digital_for_resilience,0.2684,front financially invest sustain investments capex viability cash matching cover capital revenues,34218724:p00160:c05:split-1|33753850:p00240:c05:split-1|40031410:p00110:c02:split-1|40031410:p00129:c05:split-1|33822742:p00289:c08:split-1
projected-c150,324,88,88,Design social registries with dynamic expansion capability for rapid shock response,digital_for_resilience,0.2617,installed deploying deployed deploy operate upgrade software specifications hardware deployment operational power,32093931:p00311:c29:split-1|34338772:p00175:c03:split-1|32527137:p00189:c13:split-1|34440132:p00046:c10:split-1|33937854:p00164:c08:split-1
projected-c075,323,86,86,Design oversight and transparency frameworks for parametric trigger calibration and basis risk,digital_for_resilience,0.2910,integrate implement processes architecture transition manage adopt complex change systems effectively accelerate,34049898:p00285:c25:split-1|31338295:p00339:c18:split-1|34196069:p00491:c09:split-1|31747152:p00684:c11:split-1|40113005:p00050:c28:split-1
projected-c092,323,64,64,Upgrade and harden government data centers for disaster resilience,resilience_of_asset,0.5908,resistant proofing aftermath resilient uninterrupted resilience resiliency preparedness flood disaster driver weather,34275965:p00095:c02:split-1|33118666:p00263:c16:split-1|34388773:p00275:c06:split-1|33107441:p00626:c03:split-1|33844146:p00189:c02:split-1
projected-c142,323,75,75,Design oversight and transparency frameworks for parametric trigger calibration and basis risk,digital_for_resilience,0.2873,tribunal workplan auditor opinion auditors audited supreme audit auditing statements audits qualification,33830968:p00383:c06:split-1|33862093:p00285:c03:split-1|34327188:p00243:c07:split-1|34254903:p00185:c01:split-1|32626249:p00309:c02:split-1
projected-c211,322,82,82,Design oversight and transparency frameworks for parametric trigger calibration and basis risk,digital_for_resilience,0.2770,throughout involved cycle implemented implementation implement arrangements figure implementing actions effectiveness table,31747152:p00583:c11:split-1|33822742:p00290:c25:split-1|33830968:p00314:c06:split-1|34310682:p00197:c04:split-1|31747152:p00744:c05:split-1
projected-c121,321,96,96,Deploy digital platforms for emergency cash mobilization via mobile money,digital_for_resilience,0.2992,uncommitted funding student spending eligible rapid funds expenditures fund fees reallocation subsidy,31167658:p00452:c08:split-1|34429409:p00210:c06:split-1|33813209:p00308:c15:split-1|33813209:p00308:c06:split-1|34218724:p00124:c05:split-1
projected-c312,320,73,73,Deploy shock-responsive G2P digital payment systems linked to national ID and social registries,digital_for_resilience,0.2828,fy17 fy18 fy16 fy25 twin fy21 cpf fy19 partnership ending fy22 fcv,33844146:p00160:c01:split-1|32527137:p00144:c01:split-1|34131348:p00155:c01:split-1|32626249:p00144:c01:split-1|33815663:p00171:c01:split-1
projected-c179,319,65,65,Establish infrastructure sharing and emergency roaming policies between telecom operators,resilience_of_asset,0.3550,airtel kt safaricom orange digicel mtn monopoly ethio camtel dominant mnos privatization,33844146:p00315:c04:split-1|34194833:p00107:c06:split-1|33815663:p00277:c05:split-1|34228623:p00148:c17:split-1|33835348:p00142:c07:split-1
projected-c221,319,80,80,Build redundancy in payment processing infrastructure with backup and failover systems,resilience_of_asset,0.1830,opex diem rental capex assumed incremental recurrent expenses costs optical fees operating,40031410:p00033:c08:split-1|31866361:p00257:c14:split-1|40072597:p00144:c05:split-1|31338295:p00368:c03:split-1|33191006:p00469:c06:split-1
projected-c205,318,48,48,Design social registries with dynamic expansion capability for rapid shock response,digital_for_resilience,0.3965,enrollments registrants enrollment enroll enrolling agents eligibility mass offline perform partners registration,31747152:p00479:c06:split-1|31747152:p00644:c10:split-1|34440132:p00041:c12:split-1|31747152:p00564:c03:split-1|31747152:p00342:c21:split-1
projected-c170,317,84,84,Design oversight and transparency frameworks for parametric trigger calibration and basis risk,digital_for_resilience,0.2745,indicator indicators cris intermediate scorecard rationale corporate replaced deleted changed dropped pdo,34325711:p00041:c01:split-1|40099485:p00041:c02:split-1|34380807:p00076:c03:split-1|40036851:p00044:c04:split-1|40031410:p00073:c06:split-1
projected-c040,316,94,94,Design oversight and transparency frameworks for parametric trigger calibration and basis risk,digital_for_resilience,0.3002,page official tz rcip pim wardip risa sop pcu rnp ifrs section,34196069:p00284:c11:split-1|33706639:p00345:c03:split-1|33786588:p00342:c11:split-1|31167658:p00487:c18:split-1|33830968:p00385:c04:split-1
projected-c180,316,72,72,Design oversight and transparency frameworks for parametric trigger calibration and basis risk,digital_for_resilience,0.2806,reforms reform amendments legislative modernizing legislation laws introduce implement cr necessary legal,40110459:p00385:c02:split-1|40045816:p00413:c14:split-1|33706639:p00137:c06:split-1|34275965:p00195:c10:split-1|32093931:p00305:c12:split-1
projected-c224,316,79,79,Establish data protection and consent protocols for beneficiary registries used in emergency disbursements,resilience_of_asset,0.2964,cleared objection acceptable negotiations reviewed agreed submitted website tor publicly world wb,31167658:p00487:c20:split-1|33706639:p00567:c03:split-1|32159893:p00558:c03:split-1|32527137:p00230:c08:split-1|32108178:p00414:c09:split-1
projected-c228,316,71,71,Integrate digital climate risk analytics into public financial management systems,digital_for_resilience,0.2595,consultancies assistance consultancy ta advisory package preparatory finance consulting technical missions transaction,31747152:p00563:c02:split-1|33862093:p00215:c02:split-1|40087727:p00172:c02:split-1|33345981:p00186:c06:split-1|33813209:p00190:c04:split-1
projected-c262,315,48,48,Establish regional frameworks for cross-border digital resilience cooperation,resilience_of_asset,0.3209,ecowas comesa recs eac igad saa member waemu union southern au oecs,34022655:p00379:c14:split-1|34196069:p00178:c02:split-1|40078552:p00034:c05:split-1|34194833:p00181:c06:split-1|40087727:p00154:c03:split-1
projected-c154,314,83,83,Design oversight and transparency frameworks for parametric trigger calibration and basis risk,digital_for_resilience,0.2889,restructured unchanged removed restructuring theory changes adjust cancellation revise scope amended reflect,34218724:p00084:c08:split-1|34380807:p00025:c05:split-1|34222788:p00264:c01:split-1|40110522:p00056:c04:split-1|34443340:p00047:c01:split-1
projected-c229,314,92,92,Design oversight and transparency frameworks for parametric trigger calibration and basis risk,digital_for_resilience,0.2529,restructuring rationale seeks mtr second cancellation request paper proposed nta changes follows,34004583:p00030:c09:split-1|40105151:p00049:c03:split-1|40110522:p00051:c07:split-1|34456824:p00079:c02:split-1|40105675:p00125:c19:split-1
projected-c203,313,110,110,Design oversight and transparency frameworks for parametric trigger calibration and basis risk,digital_for_resilience,0.3215,adjusted accordingly adjustments reflect amended rf finalized revision updated revised discussed changes,33813209:p00245:c10:split-1|31338295:p00247:c12:split-1|32044477:p00036:c03:split-1|34357064:p00043:c23:split-1|34451087:p00037:c03:split-1
projected-c019,312,105,105,Design oversight and transparency frameworks for parametric trigger calibration and basis risk,digital_for_resilience,0.2388,cancel sequencing cancelled reflect af align scope planned manage scale cover priority,34327188:p00244:c15:split-1|33835349:p00239:c11:split-1|34460952:p00030:c17:split-1|34196069:p00157:c08:split-1|40037981:p00084:c04:split-1
projected-c215,312,86,86,Strengthen mobile money agent network resilience for cash-out during disruptions,resilience_of_asset,0.2370,causing workload indicating limiting resulting cannot leading caused delays disruptions ability failure,34196069:p00453:c14:split-1|33191006:p00480:c10:split-1|33844146:p00151:c09:split-1|40110459:p00229:c09:split-1|40034360:p00157:c10:split-1
projected-c270,312,70,70,Integrate digital climate risk analytics into public financial management systems,digital_for_resilience,0.2032,deficit grow projected fy20 fy19 fy22 gdp decline reaching fy23 fy21 product,33985963:p00124:c09:split-1|34428613:p00102:c11:split-1|34022655:p00139:c07:split-1|34327188:p00090:c04:split-1|33602788:p00139:c05:split-1
projected-c044,311,78,78,Design oversight and transparency frameworks for parametric trigger calibration and basis risk,digital_for_resilience,0.3457,oversee perform responsibilities monitor timely manage assurance maintain functions closely issues manner,34196069:p00394:c13:split-1|34049898:p00269:c04:split-1|33937854:p00418:c03:split-1|34388773:p00219:c17:split-1|40045816:p00186:c02:split-1
projected-c260,311,80,80,Design oversight and transparency frameworks for parametric trigger calibration and basis risk,digital_for_resilience,0.2500,iv iii ii mapping operationalization recommendations roadmap feasibility architecture develop study design,33753850:p00228:c09:split-1|33985963:p00280:c16:split-1|32321387:p00252:c01:split-1|31167658:p00611:c15:split-1|33812956:p00250:c07:split-1
projected-c099,309,92,92,Incorporate resilience standards and climate screening in telecom infrastructure procurement,resilience_of_asset,0.2944,pom manual fmm pim forth covenant pad awpb appraisal operations outlined description,34338772:p00218:c13:split-1|34380714:p00041:c05:split-1|40042661:p00201:c09:split-1|34327188:p00271:c08:split-1|33345981:p00239:c10:split-1
projected-c168,309,96,96,Develop sovereign cloud and data residency policies for government continuity,resilience_of_asset,0.2691,begun goe elections sought gog gou demonstrated steps started gon gos bangladesh,40105151:p00051:c10:split-1|34222788:p00100:c01:split-1|32321387:p00219:c04:split-1|34131348:p00152:c09:split-1|33822742:p00148:c10:split-1
projected-c274,309,71,71,Develop national fiber pooling and open access policies for resilient connectivity,resilience_of_asset,0.3350,upstream regulatory regulator legal frameworks drafting legislative harmonization laws legislation modernization regulation,34196069:p00202:c01:split-1|33345981:p00201:c03:split-1|33706639:p00187:c01:split-1|34049907:p00236:c04:split-1|32108178:p00197:c03:split-1
projected-c073,308,83,83,Design oversight and transparency frameworks for parametric trigger calibration and basis risk,digital_for_resilience,0.2728,reasons highlights need however instance requires needed thus therefore important furthermore needs,33602788:p00599:c07:split-1|32159893:p00534:c05:split-1|33812956:p00234:c04:split-1|32108178:p00584:c08:split-1|34196134:p00105:c08:split-1
projected-c080,307,85,85,Design oversight and transparency frameworks for parametric trigger calibration and basis risk,digital_for_resilience,0.2128,geostat pessimistic optimistic figures neutral conservative scenario baseline https percentage survey percent,33107441:p00180:c11:split-1|32971756:p00133:c08:split-1|40013198:p00345:c02:split-1|33753850:p00325:c21:split-1|34310682:p00202:c09:split-1
projected-c269,307,78,78,Deploy digital platforms for emergency cash mobilization via mobile money,digital_for_resilience,0.3241,finisa student hardware device finance fund fayda fees acquisition equipment scheme loans,34049907:p00265:c08:split-1|33602788:p00233:c01:split-1|33602788:p00231:c04:split-1|33813209:p00198:c09:split-1|33602788:p00250:c03:split-1
projected-c244,305,73,73,Design oversight and transparency frameworks for parametric trigger calibration and basis risk,digital_for_resilience,0.3029,irreversible habitats reversible dust environmentally heritage magnitude biodiversity noise predictable manageable temporary,33345981:p00318:c01:split-1|33985963:p00348:c05:split-1|33985963:p00360:c01:split-1|40072597:p00208:c03:split-1|33706639:p00400:c18:split-1
projected-c285,305,115,115,Design oversight and transparency frameworks for parametric trigger calibration and basis risk,digital_for_resilience,0.2554,mission phases missions phased completed months covering completion schedule effectiveness first phase,40100650:p00059:c03:split-1|33830968:p00321:c07:split-1|40034360:p00161:c03:split-1|40055094:p00054:c04:split-1|33830968:p00329:c65:split-1
projected-c287,305,81,81,Upgrade and harden government data centers for disaster resilience,resilience_of_asset,0.3149,renovation rehabilitation refurbishment construction buildings works minor roads land acquisition underground installation,33822742:p00291:c03:split-1|31167658:p00318:c06:split-1|34196134:p00259:c04:split-1|33107441:p00282:c05:split-1|32159893:p00263:c31:split-1
projected-c278,304,79,79,Establish infrastructure sharing and emergency roaming policies between telecom operators,resilience_of_asset,0.4724,arcep spectrum defining regulator regulators interconnection drafting licensing regulation alia telecom consumer,40052992:p00147:c22:split-1|34429409:p00183:c02:split-1|34397339:p00177:c03:split-1|33753850:p00242:c07:split-1|33345981:p00202:c04:split-1
projected-c301,303,78,78,Incorporate resilience standards and climate screening in telecom infrastructure procurement,resilience_of_asset,0.3370,officer staffed advisor ciu specialist kfsu senior officers consultant assistant head recruited,33815663:p00454:c03:split-1|33830968:p00313:c02:split-1|33830968:p00425:c04:split-1|33835348:p00318:c07:split-1|31167658:p00359:c01:split-1
projected-c113,302,85,85,Deploy shock-responsive G2P digital payment systems linked to national ID and social registries,digital_for_resilience,0.2564,supports pillar help assistance ongoing phase partners build efforts proposed programs strengthen,33706639:p00330:c02:split-1|33706639:p00333:c03:split-1|33706639:p00266:c02:split-1|33815663:p00171:c11:split-1|34049898:p00278:c02:split-1
projected-c220,302,73,73,Establish infrastructure sharing and emergency roaming policies between telecom operators,resilience_of_asset,0.4260,regulate arcep passage regulator harmful governing proclamation enacted cybercrime telecoms comcom law,33753850:p00171:c03:split-1|34049907:p00236:c05:split-1|32971756:p00283:c15:split-1|40109413:p00052:c17:split-1|33786588:p00203:c04:split-1
projected-c292,302,85,85,Diversify equipment vendor dependencies for telecom supply chain resilience,resilience_of_asset,0.2683,maximize scaling uptake boost accelerate expand increase generate scale reach demand positive,32321387:p00229:c11:split-1|34380807:p00038:c10:split-1|34338772:p00147:c34:split-1|34429409:p00173:c10:split-1|34397339:p00222:c22:split-1
projected-c088,301,57,57,Deploy digital platforms for emergency cash mobilization via mobile money,digital_for_resilience,0.2940,tigray freddy tensions cyclone insecurity hurricane province horn displaced war severely conflict,33844146:p00120:c08:split-1|34201758:p00094:c02:split-1|34194833:p00096:c07:split-1|34049907:p00637:c10:split-1|33835348:p00124:c07:split-1
projected-c117,301,77,77,Design oversight and transparency frameworks for parametric trigger calibration and basis risk,digital_for_resilience,0.3752,mitigations mitigation mitigating measures mitigated lock discussed carbon mitigate risks put taken,34049907:p00506:c05:split-1|32527137:p00384:c01:split-1|34397339:p00243:c26:split-1|32971756:p00309:c09:split-1|32971756:p00303:c17:split-1
projected-c250,300,108,108,Design oversight and transparency frameworks for parametric trigger calibration and basis risk,digital_for_resilience,0.2151,encountered delay delayed delays slow slower faced slowed compounded problem resulted earlier,40055094:p00047:c02:split-1|34049898:p00402:c10:split-1|40028045:p00179:c03:split-1|34307768:p00045:c04:split-1|40097306:p00035:c01:split-1
projected-c315,300,88,88,Design oversight and transparency frameworks for parametric trigger calibration and basis risk,digital_for_resilience,0.3228,monitor evaluate reviewing progress monitoring monitored meetings assess outcomes evaluation track results,40027697:p00165:c19:split-1|33706639:p00509:c08:split-1|32159890:p00155:c17:split-1|33191006:p00428:c10:split-1|31747152:p00690:c03:split-1
projected-c053,299,99,99,Incorporate resilience standards and climate screening in telecom infrastructure procurement,resilience_of_asset,0.3425,procurements packages procured stages delays inadequate contracts procurement complexity complex risa major,33812956:p00289:c05:split-1|33602788:p00437:c11:split-1|31338295:p00224:c04:split-1|40082999:p00036:c06:split-1|34004583:p00023:c20:split-1
projected-c067,298,76,76,Incorporate resilience standards and climate screening in telecom infrastructure procurement,resilience_of_asset,0.3218,usf unguaranteed catalyze bulk mobilize capex auction middle mile installation backbone extending,34388773:p00261:c02:split-1|34049907:p00305:c07:split-1|34194833:p00240:c03:split-1|33835348:p00272:c02:split-1|33835348:p00272:c03:split-1
projected-c124,298,70,70,Design oversight and transparency frameworks for parametric trigger calibration and basis risk,digital_for_resilience,0.2270,cert building capacity ta servants iii iv ii officials hiring strengthening vi,33835348:p00203:c04:split-1|33786588:p00277:c01:split-1|33191006:p00205:c17:split-1|33191006:p00244:c22:split-1|33862093:p00212:c08:split-1
projected-c282,298,80,80,Establish data protection and consent protocols for beneficiary registries used in emergency disbursements,resilience_of_asset,0.3306,banco bnr brasil denominated opened sefaz banque segregated bceao dollars dollar signatories,40017533:p00176:c01:split-1|34049907:p00487:c02:split-1|34049907:p00486:c03:split-1|34194833:p00341:c17:split-1|33345981:p00378:c02:split-1
projected-c230,297,116,116,Establish data protection and consent protocols for beneficiary registries used in emergency disbursements,resilience_of_asset,0.2877,directors executive disclosed website board april discussed imf formally combating mission november,32527137:p00343:c02:split-1|33862093:p00362:c09:split-1|40100650:p00035:c02:split-1|32159893:p00263:c22:split-1|34103719:p00027:c03:split-1
projected-c006,296,89,89,Design oversight and transparency frameworks for parametric trigger calibration and basis risk,digital_for_resilience,0.2531,gcrf hoa aligned objective pillars objectives cpf contributes goal goals supports priorities,33937854:p00299:c13:split-1|33822742:p00162:c04:split-1|40042661:p00174:c09:split-1|32626249:p00261:c02:split-1|33822742:p00165:c14:split-1
projected-c032,296,60,60,Address algorithmic fairness and gender exclusion risks in social protection targeting systems,resilience_of_asset,0.3372,pregnancy prevalence marriage boys inequality parity equality force attainment inequalities girls ranks,32971756:p00128:c01:split-1|32971756:p00666:c01:split-1|33786588:p00133:c03:split-1|40115059:p00913:c22:split-1|33815663:p00166:c04:split-1
projected-c187,296,92,92,Design oversight and transparency frameworks for parametric trigger calibration and basis risk,digital_for_resilience,0.3188,operationalize roadmap action plans plan prioritization guide strategy actions prepare comprehensive detailed,33822742:p00188:c04:split-1|33985963:p00249:c02:split-1|33602788:p00421:c10:split-1|34428382:p00064:c10:split-1|33844146:p00278:c01:split-1
projected-c095,295,74,74,Develop and regularly test government ICT business continuity and disaster recovery plans,resilience_of_asset,0.2844,dom reengineering death svg digitizing vi certificates customs web portal iii records,34460895:p00129:c07:split-1|40100544:p00139:c03:split-1|33421881:p00175:c01:split-1|34428613:p00165:c04:split-1|40100650:p00035:c06:split-1
projected-c177,295,61,61,Build digital business continuity capacity for SMEs and micro-enterprises,digital_for_resilience,0.3838,msmes incubators sme entrepreneurial ites incubation startup entrepreneurs ups smes spaces export,33602788:p00257:c05:split-1|40072597:p00152:c02:split-1|33815663:p00222:c15:split-1|34310682:p00127:c22:split-1|32527137:p00143:c08:split-1
projected-c068,294,59,59,Establish data protection and consent protocols for beneficiary registries used in emergency disbursements,resilience_of_asset,0.4751,unauthorized privacy misuse integrity protect personal consent safeguard protecting protection secure trusted,31747152:p00667:c10:split-1|34275965:p00149:c05:split-1|31747152:p00362:c07:split-1|34204848:p00114:c07:split-1|31747152:p00677:c14:split-1
projected-c271,293,61,61,Deploy digital education continuity platforms for remote learning during crises,digital_for_resilience,0.2096,employability placement skilled graduates pool trainees employment talent workforce job hire professionals,31866282:p00175:c04:split-1|34228623:p00201:c03:split-1|40100544:p00151:c15:split-1|33421881:p00369:c02:split-1|33815663:p00218:c03:split-1
projected-c300,293,71,71,Design oversight and transparency frameworks for parametric trigger calibration and basis risk,digital_for_resilience,0.3351,centered iterative centric tailored designing user cases approaches methodology adopting taking design,33786588:p00361:c12:split-1|33786588:p00255:c08:split-1|33985963:p00239:c03:split-1|34275965:p00126:c04:split-1|33191006:p00241:c09:split-1
projected-c213,291,70,70,Build submarine cable redundancy through diverse routing,resilience_of_asset,0.4884,redundancy interruptions uninterrupted outages resiliency backup reliability distributed routes continuity failure bandwidth,32108178:p00201:c02:split-1|40115059:p00662:c07:split-1|40087727:p00168:c10:split-1|34196069:p00306:c05:split-1|33862093:p00167:c06:split-1
projected-c126,290,90,90,Design oversight and transparency frameworks for parametric trigger calibration and basis risk,digital_for_resilience,0.3000,dnf mpa pafen eardip afap wardip idea af rpf phases sop parallel,40013198:p00150:c04:split-1|33053299:p00143:c02:split-1|32159890:p00135:c19:split-1|40045816:p00206:c07:split-1|34254903:p00107:c18:split-1
projected-c090,288,60,60,Build digital business continuity capacity for SMEs and micro-enterprises,digital_for_resilience,0.3006,angel accelerator addis startups startup catalyst agritech incubators incubation hubs tech ups,33706639:p00258:c14:split-1|34428613:p00114:c19:split-1|34429409:p00127:c14:split-1|32971756:p00224:c07:split-1|33706639:p00284:c16:split-1
projected-c016,286,62,62,Deploy climate-resilient fiber-to-the-premises in hazard-prone areas,resilience_of_asset,0.2738,density signal vast populated cellular unserved borderland cities unconnected concentrated living urban,40045816:p00105:c04:split-1|33706639:p00137:c18:split-1|34049907:p00301:c01:split-1|33753850:p00159:c09:split-1|33118666:p00234:c08:split-1
projected-c308,286,79,79,Design interoperability and portability standards for digital financial services,resilience_of_asset,0.2513,enable enables allowing allow ability facilitate opportunity accessibility accessible enabling effectively people,31167658:p00627:c04:split-1|33786588:p00310:c03:split-1|33813209:p00200:c12:split-1|34228623:p00197:c02:split-1|33937854:p00590:c06:split-1
projected-c145,285,68,68,Design oversight and transparency frameworks for parametric trigger calibration and basis risk,digital_for_resilience,0.2602,reallocate reallocation wise reallocating reallocated categories allocations adjusting adjustment adjusted cancellation allocation,34021975:p00035:c01:split-1|40105151:p00067:c02:split-1|40105151:p00049:c08:split-1|40099485:p00051:c02:split-1|40099485:p00052:c01:split-1
projected-c286,285,56,56,Provide emergency connectivity to displaced populations in humanitarian settings,digital_for_resilience,0.4751,camps refugee refugees somali host unhcr idps rhds languages borderland displaced humanitarian,33118666:p00516:c03:split-1|33118666:p00249:c17:split-1|34194833:p00220:c11:split-1|34338772:p00200:c03:split-1|40026232:p00056:c03:split-1
projected-c038,283,86,86,Design oversight and transparency frameworks for parametric trigger calibration and basis risk,digital_for_resilience,0.2364,expected continue able need likely require however efforts changes made individuals af,40013198:p00254:c08:split-1|40045816:p00377:c05:split-1|33118666:p00264:c04:split-1|33786588:p00339:c05:split-1|33812956:p00267:c07:split-1
projected-c049,283,83,83,Incorporate resilience standards and climate screening in telecom infrastructure procurement,resilience_of_asset,0.3618,exchanges systematic step tracking module annually update plans procurement tool updated plan,32971756:p00471:c03:split-1|33937854:p00239:c05:split-1|31866361:p00397:c04:split-1|33812956:p00352:c05:split-1|33786588:p00528:c04:split-1
projected-c077,283,76,76,Design oversight and transparency frameworks for parametric trigger calibration and basis risk,digital_for_resilience,0.2961,autonomy constitution decree assembly anti body institution corruption entity council law santo,34049907:p00386:c09:split-1|32159893:p00327:c02:split-1|31747152:p00492:c11:split-1|33813209:p00211:c16:split-1|31889872:p00395:c04:split-1
projected-c276,283,92,92,Deploy shock-responsive G2P digital payment systems linked to national ID and social registries,digital_for_resilience,0.2645,replenishments forecast replenishment dfil statement forecasts ceiling soes soe disbursements letter submission,32527137:p00350:c01:split-1|40072597:p00162:c02:split-1|34049907:p00487:c06:split-1|34275965:p00177:c06:split-1|34049907:p00486:c09:split-1
projected-c107,282,69,69,Deploy shock-responsive G2P digital payment systems linked to national ID and social registries,digital_for_resilience,0.5028,relief transfers nets protecting poorest targeting drought subsidies insurance households incomes cash,40052992:p00209:c03:split-1|33191006:p00166:c05:split-1|33107441:p00643:c20:split-1|34049898:p00175:c14:split-1|31747152:p00315:c13:split-1
projected-c003,279,75,75,Deploy digital agriculture extension services for advisory and market access,digital_for_resilience,0.2742,passive vii ii iii ups iv platforms entrepreneurs wholesale shared telecom purchase,33421881:p00180:c10:split-1|31167658:p00239:c11:split-1|40013198:p00130:c04:split-1|40013198:p00243:c06:split-1|33602788:p00174:c12:split-1
projected-c013,279,62,62,Address algorithmic fairness and gender exclusion risks in social protection targeting systems,resilience_of_asset,0.4658,afro minorities ethnic illiterate disabilities socially elderly disabled disability indigenous peoples marginalized,40081960:p00178:c11:split-1|34196134:p00173:c06:split-1|33830968:p00224:c10:split-1|40087727:p00230:c07:split-1|34196069:p00234:c02:split-1
projected-c247,279,67,67,Design digital inclusion safeguards ensuring crisis response reaches populations without connectivity or devices,resilience_of_asset,0.3665,highlighted media increasingly importance exclusion literacy children divide technologies safe learning even,33835348:p00234:c11:split-1|34228623:p00161:c06:split-1|32527137:p00290:c08:split-1|34049907:p00135:c07:split-1|33118666:p00286:c11:split-1
projected-c303,278,72,72,Incorporate resilience standards and climate screening in telecom infrastructure procurement,resilience_of_asset,0.2555,academia ngos society partnerships donors actors representatives organizations partners dialogue engagements stakeholders,33786588:p00280:c01:split-1|34338772:p00125:c01:split-1|34131348:p00159:c02:split-1|34131348:p00255:c16:split-1|33835349:p00257:c19:split-1
projected-c094,277,70,70,Design oversight and transparency frameworks for parametric trigger calibration and basis risk,digital_for_resilience,0.3316,gather advice assess inform evaluate identify feedback specifications conducting conduct recommendations studies,33844146:p00203:c32:split-1|33753850:p00254:c06:split-1|33844146:p00241:c05:split-1|34394311:p00226:c05:split-1|34397339:p00171:c02:split-1
projected-c302,277,65,65,Incorporate resilience standards and climate screening in telecom infrastructure procurement,resilience_of_asset,0.3238,invitation inadequate tender bidders bids insufficient keeping award consulting proposals hiring contract,33118666:p00301:c05:split-1|31866361:p00407:c05:split-1|33844146:p00373:c06:split-1|32971756:p00473:c06:split-1|33421881:p00333:c12:split-1
projected-c119,276,70,70,Ensure cybersecurity of digital payment platforms and mobile money rails,resilience_of_asset,0.3971,histories laundering scoring credit opening insurance currency customer transactions banking anti kyc,34049898:p00327:c09:split-1|34204848:p00132:c12:split-1|31747152:p00329:c06:split-1|33191006:p00320:c06:split-1|40081960:p00095:c06:split-1
projected-c072,275,80,80,Develop sovereign cloud and data residency policies for government continuity,resilience_of_asset,0.3296,owned governments federal gob state government official servants agencies citizens entities civil,34325711:p00026:c07:split-1|32527137:p00420:c08:split-1|33191006:p00243:c04:split-1|34228623:p00178:c07:split-1|31866282:p00184:c03:split-1
projected-c062,274,71,71,Design oversight and transparency frameworks for parametric trigger calibration and basis risk,digital_for_resilience,0.2969,factors impacted affect norms impact effects likely resulting impacts outcomes positive studies,33118666:p00317:c07:split-1|32971756:p00318:c13:split-1|33812956:p00204:c15:split-1|33822742:p00137:c06:split-1|34204848:p00231:c04:split-1
projected-c151,274,64,64,Scale mobile money for post-disaster person-to-person remittances,digital_for_resilience,0.2931,livelihoods prosperity welfare poverty productive opportunities achieve economic foster improve inclusive employment,34460895:p00133:c09:split-1|31167658:p00201:c23:split-1|33985963:p00153:c24:split-1|34049898:p00552:c08:split-1|33862093:p00191:c07:split-1
projected-c166,274,86,86,Design oversight and transparency frameworks for parametric trigger calibration and basis risk,digital_for_resilience,0.2693,aims aim achieve goal objectives seeks objective goals intended achieving purpose targets,31167658:p00201:c02:split-1|33107441:p00483:c01:split-1|31167658:p00579:c04:split-1|32527137:p00197:c02:split-1|32971756:p00489:c09:split-1
projected-c218,274,76,76,Incorporate resilience standards and climate screening in telecom infrastructure procurement,resilience_of_asset,0.3902,ppsd pp prepared plan draft borrower strategy recommended presented summary methods approaches,34428613:p00246:c08:split-1|34327188:p00227:c18:split-1|34131348:p00329:c03:split-1|32093931:p00289:c11:split-1|33345981:p00315:c13:split-1
projected-c243,274,69,69,Design oversight and transparency frameworks for parametric trigger calibration and basis risk,digital_for_resilience,0.3666,best practices practice good align adapted standards international consistent aligned harmonization guidelines,40080119:p00094:c20:split-1|40034360:p00111:c12:split-1|40080119:p00180:c02:split-1|34049898:p00347:c28:split-1|34388773:p00194:c11:split-1
projected-c313,274,79,79,Design oversight and transparency frameworks for parametric trigger calibration and basis risk,digital_for_resilience,0.3182,obligations grievances iii vi ii iv provisions association redress safeguards frameworks legal,34429409:p00137:c06:split-1|33819086:p00158:c17:split-1|33835349:p00340:c07:split-1|33812956:p00250:c08:split-1|31167658:p00486:c08:split-1
projected-c017,273,52,52,Use anonymized mobile network data for real-time population displacement tracking during disasters,digital_for_resilience,0.2627,basket gigabyte telegeography gni gb capita gsma monthly subscription itu subscriptions tariffs,40045816:p00105:c07:split-1|32527137:p00133:c02:split-1|32159890:p00392:c01:split-1|32626249:p00128:c01:split-1|32159893:p00122:c04:split-1
projected-c021,273,78,78,Incorporate resilience standards and climate screening in telecom infrastructure procurement,resilience_of_asset,0.2715,rebuilding diversification prosperity drivers cpf pillar structural competitiveness diagnostic investing objective sustainable,33602788:p00132:c16:split-1|34429409:p00127:c03:split-1|32527137:p00147:c04:split-1|31866282:p00087:c05:split-1|34222788:p00157:c06:split-1
projected-c153,273,93,93,Design oversight and transparency frameworks for parametric trigger calibration and basis risk,digital_for_resilience,0.2692,recruit qualified iv assets consultants hiring recruitment supervision consultant evaluation accountant fraud,34310682:p00269:c06:split-1|33813209:p00300:c02:split-1|34049907:p00387:c11:split-1|33867703:p00026:c09:split-1|34429409:p00140:c09:split-1
projected-c214,272,74,74,Design oversight and transparency frameworks for parametric trigger calibration and basis risk,digital_for_resilience,0.4314,mitigate mitigating risks minimize reduce residual exclusion risk mitigated considering assess manage,32159890:p00195:c07:split-1|32626249:p00367:c09:split-1|33813209:p00195:c09:split-1|32093931:p00382:c18:split-1|33191006:p00341:c07:split-1
projected-c258,272,64,64,Establish data protection standards for emergency beneficiary targeting and cross-agency data sharing,resilience_of_asset,0.4900,minimization lawful legitimate subjects pdp consent personal privacy bill protection processing law,40080119:p00159:c10:split-1|40037981:p00071:c12:split-1|33835349:p00274:c15:split-1|31747152:p00378:c19:split-1|40045816:p00164:c10:split-1
projected-c161,269,63,63,Integrate digital climate risk analytics into public financial management systems,digital_for_resilience,0.2400,paperwork patient save saved savings automation saving travel filing reduces calculated paper,33786588:p00366:c10:split-1|33118666:p00294:c02:split-1|33835348:p00308:c01:split-1|33118666:p00366:c01:split-1|33421881:p00217:c10:split-1
projected-c219,269,57,57,Establish disaster recovery sites and government cloud resilience for continuity of digital services,resilience_of_asset,0.4284,cope pandemics crises continuity respond emergencies uninterrupted agile distancing remotely aftermath responding,32108178:p00163:c04:split-1|32971756:p00148:c12:split-1|33706639:p00245:c02:split-1|32159890:p00204:c04:split-1|32971756:p00148:c02:split-1
projected-c280,269,96,96,Incorporate resilience standards and climate screening in telecom infrastructure procurement,resilience_of_asset,0.3540,proposers winning submitting contracts contractor name acceptance bid signed sign bidders contract,40097306:p00036:c09:split-1|33786588:p00221:c05:split-1|34327188:p00309:c03:split-1|31866361:p00391:c02:split-1|34254903:p00219:c06:split-1
projected-c284,269,78,78,Incorporate resilience standards and climate screening in telecom infrastructure procurement,resilience_of_asset,0.2979,nap outlines fgn gon vision gou ndc ambitious priorities roadmap strategic adopted,34222788:p00104:c06:split-1|40013198:p00136:c06:split-1|33813209:p00149:c11:split-1|34428613:p00103:c02:split-1|33835349:p00159:c05:split-1
projected-c100,267,63,63,Deploy digital agriculture extension services for advisory and market access,digital_for_resilience,0.2762,coaching ambassadors curriculum trainings teachers skills training iv literacy advanced students workshops,34059801:p00047:c06:split-1|33844146:p00243:c05:split-1|40100544:p00139:c04:split-1|40052992:p00217:c01:split-1|33844146:p00203:c27:split-1
projected-c251,267,77,77,Design social registries with dynamic expansion capability for rapid shock response,digital_for_resilience,0.1813,otherwise ability difficult able opportunity less likely effectively potential individuals experience many,33815663:p00222:c13:split-1|40028045:p00189:c05:split-1|34388773:p00248:c14:split-1|34194833:p00116:c02:split-1|33844146:p00234:c11:split-1
projected-c059,264,63,63,Strengthen mobile money agent network resilience for cash-out during disruptions,resilience_of_asset,0.2371,absenteeism leakages savings errors numerous efficiencies gains yield fraud reduced run examples,33786588:p00366:c04:split-1|33421881:p00128:c10:split-1|33812956:p00272:c11:split-1|33191006:p00266:c06:split-1|32108178:p00753:c02:split-1
projected-c157,264,63,63,Scale mobile money for post-disaster person-to-person remittances,digital_for_resilience,0.1760,manufacturing salary employed influx employment jobs unemployment indirect skilled workers salaries labor,33421881:p00371:c01:split-1|33421881:p00369:c03:split-1|34196134:p00222:c04:split-1|32971756:p00350:c01:split-1|33421881:p00367:c01:split-1
projected-c009,260,86,86,Integrate digital climate risk analytics into public financial management systems,digital_for_resilience,0.3756,simba pfm ifmis payroll gp reform mobilization dialogue transparency modernization debt mof,34022655:p00443:c02:split-1|32971756:p00303:c01:split-1|32971756:p00303:c05:split-1|34327188:p00108:c09:split-1|31338295:p00207:c06:split-1
projected-c131,260,80,80,Design oversight and transparency frameworks for parametric trigger calibration and basis risk,digital_for_resilience,0.2981,designed built developed planned need design require implemented necessary mechanisms used currently,34428613:p00357:c22:split-1|33191006:p00212:c05:split-1|32321387:p00267:c05:split-1|33937854:p00178:c05:split-1|33830968:p00320:c13:split-1
projected-c226,259,35,35,Issue digital identity credentials to displaced and crisis-affected populations lacking documentation,digital_for_resilience,0.4967,kebele cards obtaining certificate historically card ids proof exclusion birth often id,31747152:p00732:c01:split-1|31747152:p00377:c02:split-1|31747152:p00317:c05:split-1|31747152:p00361:c02:split-1|31747152:p00741:c01:split-1
projected-c275,259,63,63,Monitor climate vulnerability of digital infrastructure using geospatial and climate projection data,resilience_of_asset,0.5141,warning adaptation analytics climate smart change informed mitigation green allowing leveraging solutions,33813209:p00157:c04:split-1|31167658:p00619:c03:split-1|34460895:p00184:c10:split-1|34460895:p00188:c10:split-1|34338772:p00164:c08:split-1
projected-c047,258,91,91,Upgrade and harden government data centers for disaster resilience,resilience_of_asset,0.2505,contingent contingency overruns cerc usd ibrd million original equivalent emergency subcomponents allocation,40036851:p00041:c04:split-1|40036851:p00041:c02:split-1|34218724:p00088:c12:split-1|33421881:p00384:c05:split-1|34429409:p00191:c03:split-1
projected-c112,255,59,59,Incorporate resilience standards and climate screening in telecom infrastructure procurement,resilience_of_asset,0.4177,notices expressions approaching paragraph notice publish paragraphs websites forth requests regulations consulting,33421881:p00310:c04:split-1|33813209:p00328:c01:split-1|33107441:p00409:c06:split-1|33191006:p00454:c02:split-1|33862093:p00364:c02:split-1
projected-c199,255,51,51,Establish data protection and consent protocols for beneficiary registries used in emergency disbursements,resilience_of_asset,0.3998,births deaths citizenship npopc ditjen dinas dukcapil act registering death concerning nimc,40105151:p00171:c01:split-1|40052992:p00181:c05:split-1|34030165:p00028:c11:split-1|40110655:p00045:c13:split-1|33815663:p00247:c05:split-1
projected-c296,255,86,86,Incorporate resilience standards and climate screening in telecom infrastructure procurement,resilience_of_asset,0.3806,procure fit procurements streamline gp tenders packages complex bids procurement processes avoid,34131348:p00333:c07:split-1|40080119:p00181:c05:split-1|32626249:p00323:c03:split-1|31338295:p00208:c10:split-1|33985963:p00416:c03:split-1
projected-c314,255,76,76,Incorporate resilience standards and climate screening in telecom infrastructure procurement,resilience_of_asset,0.2658,familiarity familiar experience funded ias revealed financed managing donor procedures previously experienced,34131348:p00242:c03:split-1|32321387:p00274:c06:split-1|40037981:p00070:c13:split-1|31889872:p00235:c09:split-1|34254903:p00192:c02:split-1
projected-c011,254,77,77,Design oversight and transparency frameworks for parametric trigger calibration and basis risk,digital_for_resilience,0.2953,instability weak pose weaknesses difficulties inadequate affect limitations pfm macroeconomic delays political,34049907:p00386:c04:split-1|34327188:p00243:c02:split-1|34196134:p00257:c01:split-1|33835349:p00285:c01:split-1|34196069:p00344:c02:split-1
projected-c137,253,63,63,Develop and regularly test government ICT business continuity and disaster recovery plans,resilience_of_asset,0.3233,sms portals transactional offerings centric web voice embedded satisfaction portal user means,33118666:p00291:c09:split-1|32527137:p00248:c08:split-1|33118666:p00166:c08:split-1|34310682:p00205:c01:split-1|34022655:p00170:c03:split-1
projected-c305,252,70,70,Deploy digital agriculture extension services for advisory and market access,digital_for_resilience,0.2802,wdr dividends lives analytical asia draws wbg builds diagnostic scorecard id4d east,33706639:p00313:c13:split-1|40052992:p00119:c08:split-1|33822742:p00288:c11:split-1|34131348:p00217:c03:split-1|33191006:p00261:c01:split-1
projected-c115,251,79,79,Design oversight and transparency frameworks for parametric trigger calibration and basis risk,digital_for_resilience,0.2673,pp ppsd rpf pom awpb ppa sep summary pdo prepared escp specified,31866361:p00397:c07:split-1|34275965:p00231:c01:split-1|33786588:p00521:c03:split-1|34388773:p00281:c09:split-1|34196069:p00435:c02:split-1
projected-c152,251,76,76,Establish data protection and consent protocols for beneficiary registries used in emergency disbursements,resilience_of_asset,0.4946,bill enactment personal proclamation protection consent privacy enacted cybercrime law commission authority,31747152:p00314:c23:split-1|31747152:p00506:c02:split-1|31747152:p00507:c01:split-1|34022655:p00172:c08:split-1|40080119:p00138:c06:split-1
projected-c309,251,72,72,Design oversight and transparency frameworks for parametric trigger calibration and basis risk,digital_for_resilience,0.2789,participates rpcc cpcc pcc psc pesc week steering designate representative committee thereafter,33835349:p00253:c02:split-1|33813209:p00301:c01:split-1|34428613:p00216:c09:split-1|33862093:p00254:c01:split-1|34201758:p00215:c01:split-1
projected-c045,250,61,61,Deploy digital agriculture extension services for advisory and market access,digital_for_resilience,0.4053,esos agritech ups startups entrepreneurs start tech entrepreneurship hubs startup incubation acceleration,40072597:p00120:c02:split-1|32527137:p00187:c07:split-1|33786588:p00182:c21:split-1|40045816:p00410:c39:split-1|40087727:p00193:c02:split-1
projected-c122,250,85,85,Design oversight and transparency frameworks for parametric trigger calibration and basis risk,digital_for_resilience,0.2099,unsatisfactory moderately ms mu ip downgraded isr satisfactory ratings rated consistently mtr,34228859:p00024:c05:split-1|34428382:p00045:c02:split-1|40095037:p00131:c01:split-1|40034355:p00046:c01:split-1|31866282:p00110:c04:split-1
projected-c096,247,75,75,"Implement AI and satellite-based measurement, reporting, and verification for climate commitments",digital_for_resilience,0.2031,helped help contribute serve allow build better focus through,31889872:p00197:c10:split-1|33830968:p00446:c07:split-1|31167658:p00202:c09:split-1|33345981:p00192:c09:split-1|31167658:p00232:c12:split-1
projected-c085,245,58,58,Scale mobile money for post-disaster person-to-person remittances,digital_for_resilience,0.2427,arpu mbps expensive price month prices malicious conservative household retail wholesale gb,32971756:p00293:c06:split-1|31866361:p00280:c17:split-1|34228623:p00151:c12:split-1|40115059:p00698:c02:split-1|33345981:p00147:c10:split-1
projected-c304,244,86,86,Integrate digital climate risk analytics into public financial management systems,digital_for_resilience,0.2219,ilap pt sequence oc gds ncs expenditure cs category expenditures budgeting categories,33813209:p00312:c09:split-1|40081960:p00191:c21:split-1|34022655:p00546:c06:split-1|33813209:p00308:c09:split-1|40081960:p00167:c02:split-1
projected-c000,240,74,74,Design oversight and transparency frameworks for parametric trigger calibration and basis risk,digital_for_resilience,0.3288,consulted consultations rounds organized consultation stakeholder discussions extensive dialogue stakeholders feedback preparation,31889872:p00254:c01:split-1|32626249:p00230:c24:split-1|33706639:p00288:c03:split-1|34049907:p00298:c01:split-1|40105151:p00062:c10:split-1
projected-c318,240,65,65,Deploy digital agriculture extension services for advisory and market access,digital_for_resilience,0.2688,accessing stop online offer accessible portal allowing users services connected service available,33191006:p00309:c08:split-1|34049898:p00168:c08:split-1|34049907:p00160:c06:split-1|34327188:p00180:c12:split-1|32108178:p00797:c09:split-1
projected-c172,237,73,73,"Implement AI and satellite-based measurement, reporting, and verification for climate commitments",digital_for_resilience,0.3505,sustainability sustainable solar long green term renewable tourism carbon principles environmental energy,31747152:p00288:c04:split-1|31747152:p00297:c02:split-1|33835349:p00201:c10:split-1|40110459:p00404:c07:split-1|34204848:p00183:c16:split-1
projected-c288,237,52,52,Address algorithmic fairness and gender exclusion risks in social protection targeting systems,resilience_of_asset,0.3893,stereotypes careers pronounced inequalities disparities disabled norms persistent harmful stem barrier girls,34338772:p00784:c19:split-1|33835348:p00141:c01:split-1|33835349:p00146:c05:split-1|33835348:p00141:c11:split-1|33862093:p00196:c09:split-1
projected-c061,236,81,81,Design oversight and transparency frameworks for parametric trigger calibration and basis risk,digital_for_resilience,0.3111,alleviate overcome shortcomings fragmentation removing duplication remove address barriers challenges gaps reduce,31866361:p00418:c05:split-1|33706639:p00282:c06:split-1|33812956:p00370:c02:split-1|31167658:p00275:c07:split-1|34131348:p00205:c02:split-1
projected-c101,233,60,60,Address algorithmic fairness and gender exclusion risks in social protection targeting systems,resilience_of_asset,0.3012,phone men gsma male fewer phones sex versus female disaggregated compared internet,34429409:p00108:c02:split-1|33835348:p00141:c08:split-1|40042661:p00241:c04:split-1|34397339:p00186:c08:split-1|34131348:p00145:c12:split-1
projected-c159,233,61,61,Diversify equipment vendor dependencies for telecom supply chain resilience,resilience_of_asset,0.3816,competition fair pricing liberalization entry consumers prices welfare competitive consumer wholesale market,32626249:p00176:c04:split-1|32321387:p00404:c15:split-1|33815663:p00271:c09:split-1|33862093:p00168:c15:split-1|33345981:p00326:c25:split-1
projected-c183,233,66,66,Diversify equipment vendor dependencies for telecom supply chain resilience,resilience_of_asset,0.2670,pressures imports inflation prices fuel affecting chains currency rising foreign supply food,34275965:p00084:c10:split-1|40110459:p00224:c03:split-1|33844146:p00119:c09:split-1|33706639:p00546:c03:split-1|34218724:p00152:c05:split-1
projected-c136,229,67,67,Develop sovereign cloud and data residency policies for government continuity,resilience_of_asset,0.3316,interact employees servants offices citizens businesses serve citizen officials civil government help,33107441:p00188:c03:split-1|33830968:p00146:c07:split-1|34275965:p00128:c02:split-1|33815663:p00210:c02:split-1|34456824:p00033:c02:split-1
projected-c279,229,71,71,"Deploy multi-channel early warning dissemination combining cell broadcast, SMS, apps, and radio",digital_for_resilience,0.3582,disseminated media variety radio campaigns channels accessible outreach users citizens online awareness,33191006:p00248:c08:split-1|33822742:p00159:c03:split-1|34059801:p00029:c02:split-1|33835348:p00189:c17:split-1|34460895:p00150:c05:split-1
projected-c169,228,59,59,Diversify equipment vendor dependencies for telecom supply chain resilience,resilience_of_asset,0.2359,bpo outsourcing exports ites industry companies billion revenues firms size ict growing,40072597:p00095:c09:split-1|32093931:p00153:c11:split-1|32093931:p00175:c04:split-1|34196134:p00174:c03:split-1|40072597:p00103:c10:split-1
projected-c261,228,75,75,Integrate digital climate risk analytics into public financial management systems,digital_for_resilience,0.2278,break occurs statement estimates reimbursement actual vi uses ii point even budgeting,33786588:p00504:c01:split-1|34228623:p00342:c05:split-1|34254903:p00220:c05:split-1|40031410:p00053:c12:split-1|33862093:p00385:c03:split-1
projected-c184,227,95,95,Design oversight and transparency frameworks for parametric trigger calibration and basis risk,digital_for_resilience,0.3121,scorecard rf revise results adjust corporate revisions indicators targets framework revision presented,34295403:p00088:c02:split-1|40013198:p00184:c02:split-1|33859017:p00056:c01:split-1|40115517:p00039:c11:split-1|40037981:p00077:c01:split-1
projected-c189,226,64,64,Deploy climate-resilient fiber-to-the-premises in hazard-prone areas,resilience_of_asset,0.4540,outages damage susceptible aerial damages damaged disruptions cause storm rainfall heavy poles,40052992:p00300:c15:split-1|33937854:p00580:c04:split-1|34388773:p00091:c04:split-1|34022655:p00564:c08:split-1|34196069:p00142:c07:split-1
projected-c194,225,80,80,Design oversight and transparency frameworks for parametric trigger calibration and basis risk,digital_for_resilience,0.2395,following others lessons actions inclusion addition among measures inclusive efforts,33107441:p00299:c03:split-1|32159893:p00379:c14:split-1|33345981:p00210:c07:split-1|33118666:p00224:c02:split-1|32108178:p00261:c03:split-1
projected-c264,225,65,65,Design oversight and transparency frameworks for parametric trigger calibration and basis risk,digital_for_resilience,0.2635,auditor auditors auditing accurate audits recruitment internal reliable external control controls ifrs,33191006:p00327:c10:split-1|33191006:p00327:c12:split-1|33862093:p00385:c02:split-1|33191006:p00430:c09:split-1|34204848:p00291:c05:split-1
projected-c149,224,72,72,Design oversight and transparency frameworks for parametric trigger calibration and basis risk,digital_for_resilience,0.3408,failures understand failure side guide identify assess addressing market mfd demand incentives,34194833:p00235:c02:split-1|33107441:p00445:c06:split-1|33602788:p00288:c03:split-1|31167658:p00232:c03:split-1|33345981:p00151:c09:split-1
projected-c237,224,61,61,Establish digital accessibility standards for persons with disabilities in crisis services,resilience_of_asset,0.2898,accessing basic facilitating citizens rights deliver access services accessible facilitate public vulnerable,40119486:p00010:c20:split-1|34204848:p00153:c08:split-1|32108178:p00251:c09:split-1|31747152:p00681:c05:split-1|34201758:p00150:c02:split-1
projected-c087,223,79,79,Integrate digital climate risk analytics into public financial management systems,digital_for_resilience,0.2439,overruns ineligible deficit fiscal funding spending largely budget expenditure reduced operating expenditures,34327188:p00099:c19:split-1|40100650:p00055:c01:split-1|34022655:p00172:c10:split-1|40028045:p00175:c04:split-1|33813209:p00134:c04:split-1
projected-c267,222,83,83,Design oversight and transparency frameworks for parametric trigger calibration and basis risk,digital_for_resilience,0.1857,occurs exceeding reaching target reach years moderate average low remains around lower,32093931:p00396:c21:split-1|34228623:p00212:c04:split-1|40096777:p00040:c06:split-1|34228623:p00212:c12:split-1|34327188:p00211:c04:split-1
projected-c310,222,66,66,Design oversight and transparency frameworks for parametric trigger calibration and basis risk,digital_for_resilience,0.2818,participatory campaigns stakeholder outreach ce vi raising engagement iv society awareness consultation,31747152:p00249:c01:split-1|34228623:p00204:c04:split-1|33107441:p00201:c11:split-1|33815663:p00266:c02:split-1|33844146:p00200:c07:split-1
projected-c236,221,92,92,Design oversight and transparency frameworks for parametric trigger calibration and basis risk,digital_for_resilience,0.2602,achievable exceeding milestones pdo tangible achievement achieving achieved pbcs mtr achieve achievements,40110655:p00045:c28:split-1|40034355:p00044:c04:split-1|34350724:p00041:c05:split-1|34428382:p00064:c06:split-1|33835348:p00288:c02:split-1
projected-c252,214,60,60,Address algorithmic fairness and gender exclusion risks in social protection targeting systems,resilience_of_asset,0.2967,cyberbullying breaches misuse discrimination harmful exposure harassment privacy concerns incidents exclusion sensitive,31866361:p00151:c10:split-1|31747152:p00649:c17:split-1|34049898:p00168:c06:split-1|32093931:p00305:c20:split-1|34338772:p00291:c24:split-1
projected-c294,209,74,74,Design ring and mesh fiber topology for national network resilience,resilience_of_asset,0.3210,avoid prevent distancing minimize spread limit disruptions damage loss protect maintain delays,33822742:p00147:c07:split-1|34204848:p00213:c10:split-1|33602788:p00446:c11:split-1|31167658:p00625:c12:split-1|31889872:p00280:c09:split-1
projected-c298,208,77,77,Strengthen mobile money agent network resilience for cash-out during disruptions,resilience_of_asset,0.2160,consolidation continues revenues recovery increased revenue years since improvements significantly positive tax,34049898:p00294:c08:split-1|32527137:p00125:c06:split-1|34429409:p00225:c02:split-1|32527137:p00290:c18:split-1|33862093:p00308:c17:split-1
projected-c193,207,75,75,Design oversight and transparency frameworks for parametric trigger calibration and basis risk,digital_for_resilience,0.2318,methodological quantify quantified limitations little cannot lack because studies although limited however,32527137:p00251:c02:split-1|34228623:p00251:c02:split-1|33815663:p00325:c02:split-1|33844146:p00149:c10:split-1|40081960:p00187:c02:split-1
projected-c239,207,54,54,Incorporate resilience standards and climate screening in telecom infrastructure procurement,resilience_of_asset,0.2897,prepurchase membership cert hardware incident installation purchase software equipment acquisition upgrading ta,34049907:p00615:c01:split-1|34049907:p00600:c01:split-1|34338772:p00159:c01:split-1|40045816:p00179:c01:split-1|34338772:p00170:c01:split-1
projected-c098,206,66,66,Develop governance frameworks for disputed satellite data and trigger verification post-disaster,digital_for_resilience,0.2911,grievances responded complaints complaint redress resolution grievance feedback concerns addressing timely respond,34049898:p00243:c09:split-1|34049907:p00509:c15:split-1|31747152:p00755:c08:split-1|33191006:p00355:c06:split-1|33602788:p00336:c03:split-1
projected-c133,200,58,58,Deploy shock-responsive G2P digital payment systems linked to national ID and social registries,digital_for_resilience,0.3219,shop stop g2p digitization portal migration databases centric digitalization allocation modernization select,32108178:p00542:c01:split-1|32108178:p00698:c01:split-1|40027697:p00170:c13:split-1|40115517:p00043:c01:split-1|40013198:p00279:c07:split-1
projected-c208,194,57,57,Diversify equipment vendor dependencies for telecom supply chain resilience,resilience_of_asset,0.3842,auctions reverse auction subsidy lowest competitively pricing bulk option subsidies award tender,33844146:p00192:c10:split-1|31167658:p00575:c08:split-1|33753850:p00250:c08:split-1|32159893:p00383:c07:split-1|33937854:p00178:c07:split-1
projected-c178,179,49,49,Design oversight and transparency frameworks for parametric trigger calibration and basis risk,digital_for_resilience,0.2575,noise pollution occupational waste traffic exploitation safety vii sh sexual road workers,40042661:p00227:c22:split-1|34022655:p00277:c08:split-1|33862093:p00296:c05:split-1|40042661:p00227:c15:split-1|34460895:p00141:c07:split-1
projected-c202,178,66,66,Establish data protection and consent protocols for beneficiary registries used in emergency disbursements,resilience_of_asset,0.3575,grms grm grievance redress gm mechanism grievances complaint complaints resolution feedback handling,32971756:p00324:c01:split-1|33937854:p00304:c11:split-1|32321387:p00269:c01:split-1|31866361:p00202:c07:split-1|33786588:p00387:c16:split-1
projected-c031,176,52,52,Design oversight and transparency frameworks for parametric trigger calibration and basis risk,digital_for_resilience,0.3028,occupational communicable ohs accidents noise hazardous dust disposal diseases influx pollution relate,33815663:p00392:c18:split-1|34204848:p00222:c04:split-1|33844146:p00306:c16:split-1|32626249:p00224:c16:split-1|33786588:p00384:c11:split-1
projected-c135,170,64,64,Incorporate resilience standards and climate screening in telecom infrastructure procurement,resilience_of_asset,0.3935,assessment assessments procurement risk mitigation conducted identified post assessed risks detailed rating,34049907:p00505:c01:split-1|33706639:p00391:c01:split-1|34196069:p00443:c01:split-1|31866361:p00383:c01:split-1|34049898:p00316:c01:split-1
projected-c227,164,52,52,Strengthen mobile money agent network resilience for cash-out during disruptions,resilience_of_asset,0.2173,difficult weak poor often lack essential accessing delivery basic accountability limited affected,34228623:p00136:c12:split-1|40080119:p00091:c04:split-1|34022655:p00157:c02:split-1|40080119:p00085:c08:split-1|34201758:p00102:c02:split-1
projected-c123,158,66,66,Incorporate resilience standards and climate screening in telecom infrastructure procurement,resilience_of_asset,0.2678,augment hiring reinforce recruit staffing manager sufficient strengthened rnp staff expertise strengthen,32108178:p00505:c03:split-1|32108178:p00661:c03:split-1|32108178:p00576:c03:split-1|32971756:p00276:c17:split-1|32108178:p00278:c03:split-1
projected-c297,145,52,52,Establish data protection and consent protocols for beneficiary registries used in emergency disbursements,resilience_of_asset,0.2355,openknowledge worldbank org handle https en source tool world group described bank,31747152:p00215:c01:split-1|33822742:p00425:c02:split-1|32321387:p00144:c09:split-1|40034360:p00110:c01:split-1|32108178:p00158:c02:split-1
projected-c316,144,59,59,Diversify equipment vendor dependencies for telecom supply chain resilience,resilience_of_asset,0.2533,productivity optimize efficiency gains competitiveness improve performance enhance increase improving long increasing,32527137:p00207:c05:split-1|31889872:p00189:c14:split-1|33191006:p00229:c02:split-1|33985963:p00157:c08:split-1|32108178:p00166:c15:split-1
projected-c028,134,51,51,Establish data protection and consent protocols for beneficiary registries used in emergency disbursements,resilience_of_asset,0.3059,inspectionpanel grs sanction am please inspection http visit panel undb spn worldbank,33118666:p00322:c15:split-1|32626249:p00248:c14:split-1|32971756:p00325:c14:split-1|34196069:p00337:c21:split-1|33107441:p00304:c14:split-1
projected-c317,121,60,60,Incorporate resilience standards and climate screening in telecom infrastructure procurement,resilience_of_asset,0.3286,rating substantial rated assessed residual moderate risk overall procurement considered high mitigation,31747152:p00355:c15:split-1|34394311:p00201:c01:split-1|32321387:p00256:c07:split-1|33191006:p00332:c01:split-1|31866361:p00303:c03:split-1
projected-c256,100,33,33,Design oversight and transparency frameworks for parametric trigger calibration and basis risk,digital_for_resilience,0.2387,gui ma ta gb develop ii assistance iii technical design management services,40013198:p00255:c10:split-1|33191006:p00205:c14:split-1|40013198:p00246:c04:split-1|33191006:p00244:c18:split-1|33053299:p00139:c03:split-1
