cluster_id,size,n_projects,n_documents,nearest_reference,nearest_reference_direction,cosine,top_terms,exemplar_clause_ids
raw-c032,739,88,88,Deploy digital education continuity platforms for remote learning during crises,digital_for_resilience,0.4964,skills equip acquire advanced competency earnings youths literacy talent soft pool trained,34460895:p00177:c02:split-1|34429409:p00200:c05:split-1|34456824:p00034:c04:split-1|33830968:p00155:c03:split-1|33107441:p00435:c16:split-1
raw-c037,667,118,118,Deploy shock-responsive G2P digital payment systems linked to national ID and social registries,digital_for_resilience,0.3444,tf totaling valued xof aiib amounting sdc unguaranteed billion worth counterpart million,33602788:p00490:c02:split-1|33602788:p00503:c04:split-1|33602788:p00462:c02:split-1|40109413:p00075:c02:split-1|33602788:p00455:c04:split-1
raw-c313,638,118,118,Adopt Common Alerting Protocol (CAP) for standardized multi-channel warnings,resilience_of_asset,0.3517,abstract ncs nnle note cs space net step da gog table expected,31167658:p00278:c01:split-1|33753850:p00347:c01:split-1|40072597:p00197:c04:split-1|31866361:p00305:c05:split-1|33835348:p00141:c12:split-1
raw-c011,600,94,94,Implement digital platforms for port and maritime supply chain resilience,digital_for_resilience,0.4131,subcomponents focuses upstream reinforcing outreach supports eca coordinated partner census specifically following,32527137:p00293:c08:split-1|34440132:p00046:c01:split-1|33859017:p00052:c02:split-1|33191006:p00368:c10:split-1|33706639:p00279:c04:split-1
raw-c249,593,108,108,Adopt Common Alerting Protocol (CAP) for standardized multi-channel warnings,resilience_of_asset,0.3982,mdap tz rcip operated risa wardip mtc park official pronatel page brd,33107441:p00562:c06:split-1|34228859:p00031:c04:split-1|33118666:p00212:c08:split-1|33844146:p00269:c11:split-1|34310682:p00305:c02:split-1
raw-c025,584,118,118,Adopt Common Alerting Protocol (CAP) for standardized multi-channel warnings,resilience_of_asset,0.2691,resolved deemed removed received reported discussed taken delivered reviewed agreed found adopted,34307768:p00046:c13:split-1|33859017:p00029:c02:split-1|32971756:p00411:c03:split-1|33830968:p00435:c14:split-1|34338772:p00290:c24:split-1
raw-c111,578,56,56,Issue digital identity credentials to displaced and crisis-affected populations lacking documentation,digital_for_resilience,0.6081,authenticate biometrics prove identifier authenticator credential credentials verifiable identities authentication identity verify,40105151:p00057:c16:split-1|31747152:p00161:c02:split-1|33191006:p00208:c18:split-1|33191006:p00241:c10:split-1|33815663:p00160:c07:split-1
raw-c261,576,104,104,Incorporate resilience standards and climate screening in telecom infrastructure procurement,resilience_of_asset,0.3635,piu pius coordinators staffed augment spiu expert coordinator unit assistant recruitment specialist,40072597:p00144:c04:split-1|33421881:p00212:c07:split-1|33421881:p00191:c05:split-1|40081960:p00160:c04:split-1|33191006:p00289:c01:split-1
raw-c184,575,103,103,Adopt Common Alerting Protocol (CAP) for standardized multi-channel warnings,resilience_of_asset,0.2508,helps yet continue help contribute associated using one related use,31167658:p00625:c04:split-1|34222788:p00127:c03:split-1|33107441:p00267:c07:split-1|34327188:p00209:c07:split-1|31167658:p00546:c08:split-1
raw-c068,570,78,78,Develop national fiber pooling and open access policies for resilient connectivity,resilience_of_asset,0.6086,unserved lagging underserved broadband expand affordable speed extend extending bringing rural affordability,40022182:p00060:c08:split-1|33786588:p00182:c09:split-1|34022655:p00155:c02:split-1|34388773:p00115:c07:split-1|34228623:p00168:c02:split-1
raw-c172,565,80,80,Design ring and mesh fiber topology for national network resilience,resilience_of_asset,0.6019,pops satellites microwave lte wifi signal cellular connections connect satellite wireless backhaul,34049907:p00677:c02:split-1|33937854:p00442:c14:split-1|32108178:p00617:c12:split-1|33602788:p00495:c06:split-1|40045816:p00175:c11:split-1
raw-c291,561,98,98,Upgrade and harden government data centers for disaster resilience,resilience_of_asset,0.2445,adapt prepare take reach complete travel respond make continue establish allow build,33815663:p00162:c04:split-1|31167658:p00254:c07:split-1|31338295:p00217:c11:split-1|34201758:p00113:c07:split-1|34275965:p00233:c05:split-1
raw-c047,560,101,101,Deploy shock-responsive G2P digital payment systems linked to national ID and social registries,digital_for_resilience,0.4495,dfil reimbursement lapsed disbursing method ceiling withdrawals released deposited reimbursements adb disbursement,32971756:p00414:c01:split-1|34327188:p00273:c07:split-1|34254903:p00231:c01:split-1|33862093:p00413:c03:split-1|34196069:p00317:c03:split-1
raw-c091,558,118,118,Design oversight and transparency frameworks for parametric trigger calibration and basis risk,digital_for_resilience,0.3168,cancelled summary list nature maintained reflect following added af planned scope actions,33786588:p00273:c03:split-1|33822742:p00400:c14:split-1|33191006:p00358:c03:split-1|34049907:p00322:c02:split-1|32159893:p00400:c06:split-1
raw-c120,549,84,84,Design oversight and transparency frameworks for parametric trigger calibration and basis risk,digital_for_resilience,0.4538,interviews drawing qualitative lessons centered learned iterative draw tailored methodology adapted taking,34429409:p00117:c07:split-1|34049898:p00564:c04:split-1|31866361:p00410:c02:split-1|33421881:p00368:c03:split-1|34228623:p00224:c07:split-1
raw-c064,545,86,86,Provide emergency connectivity to displaced populations in humanitarian settings,digital_for_resilience,0.3388,bordering atlantic square afar monrovia coast ocean coastline port landlocked bangui kosrae,33191006:p00128:c01:split-1|31167658:p00117:c10:split-1|34194833:p00165:c02:split-1|33753850:p00274:c02:split-1|34338772:p00127:c04:split-1
raw-c242,544,81,81,Establish disaster recovery sites and government cloud resilience for continuity of digital services,resilience_of_asset,0.5503,whole transforming moving digitize blocks transformation lay foundations digitizing digitization agenda roadmap,31338295:p00151:c02:split-1|33753850:p00254:c09:split-1|32093931:p00145:c02:split-1|33602788:p00265:c04:split-1|33118666:p00254:c10:split-1
raw-c035,539,71,71,Upgrade and harden government data centers for disaster resilience,resilience_of_asset,0.6461,withstand warnings pandemics induced shocks disasters warning climatic flood resilience aftermath recover,34338772:p00765:c04:split-1|40087727:p00188:c03:split-1|33107441:p00153:c13:split-1|31866361:p00158:c05:split-1|40072597:p00185:c04:split-1
raw-c227,538,104,104,Design Cat DDO trigger mechanisms linked to digital connectivity and data infrastructure,digital_for_resilience,0.3237,mentioned introduced built intended generated described created designed shown deployed used developed,34022655:p00480:c11:split-1|40087727:p00209:c06:split-1|34049907:p00525:c12:split-1|33107441:p00173:c19:split-1|33830968:p00262:c22:split-1
raw-c110,525,93,93,Address algorithmic accountability in emergency resource allocation systems,resilience_of_asset,0.3810,ofag unqualified oag supreme observations auditor opinion opinions auditors audit overdue auditing,31167658:p00450:c01:split-1|33191006:p00433:c13:split-1|34196069:p00316:c07:split-1|33786588:p00475:c09:split-1|33786588:p00371:c06:split-1
raw-c021,521,85,85,Incorporate resilience standards and climate screening in telecom infrastructure procurement,resilience_of_asset,0.5018,ethics notices observe expressions approaching thresholds paragraph procuring notice publish bidders bids,33421881:p00310:c01:split-1|33421881:p00233:c01:split-1|33813209:p00328:c02:split-1|34196134:p00232:c01:split-1|33835348:p00316:c01:split-1
raw-c127,521,104,104,Design oversight and transparency frameworks for parametric trigger calibration and basis risk,digital_for_resilience,0.3630,subcomponents aims seek aim seeks designed developed covered help implemented three two,31167658:p00239:c01:split-1|33107441:p00598:c01:split-1|32971756:p00187:c01:split-1|32093931:p00196:c01:split-1|32093931:p00194:c01:split-1
raw-c183,512,77,77,Deploy rapid digital household welfare tracking for post-disaster needs assessment,digital_for_resilience,0.3511,eicv gini headcount geostat ranking notre dame ranks ranked fertility score index,34228623:p00129:c06:split-1|33191006:p00120:c08:split-1|32626249:p00445:c11:split-1|34022655:p00143:c13:split-1|33844146:p00120:c11:split-1
raw-c152,511,82,82,Deploy smart grid and digital energy management systems for resilient power supply,resilience_of_asset,0.5222,digitalize transformation digitized technologies digitalized digitalization solutions tools platforms adopt leveraging leverage,33753850:p00205:c05:split-1|40100544:p00142:c09:split-1|33753850:p00282:c03:split-1|33835349:p00233:c04:split-1|34460895:p00097:c06:split-1
raw-c116,509,105,105,Develop governance frameworks for disputed satellite data and trigger verification post-disaster,digital_for_resilience,0.2699,expected likely continue able seek planned reviewed updated need require now designed,32093931:p00228:c02:split-1|31338295:p00160:c11:split-1|33822742:p00372:c05:split-1|34131348:p00320:c24:split-1|31338295:p00195:c04:split-1
raw-c236,505,101,101,Incorporate resilience standards and climate screening in telecom infrastructure procurement,resilience_of_asset,0.4700,ehsgs esms ess1 ehs ess5 ess2 esmf esia ess esmp salient escp,34192090:p00047:c01:split-1|33107441:p00280:c03:split-1|34350724:p00051:c33:split-1|33706639:p00402:c03:split-1|33053299:p00186:c18:split-1
raw-c209,497,82,82,Monitor climate vulnerability of digital infrastructure using geospatial and climate projection data,resilience_of_asset,0.6489,coverings waterproof screened screening geophysical adaptation resistant designs climate hazards heat considerations,34222788:p00170:c09:split-1|34196134:p00162:c07:split-1|34394311:p00192:c12:split-1|34394311:p00338:c11:split-1|34222788:p00171:c10:split-1
raw-c069,493,118,118,Develop sovereign cloud and data residency policies for government continuity,resilience_of_asset,0.4675,decided cabinet affairs elections prime assembly gou appointed president minister decree parliament,33191006:p00168:c10:split-1|34325711:p00026:c07:split-1|32527137:p00420:c08:split-1|32093931:p00307:c09:split-1|33191006:p00243:c04:split-1
raw-c018,489,73,73,Design digital inclusion safeguards ensuring crisis response reaches populations without connectivity or devices,resilience_of_asset,0.5092,digitalizing digitalize usability digitalized centric digitally centered digitized deliver transactional digitalization transform,33985963:p00285:c16:split-1|33985963:p00267:c09:split-1|40100544:p00111:c14:split-1|33107441:p00159:c04:split-1|33985963:p00315:c04:split-1
raw-c046,489,73,73,Provide emergency connectivity to displaced populations in humanitarian settings,digital_for_resilience,0.4886,subscribe subscriptions subscribers subscriber gsma endline download penetration inhabitants cri subscription mbps,40045816:p00400:c18:split-1|33937854:p00172:c02:split-1|33602788:p00150:c04:split-1|33815663:p00146:c02:split-1|33844146:p00135:c05:split-1
raw-c288,489,90,90,Incorporate resilience standards and climate screening in telecom infrastructure procurement,resilience_of_asset,0.4974,proposers bidder winning tendered rfp advantageous bidders tendering bid auctions bids tenders,34022655:p00362:c10:split-1|32971756:p00248:c05:split-1|33815663:p00222:c08:split-1|33937854:p00181:c12:split-1|33830968:p00413:c01:split-1
raw-c277,486,82,82,Incorporate resilience standards and climate screening in telecom infrastructure procurement,resilience_of_asset,0.4675,spds borrowers quotations edition gpn ipf notice arrange undb regulations governed accordance,33191006:p00449:c01:split-1|33830968:p00312:c01:split-1|34022655:p00456:c02:split-1|32093931:p00377:c01:split-1|33830968:p00422:c07:split-1
raw-c204,484,115,115,Deploy digital agriculture extension services for advisory and market access,digital_for_resilience,0.5342,p174461 p171034 p177158 p171099 p173373 p160418 p176181 p176126 p174946 de4a casa p176932,33835348:p00166:c01:split-1|34049907:p00180:c01:split-1|34388773:p00136:c08:split-1|33602788:p00177:c01:split-1|33815663:p00179:c01:split-1
raw-c044,483,90,90,Build digital coordination platforms for multi-agency emergency response and aid logistics,digital_for_resilience,0.4278,secretaries moi representatives moh ministers moha prime interior chair chaired minister composed,40080119:p00164:c03:split-1|40081960:p00161:c06:split-1|33786588:p00394:c14:split-1|34212364:p00059:c06:split-1|33815663:p00298:c01:split-1
raw-c270,483,84,84,Develop governance frameworks for disputed satellite data and trigger verification post-disaster,digital_for_resilience,0.3858,chair tcs chaired week twg representative cpcc designate psc tc secretary appointed,40083718:p00108:c07:split-1|34228623:p00228:c01:split-1|33985963:p00295:c09:split-1|33822742:p00231:c05:split-1|32093931:p00239:c02:split-1
raw-c271,480,89,89,Develop national fiber pooling and open access policies for resilient connectivity,resilience_of_asset,0.5111,regulatory frameworks legal enforcement laws legislation legislative regulation drafting pakistan reforms harmonization,40013198:p00158:c06:split-1|32108178:p00159:c02:split-1|32093931:p00160:c02:split-1|33813209:p00325:c07:split-1|40115517:p00046:c03:split-1
raw-c192,478,86,86,Design oversight and transparency frameworks for parametric trigger calibration and basis risk,digital_for_resilience,0.4128,attention study paid involve incorporate seek developed designed survey help prepare campaigns,32971756:p00496:c06:split-1|33844146:p00278:c01:split-1|33937854:p00178:c05:split-1|34196069:p00394:c15:split-1|33786588:p00288:c07:split-1
raw-c022,474,96,96,Design oversight and transparency frameworks for parametric trigger calibration and basis risk,digital_for_resilience,0.3155,inability little difficult unable cannot limiting ability challenge limit constraints resulting delays,34201758:p00257:c06:split-1|40110522:p00053:c19:split-1|33345981:p00151:c24:split-1|34460895:p00202:c04:split-1|34338772:p00112:c15:split-1
raw-c023,474,110,110,Deploy shock-responsive G2P digital payment systems linked to national ID and social registries,digital_for_resilience,0.4376,replenishment refund disbursements disburse reimbursements withdrawal advances paid transferred da reimbursement method,32971756:p00416:c10:split-1|32971756:p00416:c08:split-1|33753850:p00338:c01:split-1|40100544:p00206:c10:split-1|33421881:p00305:c01:split-1
raw-c260,469,85,85,Establish regional frameworks for cross-border digital resilience cooperation,resilience_of_asset,0.5111,collaborate sdm coordinate continental regionally harmonized coordinated member coordination recs harmonization coordinating,33830968:p00279:c02:split-1|34428613:p00263:c10:split-1|32321387:p00274:c08:split-1|33753850:p00233:c03:split-1|31889872:p00195:c12:split-1
raw-c105,465,94,94,Design oversight and transparency frameworks for parametric trigger calibration and basis risk,digital_for_resilience,0.3350,lesson earlier assumptions noted factors lessons another instance important furthermore studies addition,32108178:p00261:c03:split-1|34103719:p00041:c10:split-1|33602788:p00493:c07:split-1|40017533:p00131:c07:split-1|33830968:p00261:c13:split-1
raw-c129,465,66,66,Build digital business continuity capacity for SMEs and micro-enterprises,digital_for_resilience,0.5159,incubators incubation agritech hubs accelerator esos angel startup tech ites startups outsourcing,40072597:p00152:c02:split-1|33786588:p00169:c07:split-1|34338772:p00186:c02:split-1|34310682:p00127:c22:split-1|40072597:p00123:c13:split-1
raw-c145,457,100,100,Deploy digital agriculture extension services for advisory and market access,digital_for_resilience,0.5103,subcomponents participants focuses entrepreneurship smes enablers environment enabling stimulate ups skills literacy,40099485:p00039:c02:split-1|40100544:p00151:c03:split-1|33345981:p00210:c03:split-1|33107441:p00221:c11:split-1|34022655:p00359:c10:split-1
raw-c168,455,75,75,Integrate digital climate risk analytics into public financial management systems,digital_for_resilience,0.4251,tribunal books chart accountant statements accounting segregation combating accounts audit auditor maintained,31338295:p00347:c14:split-1|31338295:p00353:c02:split-1|34394311:p00286:c06:split-1|32527137:p00365:c03:split-1|34194833:p00327:c06:split-1
raw-c221,455,54,54,Establish regional frameworks for cross-border digital resilience cooperation,resilience_of_asset,0.4793,subregional recs rec ecowas igad comesa eac saa continental gambia waemu bissau,34022655:p00379:c14:split-1|34022655:p00172:c17:split-1|40078552:p00034:c05:split-1|40087727:p00154:c03:split-1|40087727:p00099:c06:split-1
raw-c063,453,88,88,Upgrade and harden government data centers for disaster resilience,resilience_of_asset,0.4593,house capacity capacities strengthen build building actors institutional sufficient strengthening strengthened enhance,34049907:p00461:c11:split-1|31747152:p00288:c03:split-1|34388773:p00208:c10:split-1|33822742:p00170:c11:split-1|34327188:p00197:c23:split-1
raw-c180,450,90,90,Incorporate resilience standards and climate screening in telecom infrastructure procurement,resilience_of_asset,0.4554,officers kfsu advisor officer consultant specialist ciu staffed senior secti afap assistant,33830968:p00425:c04:split-1|33835348:p00318:c07:split-1|34196069:p00447:c05:split-1|40039972:p00040:c02:split-1|40080396:p00053:c02:split-1
raw-c196,447,95,95,Deploy shock-responsive G2P digital payment systems linked to national ID and social registries,digital_for_resilience,0.4980,fran aise p169945 apl2 p111432 ascent p094103 afdb dpf warcip afd veloppement,31167658:p00330:c11:split-1|33191006:p00245:c05:split-1|34228623:p00188:c10:split-1|31747152:p00258:c05:split-1|33867703:p00024:c02:split-1
raw-c104,446,105,105,Design oversight and transparency frameworks for parametric trigger calibration and basis risk,digital_for_resilience,0.4155,smooth oversee accurate timely manage undertake objectives assist guidance align monitor day,33118666:p00420:c06:split-1|32626249:p00197:c05:split-1|33706639:p00572:c02:split-1|33118666:p00319:c10:split-1|32626249:p00342:c03:split-1
raw-c006,444,62,62,Develop national fiber pooling and open access policies for resilient connectivity,resilience_of_asset,0.6084,tower nofbi operators isps incumbent commercially operator mnos auctions viable subsidy capex,33815663:p00235:c10:split-1|32626249:p00191:c06:split-1|31866361:p00174:c08:split-1|33118666:p00281:c03:split-1|34394311:p00183:c09:split-1
raw-c144,443,89,89,Establish data protection and consent protocols for beneficiary registries used in emergency disbursements,resilience_of_asset,0.4231,sanction anticorruption satisfy directive limitation combating anti tor acceptable familiar inspection corruption,31338295:p00338:c10:split-1|40072597:p00195:c02:split-1|33862093:p00385:c09:split-1|33191006:p00325:c08:split-1|34228623:p00260:c07:split-1
raw-c232,443,71,71,Deploy digital education continuity platforms for remote learning during crises,digital_for_resilience,0.4842,employability career placement curricula mentorship equip learn learning courses curriculum competencies graduates,34228623:p00192:c12:split-1|33421881:p00369:c02:split-1|34228623:p00201:c03:split-1|34196134:p00192:c10:split-1|34228623:p00224:c06:split-1
raw-c298,443,57,57,Deploy shock-responsive G2P digital payment systems linked to national ID and social registries,digital_for_resilience,0.6229,id4d identif cate enrolling nigerian gabonese id rbpp foundational nidp identification fgn,31747152:p00275:c04:split-1|40042661:p00105:c10:split-1|33812956:p00200:c02:split-1|33813209:p00198:c10:split-1|31747152:p00496:c06:split-1
raw-c052,440,114,114,Establish data protection standards for emergency beneficiary targeting and cross-agency data sharing,resilience_of_asset,0.3381,promulgated became declared dated july january august february november october began took,34192090:p00023:c02:split-1|32971756:p00729:c32:split-1|32971756:p00308:c02:split-1|33985963:p00358:c12:split-1|33815663:p00297:c06:split-1
raw-c169,437,96,96,Develop governance frameworks for disputed satellite data and trigger verification post-disaster,digital_for_resilience,0.3645,newspaper constitution obligation amended covenants covenant mandated stipulated assembly amendment provisions enacted,40110459:p00388:c07:split-1|34201758:p00279:c07:split-1|33345981:p00398:c08:split-1|40126632:p00031:c09:split-1|40087727:p00257:c12:split-1
raw-c148,436,104,104,Design oversight and transparency frameworks for parametric trigger calibration and basis risk,digital_for_resilience,0.3224,parent assigned original created funded learned built associated involved previous developed used,40081106:p00052:c08:split-1|40013198:p00215:c03:split-1|31866361:p00250:c04:split-1|31747152:p00269:c07:split-1|33753850:p00355:c06:split-1
raw-c195,436,70,70,Design digital inclusion safeguards ensuring crisis response reaches populations without connectivity or devices,resilience_of_asset,0.6107,divide affordable bridging bridge equitable widespread unlock unconnected devices increasingly wider affordability,33835348:p00189:c07:split-1|33602788:p00145:c02:split-1|40031410:p00110:c03:split-1|34049907:p00165:c11:split-1|40052992:p00223:c03:split-1
raw-c259,435,112,112,Design oversight and transparency frameworks for parametric trigger calibration and basis risk,digital_for_resilience,0.4042,revising removal subcomponents contingent intermediate planned added cerc scope changes designed feasibility,33937854:p00315:c05:split-1|34196134:p00259:c03:split-1|40017533:p00123:c06:split-1|33937854:p00163:c09:split-1|33985963:p00357:c09:split-1
raw-c241,433,72,72,Design Cat DDO trigger mechanisms linked to digital connectivity and data infrastructure,digital_for_resilience,0.3049,ga gui lr ma bj room gb software number indicator ta lack,40045816:p00246:c01:split-1|40081960:p00140:c05:split-1|32321387:p00258:c01:split-1|33835348:p00246:c01:split-1|33107441:p00405:c08:split-1
raw-c130,431,83,83,Establish infrastructure sharing and emergency roaming policies between telecom operators,resilience_of_asset,0.6043,airtel camtel digicel uzbektelecom ethio monopoly arcep mnos gulation privatization incumbent sale,33753850:p00171:c03:split-1|34049907:p00236:c05:split-1|40080119:p00163:c07:split-1|31866361:p00206:c12:split-1|32971756:p00234:c06:split-1
raw-c097,430,103,103,"Enable digital credit, savings, and microinsurance products to build household liquidity buffers",digital_for_resilience,0.3732,retroactive proceeds lending representing financing loan counterpart cef financed equity agreement loans,34429409:p00248:c10:split-1|31167658:p00562:c02:split-1|33786588:p00266:c11:split-1|32971756:p00240:c11:split-1|33786588:p00262:c04:split-1
raw-c136,430,63,63,Develop national emergency telecommunications plans and spectrum sharing mandates,resilience_of_asset,0.5415,ciodes urgencies cameras fru samu callao lima urgency npp geolocation metropolitan calls,34203125:p00050:c04:split-1|31889872:p00234:c04:split-1|31889872:p00234:c07:split-1|31889872:p00370:c02:split-1|31889872:p00151:c02:split-1
raw-c284,429,84,84,Design oversight and transparency frameworks for parametric trigger calibration and basis risk,digital_for_resilience,0.4609,consultative participatory fed consultations exercises csos consulted stakeholder interactive rounds stakeholders engagement,40105151:p00062:c10:split-1|32321387:p00276:c18:split-1|31747152:p00363:c01:split-1|34201758:p00162:c10:split-1|33835349:p00276:c04:split-1
raw-c175,426,68,68,Deploy shock-responsive G2P digital payment systems linked to national ID and social registries,digital_for_resilience,0.3338,remarkable averaged distress fastest rich commodity outlook oil upper rankings gold slowed,34022655:p00139:c01:split-1|33822742:p00130:c05:split-1|40045816:p00097:c02:split-1|33786588:p00128:c05:split-1|34254903:p00084:c03:split-1
raw-c239,423,84,84,Develop national fiber pooling and open access policies for resilient connectivity,resilience_of_asset,0.5643,borderland extending subcomponents govnet incentivize mile missing backbone connectivity last broadband middle,33786588:p00201:c03:split-1|33844146:p00226:c04:split-1|33985963:p00285:c06:split-1|33107441:p00254:c13:split-1|33706639:p00226:c19:split-1
raw-c085,420,83,83,Integrate digital climate risk analytics into public financial management systems,digital_for_resilience,0.4758,fma bp fmm satisfy directive adequacy fm op conclusion pfmu directives fms,34397339:p00243:c17:split-1|31889872:p00393:c02:split-1|31167658:p00443:c01:split-1|33830968:p00309:c03:split-1|32108178:p00413:c02:split-1
raw-c159,420,124,124,Incorporate resilience standards and climate screening in telecom infrastructure procurement,resilience_of_asset,0.2955,archived q1 scheduled fy27 fy26 late begin october june december january september,40110459:p00334:c07:split-1|34357064:p00030:c08:split-1|40077325:p00051:c02:split-1|34222788:p00097:c06:split-1|40119486:p00010:c30:split-1
raw-c217,420,88,88,Design oversight and transparency frameworks for parametric trigger calibration and basis risk,digital_for_resilience,0.4413,midterm monitored biannual evaluate results progress indicators monitoring tracked updates evaluation outcome,31747152:p00170:c17:split-1|31167658:p00510:c14:split-1|33937854:p00417:c05:split-1|31167658:p00609:c11:split-1|32159890:p00155:c17:split-1
raw-c109,418,76,76,Build digital business continuity capacity for SMEs and micro-enterprises,digital_for_resilience,0.5218,vibrant economy exports accelerate position conducive competitiveness grow productive participate foster hub,32971756:p00283:c03:split-1|33107441:p00231:c16:split-1|31338295:p00132:c10:split-1|40072597:p00138:c13:split-1|33107441:p00435:c10:split-1
raw-c160,416,77,77,Establish national cybersecurity frameworks and CERTs for critical digital infrastructure,resilience_of_asset,0.6837,cnii certs csirts csirt cert cii tests soc incident cirt laboratory cyber,32108178:p00588:c03:split-1|40052992:p00174:c07:split-1|33602788:p00500:c06:split-1|40083718:p00072:c01:split-1|33602788:p00250:c01:split-1
raw-c096,415,91,91,Upgrade and harden government data centers for disaster resilience,resilience_of_asset,0.3387,hired recruited staffing recruit recruiting staffed consultancies positions hire hiring staff consultants,33812956:p00334:c03:split-1|34228859:p00035:c18:split-1|34222788:p00265:c02:split-1|33812956:p00253:c03:split-1|32159893:p00549:c08:split-1
raw-c189,414,57,57,Issue digital identity credentials to displaced and crisis-affected populations lacking documentation,digital_for_resilience,0.5756,kyc nagarik authentication verification identities layer verifiable identity sdid signatures id app,34338772:p00236:c11:split-1|34222788:p00094:c13:split-1|31866361:p00183:c03:split-1|33812956:p00190:c05:split-1|40052992:p00179:c02:split-1
raw-c206,414,83,83,Design oversight and transparency frameworks for parametric trigger calibration and basis risk,digital_for_resilience,0.5093,complaint complaints rules grievances ensures code redress licensing comply grievance guidelines enforcement,34428613:p00148:c03:split-1|40034360:p00111:c12:split-1|40081960:p00173:c02:split-1|31866361:p00140:c14:split-1|40080119:p00094:c20:split-1
raw-c031,411,93,93,Design oversight and transparency frameworks for parametric trigger calibration and basis risk,digital_for_resilience,0.3841,pp ppsd pbc pbcs awpb ppa pce rpf mpa pdo eptc pcm,31866361:p00397:c07:split-1|34275965:p00231:c01:split-1|33107441:p00273:c05:split-1|33786588:p00521:c03:split-1|33602788:p00434:c03:split-1
raw-c019,409,69,69,Establish financial consumer protection frameworks for digital lending during crises,digital_for_resilience,0.2927,rebounded contraction deficit slowdown decline fy20 fy22 recession inflation recover grow gradual,33835349:p00131:c04:split-1|33107441:p00638:c06:split-1|34131348:p00127:c11:split-1|34022655:p00143:c04:split-1|33053299:p00155:c06:split-1
raw-c078,408,103,103,Design oversight and transparency frameworks for parametric trigger calibration and basis risk,digital_for_resilience,0.3190,viii vii vi iv ii bcc iii ta provisions waste section safety,32093931:p00192:c01:split-1|31167658:p00329:c12:split-1|31167658:p00574:c02:split-1|40027697:p00220:c57:split-1|33985963:p00344:c08:split-1
raw-c234,408,120,120,Deploy shock-responsive G2P digital payment systems linked to national ID and social registries,digital_for_resilience,0.4356,undisbursed sdr directors supplemental stood imf bj formally april executive disclosed cancellation,34059801:p00027:c01:split-1|40105151:p00050:c02:split-1|40022182:p00060:c05:split-1|40095037:p00127:c01:split-1|34203125:p00038:c01:split-1
raw-c289,407,70,70,Incorporate resilience standards and climate screening in telecom infrastructure procurement,resilience_of_asset,0.4921,infraco ppp ppps subsidies auction structuring anchor crowding spv catalytic tender contributions,40080119:p00205:c02:split-1|34275965:p00105:c01:split-1|32971756:p00312:c02:split-1|33985963:p00163:c05:split-1|34428613:p00176:c07:split-1
raw-c210,406,70,70,Develop national fiber pooling and open access policies for resilient connectivity,resilience_of_asset,0.6504,telecoms regulator liberalization spectrum regime arcep telecom interconnection governing roaming telecommunications privatization,33786588:p00182:c13:split-1|34394311:p00169:c08:split-1|33985963:p00302:c01:split-1|33862093:p00168:c03:split-1|33786588:p00203:c04:split-1
raw-c223,406,84,84,Design oversight and transparency frameworks for parametric trigger calibration and basis risk,digital_for_resilience,0.4360,introducing outputs lessons parallel strengthened interventions seek designed leverage adopt learned outcomes,33815663:p00285:c09:split-1|34228623:p00192:c09:split-1|33835348:p00350:c06:split-1|32321387:p00265:c04:split-1|32527137:p00233:c01:split-1
raw-c062,403,63,63,Address algorithmic fairness and gender exclusion risks in social protection targeting systems,resilience_of_asset,0.6014,professions empowering bridging girls equality ambassadors sex gender equal women pwds empowerment,32093931:p00296:c10:split-1|32093931:p00395:c14:split-1|32321387:p00435:c04:split-1|40100544:p00151:c13:split-1|33107441:p00464:c04:split-1
raw-c115,402,77,77,Establish national cybersecurity frameworks and CERTs for critical digital infrastructure,resilience_of_asset,0.6766,cyberattacks firewalls attacks threats breaches cyberthreats cyber incidents cybersecurity detection incident threat,34049898:p00223:c03:split-1|33844146:p00154:c02:split-1|33118666:p00254:c19:split-1|40095037:p00184:c07:split-1|33107441:p00168:c13:split-1
raw-c203,401,85,85,Deploy climate-resilient fiber-to-the-premises in hazard-prone areas,resilience_of_asset,0.4076,lots located cities localities villages districts zones north locations km islands living,40045816:p00380:c18:split-1|34201758:p00151:c02:split-1|40042661:p00185:c06:split-1|33835349:p00150:c06:split-1|34196134:p00137:c03:split-1
raw-c058,399,97,97,Develop and regularly test government ICT business continuity and disaster recovery plans,resilience_of_asset,0.5353,sip num rique minist dto blueprint posts moitt master agenda mocit secretary,32108178:p00279:c02:split-1|40110459:p00234:c03:split-1|33862093:p00241:c09:split-1|40081960:p00108:c01:split-1|40080119:p00108:c01:split-1
raw-c142,399,89,89,Integrate digital climate risk analytics into public financial management systems,digital_for_resilience,0.3684,unaudited interim ifrs quarterly iufrs variances ifr afs semester semi overdue statements,34397339:p00228:c15:split-1|31747152:p00351:c01:split-1|33937854:p00391:c12:split-1|40080119:p00214:c07:split-1|33053299:p00176:c01:split-1
raw-c101,398,73,73,Develop national fiber pooling and open access policies for resilient connectivity,resilience_of_asset,0.6678,incentivize invest mile middle backbone optic last fiber networks attract connectivity encourage,32321387:p00404:c02:split-1|33786588:p00221:c03:split-1|32971756:p00209:c02:split-1|33937854:p00140:c04:split-1|40042661:p00109:c10:split-1
raw-c034,396,65,65,Deploy climate-resilient fiber-to-the-premises in hazard-prone areas,resilience_of_asset,0.6047,copper fibers ftth gbps optical cellular microwave fttp underground aerial ace speeds,34397339:p00385:c11:split-1|34394311:p00142:c06:split-1|33937854:p00152:c02:split-1|40017533:p00130:c07:split-1|34254903:p00127:c03:split-1
raw-c065,394,84,84,Deploy digital education continuity platforms for remote learning during crises,digital_for_resilience,0.3605,diploma trainer workshop conference trainees trainers train trained trainings satisfied courses curriculum,34049898:p00522:c03:split-1|34397339:p00337:c09:split-1|34310682:p00193:c09:split-1|40028045:p00162:c05:split-1|33786588:p00228:c02:split-1
raw-c133,393,92,92,Upgrade and harden government data centers for disaster resilience,resilience_of_asset,0.2389,pessimistic optimistic exceed stands reaching representing figures calls neutral percent almost scenario,31167658:p00648:c05:split-1|34327188:p00211:c04:split-1|40013198:p00345:c02:split-1|32093931:p00396:c21:split-1|34228623:p00212:c04:split-1
raw-c122,390,86,86,Integrate digital climate risk analytics into public financial management systems,digital_for_resilience,0.4043,consumables diem rental supplies retroactive finance finances eib financed expenses consultancy salaries,40072597:p00142:c02:split-1|33191006:p00358:c01:split-1|33813209:p00270:c22:split-1|33813209:p00190:c04:split-1|33835349:p00211:c11:split-1
raw-c002,388,70,70,Develop national fiber pooling and open access policies for resilient connectivity,resilience_of_asset,0.5842,wi fi tvets hotspots unserved schools unconnected affordable benefit connecting enhanced offices,40095037:p00220:c33:split-1|34429409:p00136:c03:split-1|32321387:p00206:c15:split-1|33107441:p00221:c05:split-1|31866361:p00153:c06:split-1
raw-c007,386,74,74,Address algorithmic fairness and gender exclusion risks in social protection targeting systems,resilience_of_asset,0.3014,believe excluded unable otherwise cannot adversely likely difficult able less face affected,31747152:p00128:c11:split-1|34201758:p00179:c05:split-1|32159893:p00189:c12:split-1|32108178:p00313:c08:split-1|31747152:p00209:c08:split-1
raw-c267,386,74,74,Design digital inclusion safeguards ensuring crisis response reaches populations without connectivity or devices,resilience_of_asset,0.4871,lags obstacle underdeveloped impede hindered lacks outdated taxation nascent inefficient limits constrained,33835349:p00141:c10:split-1|34218724:p00099:c04:split-1|34388773:p00121:c07:split-1|31338295:p00134:c01:split-1|33191006:p00273:c02:split-1
raw-c274,385,95,95,Incorporate resilience standards and climate screening in telecom infrastructure procurement,resilience_of_asset,0.3353,restructuring rationale restructured seeks removed proposes changes processed rf cancellation second proposed,34004583:p00030:c09:split-1|40105151:p00049:c03:split-1|40110522:p00051:c07:split-1|40105675:p00125:c19:split-1|34456824:p00079:c02:split-1
raw-c049,384,71,71,Address algorithmic fairness and gender exclusion risks in social protection targeting systems,resilience_of_asset,0.5393,devoted tackling retention empowering mentorship empowerment female women girls youth associations entrepreneurs,34429409:p00268:c17:split-1|40087727:p00192:c08:split-1|32971756:p00506:c05:split-1|32093931:p00296:c03:split-1|34254903:p00113:c11:split-1
raw-c102,384,81,81,Implement digital platforms for port and maritime supply chain resilience,digital_for_resilience,0.5242,macro enhancement foundations digitization contribute investing mongolia broader enablers thereby competitiveness cpf,31866361:p00194:c05:split-1|34228623:p00158:c11:split-1|33118666:p00257:c09:split-1|32093931:p00263:c01:split-1|40042661:p00187:c21:split-1
raw-c156,384,50,50,Issue digital identity credentials to displaced and crisis-affected populations lacking documentation,digital_for_resilience,0.4777,nimc nin nigerians immigration nins citizenship npopc nadra nidp births act deaths,31747152:p00755:c05:split-1|31747152:p00779:c04:split-1|31747152:p00296:c01:split-1|31747152:p00502:c29:split-1|31747152:p00414:c11:split-1
raw-c158,384,97,97,Design oversight and transparency frameworks for parametric trigger calibration and basis risk,digital_for_resilience,0.3583,a2 annexes annex summarized a3 section a1 table elaborated schedule details paragraph,32108178:p00518:c06:split-1|33706639:p00393:c07:split-1|34429409:p00121:c06:split-1|32159893:p00168:c03:split-1|33602788:p00332:c02:split-1
raw-c135,383,75,75,Develop national fiber pooling and open access policies for resilient connectivity,resilience_of_asset,0.4352,diversified diversify diversification prosperity structural competitiveness conducive job creation drive transform boosting,33822742:p00154:c05:split-1|34338772:p00147:c20:split-1|31167658:p00201:c23:split-1|40087727:p00110:c10:split-1|31889872:p00131:c04:split-1
raw-c235,382,65,65,Incorporate resilience standards and climate screening in telecom infrastructure procurement,resilience_of_asset,0.4118,crowd incentivize mobilize catalytic attracting attract private attractive crowding encourage investors catalyze,33844146:p00257:c05:split-1|40080119:p00160:c03:split-1|34388773:p00177:c15:split-1|32159893:p00345:c05:split-1|40042661:p00181:c02:split-1
raw-c090,381,70,70,Strengthen mobile money agent network resilience for cash-out during disruptions,resilience_of_asset,0.3792,undervaluation vested excessive liquidity shortages appetite scarcity crowding affecting interests characterized macroeconomic,34194833:p00107:c02:split-1|33985963:p00356:c09:split-1|32971756:p00736:c05:split-1|34228623:p00278:c04:split-1|32321387:p00358:c16:split-1
raw-c187,378,85,85,Deploy crowdsourced disaster reporting and social media monitoring for situational awareness,digital_for_resilience,0.4582,collect store datasets analyze collecting produce collected databases collection analytics statistics sources,34428613:p00204:c05:split-1|34275965:p00155:c08:split-1|40007594:p00044:c07:split-1|33830968:p00228:c12:split-1|40072597:p00160:c04:split-1
raw-c121,377,87,87,Design oversight and transparency frameworks for parametric trigger calibration and basis risk,digital_for_resilience,0.3285,piu spiu ciu pius housed established mict dedicated pcu staffing recently created,34192090:p00051:c01:split-1|31889872:p00235:c03:split-1|34196069:p00277:c03:split-1|32093931:p00241:c01:split-1|34388773:p00281:c12:split-1
raw-c243,376,96,96,Design oversight and transparency frameworks for parametric trigger calibration and basis risk,digital_for_resilience,0.3919,throughout cycle involved implementation effectiveness parent implemented implement life reflect actions implementing,31747152:p00583:c11:split-1|31747152:p00744:c05:split-1|34310682:p00197:c04:split-1|33822742:p00290:c25:split-1|32971756:p00429:c06:split-1
raw-c134,375,80,80,Build digital coordination platforms for multi-agency emergency response and aid logistics,digital_for_resilience,0.4045,weak insufficient lacks inadequate compounded lack cscs limited equipped weaknesses constraints capacities,34327188:p00242:c03:split-1|32321387:p00275:c04:split-1|31338295:p00246:c05:split-1|33812956:p00299:c02:split-1|32321387:p00273:c01:split-1
raw-c028,372,72,72,Deploy digital agriculture extension services for advisory and market access,digital_for_resilience,0.5153,dividends diagnostic highlights nascent recognizes diversification accelerating forward importance highlighted investing contribution,40072597:p00095:c03:split-1|32108178:p00584:c05:split-1|33813209:p00149:c13:split-1|40045816:p00400:c01:split-1|34428613:p00103:c06:split-1
raw-c143,371,100,100,Incorporate resilience standards and climate screening in telecom infrastructure procurement,resilience_of_asset,0.4838,procurable procurements thresholds fit deliverables packages procured bidding items stages procurement documents,34196069:p00489:c03:split-1|33786588:p00528:c04:split-1|31167658:p00481:c01:split-1|33862093:p00359:c02:split-1|33937854:p00239:c05:split-1
raw-c312,370,78,78,Design oversight and transparency frameworks for parametric trigger calibration and basis risk,digital_for_resilience,0.4148,vii iv iii ii vi recommendations mapping campaigns guidance feasibility cr establishing,31167658:p00611:c15:split-1|33753850:p00265:c03:split-1|31866282:p00095:c06:split-1|31167658:p00616:c01:split-1|33844146:p00213:c07:split-1
raw-c061,369,75,75,Develop national fiber pooling and open access policies for resilient connectivity,resilience_of_asset,0.6401,iru ducts fttp indefeasible passive station landing poles govnet backhaul cables optical,34049907:p00593:c02:split-1|34194833:p00357:c03:split-1|40042661:p00190:c09:split-1|34460895:p00178:c06:split-1|40042661:p00158:c06:split-1
raw-c076,368,107,107,Design oversight and transparency frameworks for parametric trigger calibration and basis risk,digital_for_resilience,0.3896,draws theory takes lessons builds reflects complex complexity parent design original structure,32093931:p00382:c02:split-1|31167658:p00202:c01:split-1|34275965:p00150:c01:split-1|33107441:p00291:c06:split-1|33822742:p00294:c17:split-1
raw-c132,368,90,90,Integrate digital climate risk analytics into public financial management systems,digital_for_resilience,0.4065,consultancies finance ce financed subcomponents description ta matching complement hardware specifically installation,33786588:p00203:c09:split-1|33191006:p00212:c04:split-1|32044477:p00034:c04:split-1|34228623:p00183:c12:split-1|34327188:p00155:c01:split-1
raw-c060,367,83,83,Deploy shock-responsive G2P digital payment systems linked to national ID and social registries,digital_for_resilience,0.4054,supports pillar help complement contribute area farmers positive directly objective villages benefit,33706639:p00330:c02:split-1|33706639:p00333:c03:split-1|34254903:p00104:c19:split-1|33835349:p00214:c06:split-1|33815663:p00171:c11:split-1
raw-c174,367,77,77,Diversify equipment vendor dependencies for telecom supply chain resilience,resilience_of_asset,0.4374,competition markets customers economies entry attract players market competitive consumers prices products,32626249:p00176:c04:split-1|33862093:p00168:c15:split-1|31866361:p00304:c12:split-1|32321387:p00404:c15:split-1|33815663:p00271:c09:split-1
raw-c176,367,78,78,Deploy shock-responsive G2P digital payment systems linked to national ID and social registries,digital_for_resilience,0.4202,positioned collaborating twin uniquely brings ending convening wbg corporation imf ifc unicef,40072597:p00146:c01:split-1|33985963:p00161:c01:split-1|31866282:p00106:c03:split-1|34275965:p00145:c01:split-1|40052992:p00233:c12:split-1
raw-c188,367,99,99,Deploy shock-responsive G2P digital payment systems linked to national ID and social registries,digital_for_resilience,0.3806,incurred retroactive stipulated appraisal expenses agreements incremental eligible expenditures agreement statement recipient,31889872:p00388:c02:split-1|33602788:p00381:c04:split-1|34327188:p00276:c13:split-1|32321387:p00218:c03:split-1|32108178:p00612:c02:split-1
raw-c042,366,100,100,Design oversight and transparency frameworks for parametric trigger calibration and basis risk,digital_for_resilience,0.4443,evaluations feasibility assess assessment preliminary conducted studies preparatory assessments study assessed reviews,34049907:p00349:c01:split-1|33830968:p00309:c01:split-1|34397339:p00238:c06:split-1|33830968:p00309:c04:split-1|34428613:p00229:c04:split-1
raw-c008,365,79,79,Deploy shock-responsive G2P digital payment systems linked to national ID and social registries,digital_for_resilience,0.4542,fy17 fy18 fy16 fy25 cpf rebuilding fy21 partnership twin ida19 fcv fy23,33844146:p00160:c01:split-1|32527137:p00144:c01:split-1|34131348:p00155:c01:split-1|32626249:p00144:c01:split-1|34204848:p00133:c01:split-1
raw-c014,364,69,69,Monitor climate vulnerability of digital infrastructure using geospatial and climate projection data,resilience_of_asset,0.5280,damaging severity river threaten droughts storm susceptible hazard intense floods precipitation landslides,31167658:p00207:c08:split-1|34049898:p00230:c07:split-1|34338772:p00681:c03:split-1|31338295:p00174:c05:split-1|32626249:p00436:c04:split-1
raw-c155,364,83,83,Deploy digital agriculture extension services for advisory and market access,digital_for_resilience,0.4125,cscs customer providers offer accessing delivered retail service services deliver advisory users,40100544:p00127:c18:split-1|40081960:p00127:c11:split-1|33835348:p00147:c11:split-1|31167658:p00609:c09:split-1|34228623:p00252:c02:split-1
raw-c286,364,55,55,Provide emergency connectivity to displaced populations in humanitarian settings,digital_for_resilience,0.3891,tensions sociopolitical insurgency armed violent tigray insecurity fragile conflict somali protracted instability,34194833:p00096:c07:split-1|34194833:p00106:c09:split-1|33835348:p00124:c07:split-1|40080119:p00237:c03:split-1|34194833:p00098:c02:split-1
raw-c003,361,91,91,Use anonymized mobile network data for real-time population displacement tracking during disasters,digital_for_resilience,0.3790,ages aged adults deaths age adult displaced population people nearly registered approximately,34049907:p00636:c06:split-1|31866361:p00285:c11:split-1|32159893:p00297:c01:split-1|40095037:p00155:c10:split-1|33786588:p00421:c07:split-1
raw-c056,361,76,76,Implement digital platforms for port and maritime supply chain resilience,digital_for_resilience,0.4716,blockchain vendor apps artificial lock modular technological innovative interoperable intelligence neutral technology,31747152:p00574:c28:split-1|33786588:p00250:c04:split-1|32159893:p00192:c02:split-1|34049898:p00523:c18:split-1|31338295:p00142:c11:split-1
raw-c123,359,67,67,Upgrade and harden government data centers for disaster resilience,resilience_of_asset,0.5252,surpass star seal battery wind lighting renewable solar pue batteries ee cooling,31889872:p00185:c03:split-1|34310682:p00146:c07:split-1|34204848:p00153:c16:split-1|40034360:p00206:c04:split-1|34428613:p00176:c10:split-1
raw-c283,359,71,71,Monitor climate vulnerability of digital infrastructure using geospatial and climate projection data,resilience_of_asset,0.5608,topography hurricanes notre dame earthquakes cyclones hurricane nd lying rain geophysical variability,33813209:p00202:c07:split-1|31338295:p00124:c02:split-1|33813209:p00130:c01:split-1|34310682:p00080:c02:split-1|33602788:p00558:c05:split-1
raw-c013,358,64,64,Address algorithmic fairness and gender exclusion risks in social protection targeting systems,resilience_of_asset,0.4386,dropout pregnancy prevalence boys parity marriage pronounced versus inequality tertiary force men,32971756:p00128:c01:split-1|33786588:p00133:c03:split-1|32971756:p00666:c01:split-1|33815663:p00166:c04:split-1|34022655:p00145:c01:split-1
raw-c083,358,94,94,Design oversight and transparency frameworks for parametric trigger calibration and basis risk,digital_for_resilience,0.3126,need requiring necessary needs needed sufficient deemed required requires require adequate appropriate,33191006:p00160:c09:split-1|33867703:p00029:c12:split-1|40095037:p00171:c07:split-1|34103719:p00037:c07:split-1|32093931:p00305:c07:split-1
raw-c118,358,95,95,Design oversight and transparency frameworks for parametric trigger calibration and basis risk,digital_for_resilience,0.3327,outlive seek envisaged aims intended seeks anticipated designed expected scope take continue,32321387:p00158:c16:split-1|34194833:p00321:c14:split-1|32527137:p00244:c01:split-1|31167658:p00600:c01:split-1|33191006:p00199:c05:split-1
raw-c247,358,89,89,Incorporate resilience standards and climate screening in telecom infrastructure procurement,resilience_of_asset,0.4049,specialists specialist assistant recruit recruited officer experts expert coordinator recruiting staffed consultants,32108178:p00278:c03:split-1|40052992:p00248:c06:split-1|34429409:p00203:c04:split-1|32159893:p00202:c05:split-1|34022655:p00383:c06:split-1
raw-c287,357,76,76,Build digital coordination platforms for multi-agency emergency response and aid logistics,digital_for_resilience,0.4809,buy academia whole stakeholders dialogue leadership involving political highest require commitment strong,33345981:p00370:c01:split-1|34275965:p00150:c10:split-1|31866361:p00243:c01:split-1|33706639:p00341:c02:split-1|40080119:p00164:c11:split-1
raw-c295,356,68,68,Develop interoperability standards across humanitarian and government digital response systems,resilience_of_asset,0.6158,geospatial machine policymaking gems statistical geo formats datasets analytics big dissemination spatial,33602788:p00235:c02:split-1|40109413:p00057:c03:split-1|34049907:p00584:c10:split-1|40072597:p00121:c05:split-1|33830968:p00179:c02:split-1
raw-c314,356,109,109,Design oversight and transparency frameworks for parametric trigger calibration and basis risk,digital_for_resilience,0.4453,scorecard cris rf corporate indicators targets revise results adjust intermediate revisions indicator,34456824:p00061:c04:split-1|40115517:p00039:c11:split-1|34295403:p00032:c04:split-1|34357064:p00040:c01:split-1|34295403:p00138:c08:split-1
raw-c087,355,90,90,Upgrade and harden government data centers for disaster resilience,resilience_of_asset,0.4012,ability strengthened improvements improve boost better enhance upgrade strengthen help increase make,34131348:p00266:c03:split-1|40100544:p00139:c11:split-1|34194833:p00187:c04:split-1|40110522:p00053:c30:split-1|31747152:p00407:c03:split-1
raw-c151,355,95,95,Deploy shock-responsive G2P digital payment systems linked to national ID and social registries,digital_for_resilience,0.4240,mntic doit dgted moitt mocit cntippee psmgg po moecct housed pmo pmu,33835349:p00253:c01:split-1|32527137:p00293:c13:split-1|33835349:p00271:c07:split-1|33107441:p00237:c04:split-1|40115059:p00913:c29:split-1
raw-c197,355,88,88,Design oversight and transparency frameworks for parametric trigger calibration and basis risk,digital_for_resilience,0.4082,pims fpm pim pom om chapter manual documented composition detailed forth detail,33830968:p00400:c07:split-1|34338772:p00218:c13:split-1|34194833:p00251:c15:split-1|33862093:p00248:c16:split-1|34380714:p00041:c05:split-1
raw-c254,354,74,74,Design oversight and transparency frameworks for parametric trigger calibration and basis risk,digital_for_resilience,0.3915,safeguarded accurate iv audits auditors assets auditor statement accounting auditing reliable fraud,34204848:p00291:c05:split-1|33862093:p00385:c02:split-1|33191006:p00430:c09:split-1|34131348:p00309:c01:split-1|33815663:p00438:c06:split-1
raw-c281,354,74,74,Address algorithmic fairness and gender exclusion risks in social protection targeting systems,resilience_of_asset,0.5541,populations disabilities equitable displaced vulnerable indigenous marginalized otherwise targeting groups refugees elderly,40095037:p00220:c35:split-1|34196069:p00234:c02:split-1|40087727:p00230:c07:split-1|34204848:p00128:c22:split-1|34428613:p00157:c02:split-1
raw-c000,352,113,113,Upgrade and harden government data centers for disaster resilience,resilience_of_asset,0.2804,helped beginning underway started decade now much yet far effort efforts continues,40081960:p00096:c05:split-1|33985963:p00287:c15:split-1|40052992:p00116:c04:split-1|33835348:p00135:c02:split-1|40037981:p00038:c14:split-1
raw-c198,351,70,70,Integrate digital climate risk analytics into public financial management systems,digital_for_resilience,0.4778,miga guarantees ifc maximizing mobilizing mfd multilateral intermediary corporation risking lending mobilization,34194833:p00150:c14:split-1|34049907:p00390:c10:split-1|34429409:p00120:c01:split-1|34022655:p00227:c02:split-1|33107441:p00191:c07:split-1
raw-c222,351,76,76,Integrate digital climate risk analytics into public financial management systems,digital_for_resilience,0.4166,fms fpfmd fm adequacy mfd arrangements staffing specialist function supervision af qualified,33862093:p00280:c15:split-1|33862093:p00280:c01:split-1|40028045:p00138:c04:split-1|34254903:p00229:c07:split-1|33830968:p00310:c05:split-1
raw-c264,351,110,110,Incorporate resilience standards and climate screening in telecom infrastructure procurement,resilience_of_asset,0.3285,closing timeframe date achievable extension extend closure became timeline extended restructured june,40109413:p00086:c05:split-1|40007594:p00038:c05:split-1|34295403:p00083:c03:split-1|34428382:p00041:c04:split-1|34440132:p00050:c01:split-1
raw-c278,351,82,82,Design oversight and transparency frameworks for parametric trigger calibration and basis risk,digital_for_resilience,0.4931,verify assurance proper safeguard compliance transparent timely minimize controls accountability monitor adequate,31747152:p00601:c07:split-1|33835348:p00158:c07:split-1|33706639:p00326:c06:split-1|33813209:p00223:c06:split-1|40042661:p00227:c44:split-1
raw-c051,350,84,84,Build digital coordination platforms for multi-agency emergency response and aid logistics,digital_for_resilience,0.4286,participates attributions rpcc cpcc thereafter composition pit pcu pic committees direction representative,34310682:p00173:c03:split-1|40087727:p00226:c03:split-1|34310682:p00254:c11:split-1|33867703:p00033:c10:split-1|33345981:p00239:c02:split-1
raw-c161,350,70,70,Design oversight and transparency frameworks for parametric trigger calibration and basis risk,digital_for_resilience,0.4276,variables sensitivity estimation calculations cba ran assumptions calculate optimistic relies pessimistic methodology,34397339:p00218:c05:split-1|31747152:p00132:c08:split-1|40081960:p00187:c05:split-1|31889872:p00478:c01:split-1|34397339:p00369:c13:split-1
raw-c030,349,99,99,Design oversight and transparency frameworks for parametric trigger calibration and basis risk,digital_for_resilience,0.4248,operationalize implement steps phases implemented put action actions inform implementing implementation plans,33345981:p00156:c05:split-1|33835349:p00239:c11:split-1|33844146:p00364:c03:split-1|32626249:p00257:c10:split-1|34131348:p00302:c08:split-1
raw-c077,349,93,93,Deploy shock-responsive G2P digital payment systems linked to national ID and social registries,digital_for_resilience,0.4438,bnr banco brasil denominated sefaz opened xaf segregated signatories dollar bceao dollars,34049907:p00486:c03:split-1|40017533:p00176:c01:split-1|34049907:p00487:c02:split-1|33345981:p00378:c02:split-1|33421881:p00299:c02:split-1
raw-c106,348,110,110,Design oversight and transparency frameworks for parametric trigger calibration and basis risk,digital_for_resilience,0.3130,later date scheduled timeframe days months closing extension effectiveness calendar month recipient,40096777:p00045:c06:split-1|34440132:p00046:c05:split-1|34307768:p00043:c03:split-1|34303107:p00068:c03:split-1|34295403:p00113:c03:split-1
raw-c219,348,74,74,Deploy digital agriculture extension services for advisory and market access,digital_for_resilience,0.4433,institutes skill tvet trainings courses trainers sessions train vocational graduates ciras training,40087727:p00186:c06:split-1|33822742:p00247:c02:split-1|32159893:p00268:c04:split-1|34049898:p00515:c09:split-1|33602788:p00496:c05:split-1
raw-c306,348,73,73,Integrate digital climate risk analytics into public financial management systems,digital_for_resilience,0.5333,nap ndcs paris nationally ndc decarbonization determined contributions goals convention contribution adaptation,34428613:p00121:c02:split-1|34327188:p00220:c16:split-1|40017533:p00133:c05:split-1|32093931:p00168:c02:split-1|40052992:p00120:c02:split-1
raw-c315,347,103,103,Design oversight and transparency frameworks for parametric trigger calibration and basis risk,digital_for_resilience,0.3650,encountered delayed delays slow compounded delay faced fragmented pace resulted complexity restrictions,40055094:p00047:c02:split-1|40096777:p00041:c03:split-1|40100650:p00038:c02:split-1|34295403:p00078:c03:split-1|40100650:p00044:c02:split-1
raw-c170,346,77,77,Develop and regularly test government ICT business continuity and disaster recovery plans,resilience_of_asset,0.5063,dom viii reengineering enterprise death architecture digitizing unified migration digitalized portal vi,34443340:p00040:c05:split-1|40100544:p00139:c03:split-1|40100544:p00147:c13:split-1|34460895:p00129:c07:split-1|34428613:p00165:c04:split-1
raw-c293,346,50,50,"Enable digital credit, savings, and microinsurance products to build household liquidity buffers",digital_for_resilience,0.6633,microfinance fintech dfs msmes products micro money insurance inclusion banking informal transfers,32159893:p00220:c03:split-1|33602788:p00493:c27:split-1|32108178:p00553:c04:split-1|40117525:p00054:c09:split-1|40117525:p00010:c18:split-1
raw-c294,346,68,68,Scale mobile money for post-disaster person-to-person remittances,digital_for_resilience,0.3793,disproportionately inequality incomes inequalities remittances poverty displacement socioeconomic livelihoods unemployment affecting food,32971756:p00131:c03:split-1|40052992:p00103:c07:split-1|33118666:p00251:c05:split-1|33191006:p00487:c06:split-1|31866361:p00133:c23:split-1
raw-c303,344,71,71,Build digital business continuity capacity for SMEs and micro-enterprises,digital_for_resilience,0.5158,fueled rapidly increasingly technologies come economies greater accelerated consumer adoption commerce businesses,32626249:p00418:c04:split-1|33118666:p00294:c04:split-1|33107441:p00633:c01:split-1|33786588:p00177:c05:split-1|33345981:p00194:c07:split-1
raw-c048,343,101,101,Design oversight and transparency frameworks for parametric trigger calibration and basis risk,digital_for_resilience,0.4041,indicator score modified changed intermediate indicators rationale dropped corporate measured pdo added,40117525:p00050:c15:split-1|34325711:p00041:c01:split-1|31167658:p00510:c01:split-1|40105675:p00087:c06:split-1|33830968:p00181:c02:split-1
raw-c117,343,68,68,Establish financial consumer protection frameworks for digital lending during crises,digital_for_resilience,0.3703,downturn ukraine tourist containment infections invasion recession russia hit coronavirus war outbreak,33191006:p00374:c02:split-1|33813209:p00124:c04:split-1|33345981:p00138:c17:split-1|32108178:p00136:c09:split-1|40052992:p00103:c05:split-1
raw-c299,343,77,77,Deploy shock-responsive G2P digital payment systems linked to national ID and social registries,digital_for_resilience,0.4526,villages districts roads zones regions northern rehabilitation treatment mapping localities settlements pilot,33835348:p00202:c03:split-1|32159893:p00347:c02:split-1|33706639:p00296:c02:split-1|31167658:p00535:c11:split-1|33191006:p00346:c02:split-1
raw-c301,343,74,74,Integrate digital climate risk analytics into public financial management systems,digital_for_resilience,0.4759,ipsas gifmis treasury instructions ifmis chart maintains budgetary accounting mocd documented accounts,33118666:p00444:c02:split-1|34204848:p00302:c02:split-1|31889872:p00399:c03:split-1|34310682:p00278:c02:split-1|34397339:p00243:c33:split-1
raw-c100,342,75,75,Deploy digital agriculture extension services for advisory and market access,digital_for_resilience,0.5178,livelihoods smallholder prosperity farmers poorest chains incomes aid food poverty agricultural targeting,33985963:p00153:c24:split-1|33706639:p00279:c03:split-1|34275965:p00102:c14:split-1|34022655:p00183:c11:split-1|31167658:p00618:c16:split-1
raw-c094,341,78,78,Establish digital accessibility standards for persons with disabilities in crisis services,resilience_of_asset,0.5015,accessed accessibility universally accessible universal disabilities means users allowing devices usage user,33815663:p00427:c03:split-1|34310682:p00099:c10:split-1|34204848:p00189:c15:split-1|33835348:p00180:c13:split-1|31747152:p00568:c02:split-1
raw-c245,338,69,69,Build digital coordination platforms for multi-agency emergency response and aid logistics,digital_for_resilience,0.6020,imminent relief uncommitted swiftly crises emergencies pandemics albeit agile disseminate balances alerts,31338295:p00139:c09:split-1|33822742:p00440:c04:split-1|34022655:p00437:c05:split-1|33191006:p00251:c06:split-1|33862093:p00228:c02:split-1
raw-c255,338,87,87,Build digital coordination platforms for multi-agency emergency response and aid logistics,digital_for_resilience,0.4717,managerial assistance advisory ta technical workshops building transfer trainings capacity pilot specifications,34204848:p00290:c05:split-1|40100544:p00170:c02:split-1|33835348:p00136:c10:split-1|34022655:p00312:c04:split-1|34194833:p00127:c04:split-1
raw-c256,338,95,95,Deploy shock-responsive G2P digital payment systems linked to national ID and social registries,digital_for_resilience,0.3553,cleared reviewed negotiations agreed world ibrd bank approved acceptable wb received submitted,32159893:p00558:c03:split-1|31167658:p00487:c20:split-1|33706639:p00567:c03:split-1|32108178:p00414:c09:split-1|31747152:p00431:c06:split-1
raw-c016,336,80,80,Establish regional frameworks for cross-border digital resilience cooperation,resilience_of_asset,0.5054,bold strat ndp ndts vision rique blueprint articulated num te au ivoire,34049907:p00171:c04:split-1|32159890:p00130:c14:split-1|34429409:p00117:c05:split-1|33830968:p00167:c05:split-1|33862093:p00144:c10:split-1
raw-c041,336,72,72,Build digital business continuity capacity for SMEs and micro-enterprises,digital_for_resilience,0.5096,literacy entrepreneurship matching ii content ups iii skills partnerships innovation iv competitiveness,33835349:p00160:c06:split-1|33813209:p00136:c05:split-1|33822742:p00224:c01:split-1|32527137:p00164:c04:split-1|34429409:p00112:c07:split-1
raw-c146,335,75,75,Scale mobile money for post-disaster person-to-person remittances,digital_for_resilience,0.2873,find wage jobs skilled influx salary employment graduates employed pool talent labor,34338772:p00098:c03:split-1|34196134:p00135:c04:split-1|33822742:p00146:c02:split-1|40052992:p00207:c14:split-1|33345981:p00329:c17:split-1
raw-c211,333,69,69,Design oversight and transparency frameworks for parametric trigger calibration and basis risk,digital_for_resilience,0.4383,irreversible dust communicable noise heritage reversible occupational accidents involuntary influx habitats predictable,33985963:p00348:c05:split-1|40072597:p00208:c03:split-1|32527137:p00277:c03:split-1|33345981:p00318:c01:split-1|33815663:p00392:c09:split-1
raw-c212,333,71,71,Develop interoperability standards across humanitarian and government digital response systems,resilience_of_asset,0.5843,br g2g gov govnet interoperability securely enterprise provincial common federal departments architecture,33191006:p00202:c04:split-1|31866361:p00182:c01:split-1|40072597:p00107:c13:split-1|34397339:p00156:c11:split-1|40045816:p00412:c26:split-1
raw-c098,330,81,81,Develop national fiber pooling and open access policies for resilient connectivity,resilience_of_asset,0.5943,p116273 p111432 p094103 warcip rcip west southern missing landing optic backbone award,31866361:p00206:c02:split-1|34196069:p00147:c02:split-1|33862093:p00240:c04:split-1|34394311:p00135:c01:split-1|34394311:p00339:c01:split-1
raw-c112,330,79,79,Incorporate resilience standards and climate screening in telecom infrastructure procurement,resilience_of_asset,0.4843,ppsd pp prepared plan procurement strategy draft borrower approaches updated pom methods,34327188:p00227:c18:split-1|34428613:p00246:c08:split-1|34131348:p00329:c03:split-1|33706639:p00394:c01:split-1|34327188:p00279:c05:split-1
raw-c194,330,67,67,Monitor climate vulnerability of digital infrastructure using geospatial and climate projection data,resilience_of_asset,0.7346,warning uninterrupted aftermath resilient alerts preparedness resilience adaptation driver disaster climate hotspots,33118666:p00263:c16:split-1|34388773:p00275:c06:split-1|33867703:p00026:c03:split-1|33844146:p00189:c02:split-1|34394311:p00192:c13:split-1
raw-c305,329,69,69,Address algorithmic fairness and gender exclusion risks in social protection targeting systems,resilience_of_asset,0.4994,discrimination girls women equality female gender equal norms voice men roles ability,40080119:p00095:c18:split-1|34196134:p00116:c05:split-1|32321387:p00430:c02:split-1|33937854:p00518:c07:split-1|34338772:p00200:c02:split-1
raw-c173,328,74,74,Provide emergency connectivity to displaced populations in humanitarian settings,digital_for_resilience,0.5336,nrens nren tvets ethernet institutes agence university vocational tvet cirt academy universities,40052992:p00160:c04:split-1|34194833:p00217:c02:split-1|40082999:p00057:c06:split-1|32971756:p00534:c01:split-1|32971756:p00262:c02:split-1
raw-c200,328,61,61,Develop national fiber pooling and open access policies for resilient connectivity,resilience_of_asset,0.5098,hamper constraint density commercially absence barrier limit limits failure reliability poor lack,40087727:p00101:c06:split-1|32321387:p00360:c02:split-1|33753850:p00132:c11:split-1|33844146:p00151:c06:split-1|34194833:p00106:c02:split-1
raw-c208,326,89,89,Design oversight and transparency frameworks for parametric trigger calibration and basis risk,digital_for_resilience,0.3803,reallocate reallocation categories allocations reallocated adjust cancellation adjusted adjustments adjustment estimates allocation,34021975:p00035:c01:split-1|40099485:p00051:c02:split-1|40105151:p00049:c08:split-1|40037981:p00043:c10:split-1|34347483:p00038:c10:split-1
raw-c075,325,79,79,Develop sovereign cloud and data residency policies for government continuity,resilience_of_asset,0.4793,governments trust officials ability servants thereby state corruption political federal citizens government,33421881:p00189:c02:split-1|33786588:p00317:c15:split-1|40081960:p00123:c06:split-1|33937854:p00250:c07:split-1|34338772:p00705:c02:split-1
raw-c279,325,84,84,Implement digital platforms for port and maritime supply chain resilience,digital_for_resilience,0.4688,specifications hardware interoperable functional architecture software finalized protocols designed integrate interoperability options,33191006:p00369:c27:split-1|31747152:p00614:c02:split-1|33813209:p00192:c09:split-1|31747152:p00633:c13:split-1|34460895:p00189:c19:split-1
raw-c201,324,79,79,Build redundancy in payment processing infrastructure with backup and failover systems,resilience_of_asset,0.3083,opex recurrent capex dollar assumed incremental expenses costs calculated cost operating monthly,40031410:p00033:c08:split-1|31866361:p00257:c14:split-1|31338295:p00368:c03:split-1|33191006:p00469:c06:split-1|31747152:p00630:c13:split-1
raw-c268,324,75,75,Integrate digital climate risk analytics into public financial management systems,digital_for_resilience,0.4498,conatel mtptc assistance actively upstream regulator initially harmonization stimulate alia ta eca,32321387:p00181:c04:split-1|31747152:p00607:c01:split-1|33753850:p00263:c01:split-1|33812956:p00186:c05:split-1|34201758:p00196:c03:split-1
raw-c311,324,89,89,Build digital coordination platforms for multi-agency emergency response and aid logistics,digital_for_resilience,0.3714,gocv efforts supports help technical program through implementation development government,33867703:p00026:c05:split-1|33815663:p00174:c10:split-1|32108178:p00476:c02:split-1|40013198:p00147:c03:split-1|40017533:p00222:c35:split-1
raw-c024,322,83,83,Integrate digital climate risk analytics into public financial management systems,digital_for_resilience,0.4035,gained familiar funded experience financed analytical managing previous extensive lending learned wb,33421881:p00234:c03:split-1|33421881:p00309:c02:split-1|34204848:p00284:c05:split-1|34204848:p00233:c05:split-1|31747152:p00375:c05:split-1
raw-c072,321,84,84,Develop national fiber pooling and open access policies for resilient connectivity,resilience_of_asset,0.4273,renewed ambition gou gon ambitious vision fgn gos bangladesh te ivoire niger,34049907:p00637:c05:split-1|40115059:p00673:c20:split-1|34196134:p00212:c03:split-1|34196134:p00212:c05:split-1|33118666:p00149:c04:split-1
raw-c092,320,76,76,Design digital inclusion safeguards ensuring crisis response reaches populations without connectivity or devices,resilience_of_asset,0.5532,ambassadors literacy youth teachers schemes skills device emphasis inclusion devices students learning,34131348:p00229:c09:split-1|34196069:p00224:c10:split-1|40100544:p00151:c09:split-1|32321387:p00240:c07:split-1|32626249:p00363:c01:split-1
raw-c257,319,71,71,Address algorithmic fairness and gender exclusion risks in social protection targeting systems,resilience_of_asset,0.5932,disaggregated lens sex gender equality notes identifies pillars experiences sensitive gaps informed,32971756:p00679:c02:split-1|40110459:p00339:c06:split-1|31866361:p00148:c10:split-1|32626249:p00358:c06:split-1|33421881:p00181:c12:split-1
raw-c141,318,56,56,Address algorithmic fairness and gender exclusion risks in social protection targeting systems,resilience_of_asset,0.5038,stereotypes pronounced men phone disparities equally gsma inequalities fewer persistent sex barrier,32321387:p00373:c01:split-1|33835348:p00141:c01:split-1|32971756:p00677:c06:split-1|34049907:p00135:c08:split-1|40013198:p00299:c30:split-1
raw-c233,317,67,67,Develop national fiber pooling and open access policies for resilient connectivity,resilience_of_asset,0.5643,prepurchase campus wifi spectrum routes mapping voice ii hospitals locations vi purchase,40045816:p00179:c01:split-1|31866282:p00097:c01:split-1|34228623:p00182:c10:split-1|34394311:p00098:c09:split-1|33421881:p00165:c04:split-1
raw-c086,316,79,79,Incorporate resilience standards and climate screening in telecom infrastructure procurement,resilience_of_asset,0.4042,hiring assistant contractual qualified recruit consultant consulting consultancy drafting bids consultants hire,33835349:p00194:c08:split-1|34049907:p00361:c16:split-1|33813209:p00300:c02:split-1|32321387:p00251:c06:split-1|33602788:p00267:c08:split-1
raw-c179,316,57,57,Develop national fiber pooling and open access policies for resilient connectivity,resilience_of_asset,0.6093,discriminatory iru bulk wholesale indefeasible dark lease carrier hotel prepurchase bandwidth pricing,33844146:p00208:c16:split-1|40042661:p00131:c10:split-1|40115059:p00696:c14:split-1|40042661:p00181:c04:split-1|40026232:p00049:c09:split-1
raw-c276,316,73,73,Deploy crowdsourced disaster reporting and social media monitoring for situational awareness,digital_for_resilience,0.5013,satisfaction feedback message surveys grievances gather satisfied tracked citizen grievance redress ce,33835349:p00276:c07:split-1|34022655:p00474:c14:split-1|33815663:p00292:c02:split-1|34327188:p00125:c17:split-1|34204848:p00208:c02:split-1
raw-c317,315,90,90,"Enable digital credit, savings, and microinsurance products to build household liquidity buffers",digital_for_resilience,0.3957,liquidity self sustain immediate fees funding pay loans subsidy expenditures debt cover,40100544:p00099:c12:split-1|34429409:p00210:c06:split-1|32321387:p00132:c07:split-1|33813209:p00308:c06:split-1|40115059:p00675:c02:split-1
raw-c001,314,113,113,Design oversight and transparency frameworks for parametric trigger calibration and basis risk,digital_for_resilience,0.3957,midterm commence mission mid mtr later months effectiveness missions recipient completion guinea,33830968:p00401:c03:split-1|33844146:p00370:c03:split-1|33985963:p00294:c09:split-1|34004583:p00027:c24:split-1|33191006:p00445:c03:split-1
raw-c214,314,41,41,Issue digital identity credentials to displaced and crisis-affected populations lacking documentation,digital_for_resilience,0.5926,certificate nik kebele nationality minors birth indonesians proof certificates cards marriage registered,40081960:p00134:c07:split-1|34380807:p00025:c10:split-1|33191006:p00318:c07:split-1|34030165:p00035:c03:split-1|33835348:p00147:c14:split-1
raw-c059,313,71,71,Diversify equipment vendor dependencies for telecom supply chain resilience,resilience_of_asset,0.3598,save savings leakages lowering opex reductions yield travel saving costs reduce reducing,33822742:p00151:c05:split-1|31866282:p00172:c11:split-1|33812956:p00144:c18:split-1|33118666:p00364:c02:split-1|40037981:p00037:c24:split-1
raw-c153,312,68,68,Ensure cybersecurity of digital payment platforms and mobile money rails,resilience_of_asset,0.6063,transact cashless wallets accept wallet wholesalers merchants acceptance payment payments gateway banking,33107441:p00143:c02:split-1|40028045:p00230:c16:split-1|40052992:p00109:c06:split-1|40052992:p00188:c15:split-1|31338295:p00286:c14:split-1
raw-c080,310,77,77,Integrate digital climate risk analytics into public financial management systems,digital_for_resilience,0.3881,reconciliation segregation recording chart accounting balances accountants keeping controls accounts statement asset,34049898:p00403:c01:split-1|33786588:p00372:c07:split-1|33937854:p00391:c01:split-1|31889872:p00397:c11:split-1|33602788:p00404:c04:split-1
raw-c163,310,58,58,Develop national fiber pooling and open access policies for resilient connectivity,resilience_of_asset,0.6037,undersea ebeye majuro principe kosrae submarine neighbors yap pohnpei ncipe terrestrial cable,40013198:p00131:c03:split-1|33937854:p00129:c03:split-1|34394311:p00094:c08:split-1|34194833:p00103:c06:split-1|34049907:p00228:c02:split-1
raw-c033,309,68,68,Deploy shock-responsive G2P digital payment systems linked to national ID and social registries,digital_for_resilience,0.5267,abis courts archiving automated filing digitized digitize vat ifmis registry records digitization,34201758:p00188:c04:split-1|33191006:p00160:c01:split-1|33602788:p00576:c02:split-1|31747152:p00178:c04:split-1|33191006:p00198:c06:split-1
raw-c154,309,79,79,Design oversight and transparency frameworks for parametric trigger calibration and basis risk,digital_for_resilience,0.5026,esmps sesa esmp generic subprojects lmp sep ips sh rpf contractor resettlement,31866361:p00402:c28:split-1|33835349:p00275:c06:split-1|33107441:p00280:c06:split-1|40034360:p00190:c06:split-1|34222788:p00183:c02:split-1
raw-c050,307,79,79,Develop sovereign cloud and data residency policies for government continuity,resilience_of_asset,0.3618,able spv operator continue seek allow need upon required eligible expected agreement,33822742:p00210:c02:split-1|31747152:p00749:c04:split-1|32971756:p00614:c08:split-1|34049898:p00251:c10:split-1|33812956:p00144:c15:split-1
raw-c251,307,68,68,Build digital coordination platforms for multi-agency emergency response and aid logistics,digital_for_resilience,0.4051,seminars gui ma workshops building gb iii iv capacity ta servants training,33835348:p00203:c04:split-1|33786588:p00277:c01:split-1|33191006:p00205:c17:split-1|33862093:p00212:c08:split-1|33191006:p00244:c22:split-1
raw-c107,306,69,69,Integrate digital climate risk analytics into public financial management systems,digital_for_resilience,0.3321,gdp stood deficit billion lost spent exports gross revenues debt revenue vat,32108178:p00141:c05:split-1|33107441:p00642:c02:split-1|33421881:p00137:c06:split-1|33835348:p00305:c04:split-1|33835348:p00156:c04:split-1
raw-c114,305,79,79,Implement digital platforms for port and maritime supply chain resilience,digital_for_resilience,0.5367,g2b gp ea g2p nosi cabinet govtech justice modern portal modernization enterprise,34022655:p00166:c02:split-1|33107441:p00195:c03:split-1|40113005:p00052:c22:split-1|33985963:p00225:c02:split-1|33107441:p00435:c04:split-1
raw-c166,305,91,91,Design oversight and transparency frameworks for parametric trigger calibration and basis risk,digital_for_resilience,0.3712,aims aim achieve goal seeks objective goals objectives aimed achieving intended targets,31167658:p00201:c02:split-1|31167658:p00579:c04:split-1|33107441:p00483:c01:split-1|32527137:p00197:c02:split-1|33862093:p00299:c03:split-1
raw-c186,304,74,74,Upgrade and harden government data centers for disaster resilience,resilience_of_asset,0.4700,workflow efficiencies efficiency transparent transparency delivery accountability improve improved ability citizens efficient,34397339:p00114:c02:split-1|40072597:p00126:c04:split-1|34131348:p00134:c05:split-1|34394311:p00107:c02:split-1|34380807:p00039:c07:split-1
raw-c073,303,79,79,Build digital business continuity capacity for SMEs and micro-enterprises,digital_for_resilience,0.3877,manufacturing chains actors owned companies firms enterprises smes mining retail sectors industry,40072597:p00130:c14:split-1|32108178:p00259:c03:split-1|40045816:p00389:c05:split-1|33813209:p00211:c26:split-1|33602788:p00243:c02:split-1
raw-c082,300,62,62,Develop national fiber pooling and open access policies for resilient connectivity,resilience_of_asset,0.5026,unreliable populated uneven speeds cities urban divide constrained speed disparities coverage often,33835348:p00180:c02:split-1|33706639:p00137:c18:split-1|33753850:p00159:c02:split-1|33835349:p00141:c05:split-1|34022655:p00156:c01:split-1
raw-c290,300,103,103,Design oversight and transparency frameworks for parametric trigger calibration and basis risk,digital_for_resilience,0.3622,eliminating scaled remove reflect target reduce reduced reducing possible scale reduction control,33191006:p00479:c04:split-1|34049898:p00219:c08:split-1|34204848:p00128:c17:split-1|34338772:p00180:c13:split-1|34275965:p00140:c07:split-1
raw-c070,299,51,51,Establish data protection and consent protocols for beneficiary registries used in emergency disbursements,resilience_of_asset,0.5462,biographic deduplication nins registrations uniqueness voter biometric nin nip register databases birth,31747152:p00209:c17:split-1|33191006:p00153:c06:split-1|34204848:p00186:c10:split-1|31747152:p00500:c03:split-1|33191006:p00357:c13:split-1
raw-c093,299,96,96,Incorporate resilience standards and climate screening in telecom infrastructure procurement,resilience_of_asset,0.4708,procurements streamline tenders complex packages procurement bids processes define contract monitor avoid,31338295:p00208:c10:split-1|34131348:p00333:c07:split-1|33937854:p00239:c04:split-1|34394311:p00201:c06:split-1|32626249:p00323:c03:split-1
raw-c150,297,65,65,Build digital business continuity capacity for SMEs and micro-enterprises,digital_for_resilience,0.5907,nurture startups sme ups smes stimulating entrepreneurship entrepreneurs start ecosystem innovation models,32159893:p00420:c03:split-1|34196069:p00227:c02:split-1|34131348:p00207:c05:split-1|33706639:p00256:c04:split-1|34196069:p00228:c04:split-1
raw-c246,296,72,72,Integrate digital climate risk analytics into public financial management systems,digital_for_resilience,0.3912,budgeting budgets budget proposal budgeted awpb budgetary annual beginning calendar forecast annually,34049907:p00463:c05:split-1|33937854:p00390:c04:split-1|34049907:p00453:c14:split-1|31747152:p00431:c01:split-1|32971756:p00395:c01:split-1
raw-c162,295,68,68,"Implement AI and satellite-based measurement, reporting, and verification for climate commitments",digital_for_resilience,0.4625,co2 tons ghg emissions greenhouse gas emission minimizing consumption footprint ee reductions,34254903:p00134:c13:split-1|33812956:p00187:c14:split-1|33753850:p00186:c02:split-1|40115059:p00719:c09:split-1|34388773:p00169:c05:split-1
raw-c009,293,70,70,Issue digital identity credentials to displaced and crisis-affected populations lacking documentation,digital_for_resilience,0.4416,verify register visit license property complaints apply offices person submit dukcapil issue,31866361:p00144:c25:split-1|33191006:p00309:c16:split-1|33191006:p00214:c05:split-1|33859017:p00024:c16:split-1|31747152:p00493:c12:split-1
raw-c089,292,75,75,Establish data protection standards for emergency beneficiary targeting and cross-agency data sharing,resilience_of_asset,0.5772,gdpr freedom bill enactment convention pdp cybercrime enacted law personal protection proclamation,34049907:p00643:c07:split-1|34357064:p00025:c09:split-1|32971756:p00320:c16:split-1|31747152:p00314:c23:split-1|34022655:p00172:c08:split-1
raw-c231,292,83,83,Integrate digital climate risk analytics into public financial management systems,digital_for_resilience,0.4011,pressures pension fiscal debt deficit pressure spending finances consolidation decline space revenues,40080119:p00237:c06:split-1|40028045:p00175:c04:split-1|33345981:p00139:c21:split-1|40072597:p00217:c07:split-1|31338295:p00124:c07:split-1
raw-c054,291,72,72,Develop national fiber pooling and open access policies for resilient connectivity,resilience_of_asset,0.5984,advancing burundi foundation eastern expanding affordable divide universal connectivity accelerate advance markets,34196069:p00147:c08:split-1|33118666:p00203:c03:split-1|33835349:p00257:c08:split-1|32321387:p00391:c03:split-1|32321387:p00183:c08:split-1
raw-c084,291,59,59,Address algorithmic fairness and gender exclusion risks in social protection targeting systems,resilience_of_asset,0.3797,stereotypes tend wages male men unemployment norms force workforce headed employed labor,40042661:p00241:c09:split-1|33813209:p00258:c01:split-1|33191006:p00124:c01:split-1|34254903:p00085:c22:split-1|32626249:p00445:c19:split-1
raw-c266,291,57,57,Establish regional frameworks for cross-border digital resilience cooperation,resilience_of_asset,0.6059,afcfta harmonized commerce flows trade border harmonization signatures consumer regionally cybercrime laws,33118666:p00205:c09:split-1|34429409:p00103:c02:split-1|34022655:p00382:c02:split-1|33822742:p00187:c05:split-1|34022655:p00227:c07:split-1
raw-c139,290,105,105,Deploy shock-responsive G2P digital payment systems linked to national ID and social registries,digital_for_resilience,0.3950,scaled initiated pilots launched phases recently scheme pilot initiative phase initiatives parallel,34022655:p00356:c04:split-1|34460895:p00098:c02:split-1|33107441:p00435:c01:split-1|40034360:p00105:c04:split-1|34295403:p00094:c11:split-1
raw-c226,290,87,87,Design oversight and transparency frameworks for parametric trigger calibration and basis risk,digital_for_resilience,0.4138,overcome problems address adapt respond challenges issues barriers feedback addressing create priorities,31167658:p00275:c07:split-1|33706639:p00282:c06:split-1|31167658:p00706:c11:split-1|34049898:p00122:c13:split-1|33985963:p00251:c04:split-1
raw-c296,289,74,74,Develop national fiber pooling and open access policies for resilient connectivity,resilience_of_asset,0.3826,revising reforms amendments reform modernize legislative legislation modernizing laws introduce implement cr,40110459:p00385:c02:split-1|34275965:p00195:c10:split-1|40045816:p00413:c14:split-1|33706639:p00137:c06:split-1|32321387:p00190:c06:split-1
raw-c269,287,84,84,Design oversight and transparency frameworks for parametric trigger calibration and basis risk,digital_for_resilience,0.4239,rated moderate macroeconomic substantial classification rating political ratings risk reflects overall strategies,33835349:p00282:c01:split-1|31338295:p00244:c01:split-1|40072597:p00216:c01:split-1|33985963:p00353:c01:split-1|33862093:p00306:c01:split-1
raw-c149,286,64,64,Incorporate resilience standards and climate screening in telecom infrastructure procurement,resilience_of_asset,0.5872,recycle jrc labeling barometer greening reuse green centre footprint recycling conservation carbon,34254903:p00178:c06:split-1|33844146:p00183:c02:split-1|40034360:p00202:c06:split-1|34428613:p00166:c06:split-1|34196134:p00152:c07:split-1
raw-c244,285,84,84,Strengthen mobile money agent network resilience for cash-out during disruptions,resilience_of_asset,0.3207,able ability feasible allowing effectively possible opportunity enable potential allow used capacity,34194833:p00116:c02:split-1|33937854:p00590:c06:split-1|40081960:p00095:c13:split-1|33191006:p00147:c04:split-1|32321387:p00386:c17:split-1
raw-c190,284,53,53,Provide emergency connectivity to displaced populations in humanitarian settings,digital_for_resilience,0.4585,basket telegeography gigabyte gni gb unaffordable adsl arpu mbit capita mbps benchmark,33812956:p00140:c01:split-1|34196069:p00128:c09:split-1|40045816:p00105:c07:split-1|33830968:p00137:c11:split-1|33985963:p00136:c15:split-1
raw-c004,282,59,59,Integrate digital climate risk analytics into public financial management systems,digital_for_resilience,0.5357,pefa pfm ifmis customs accountability transparency payroll anti debt revenue mobilization fiscal,34327188:p00241:c10:split-1|33753850:p00350:c02:split-1|33753850:p00205:c02:split-1|33753850:p00191:c02:split-1|33862093:p00121:c07:split-1
raw-c182,282,78,78,Incorporate resilience standards and climate screening in telecom infrastructure procurement,resilience_of_asset,0.4268,familiarity inadequate inefficiencies delays insufficient delayed lacks delay weak poor slow complexity,34049907:p00510:c10:split-1|34254903:p00193:c04:split-1|33862093:p00291:c07:split-1|33862093:p00313:c03:split-1|34194833:p00359:c01:split-1
raw-c181,281,60,60,Deploy climate-resilient fiber-to-the-premises in hazard-prone areas,resilience_of_asset,0.3559,resides reside living live inhabitants density localities urban concentrated unserved north provinces,31167658:p00113:c04:split-1|34204848:p00162:c02:split-1|34196069:p00115:c05:split-1|33786588:p00181:c04:split-1|34049907:p00131:c03:split-1
raw-c207,281,71,71,Build redundancy in payment processing infrastructure with backup and failover systems,resilience_of_asset,0.4641,redundant scalability fragmentation vendor decentralized failure centralized avoid multiple single point scale,33844146:p00208:c12:split-1|40095037:p00191:c18:split-1|32108178:p00552:c02:split-1|34194833:p00103:c12:split-1|33602788:p00578:c03:split-1
raw-c126,279,73,73,Integrate digital climate risk analytics into public financial management systems,digital_for_resilience,0.3387,break occurs frr profitability pessimistic return npv discount capex calculated irr scenarios,34310682:p00207:c01:split-1|34022655:p00359:c25:split-1|33118666:p00166:c05:split-1|40027697:p00127:c01:split-1|34222788:p00104:c01:split-1
raw-c157,278,72,72,Address algorithmic fairness and gender exclusion risks in social protection targeting systems,resilience_of_asset,0.3414,females male female men sex versus aged proportion percentage compared violence disaggregated,32971756:p00346:c02:split-1|33815663:p00188:c02:split-1|32527137:p00159:c03:split-1|32159890:p00184:c05:split-1|32108178:p00184:c03:split-1
raw-c302,278,64,64,Build digital business continuity capacity for SMEs and micro-enterprises,digital_for_resilience,0.4431,angel seed startups ecommerce startup investors ups grow start viable engage entrepreneurs,34428613:p00114:c19:split-1|40072597:p00141:c20:split-1|33602788:p00507:c10:split-1|40072597:p00104:c12:split-1|34429409:p00127:c14:split-1
raw-c177,277,52,52,Upgrade and harden government data centers for disaster resilience,resilience_of_asset,0.6415,arsat benavidez tier hpc nodes servers center cooling storage hosted computing hosting,34338772:p00241:c04:split-1|33937854:p00297:c04:split-1|33937854:p00186:c02:split-1|34428613:p00137:c14:split-1|34310682:p00191:c03:split-1
raw-c199,275,66,66,Establish disaster recovery sites and government cloud resilience for continuity of digital services,resilience_of_asset,0.4649,g2b accessing filing seamless stop online portal easily gov transactional accessible single,34228623:p00189:c04:split-1|40110522:p00071:c06:split-1|33862093:p00298:c21:split-1|31866361:p00145:c15:split-1|33107441:p00201:c18:split-1
raw-c119,273,60,60,Address algorithmic fairness and gender exclusion risks in social protection targeting systems,resilience_of_asset,0.5065,hotline referral survivors confidential gbv abuse exploitation trafficking sexual harassment sh violence,32971756:p00324:c05:split-1|40013198:p00217:c09:split-1|33937854:p00301:c03:split-1|33812956:p00204:c24:split-1|31889872:p00150:c14:split-1
raw-c057,272,63,63,Integrate digital climate risk analytics into public financial management systems,digital_for_resilience,0.3706,biannual pius piu consolidated awpb prepare responsibility responsible produce quarterly officer budgets,33191006:p00289:c05:split-1|34049907:p00480:c10:split-1|34022655:p00409:c17:split-1|34254903:p00182:c02:split-1|34196134:p00278:c02:split-1
raw-c099,272,82,82,Implement digital platforms for port and maritime supply chain resilience,digital_for_resilience,0.5395,transforming stop blocks justice centric foundations enablers portal select digitalization cutting upgrade,40017533:p00204:c11:split-1|40037981:p00038:c01:split-1|32108178:p00215:c01:split-1|40110459:p00332:c03:split-1|34030165:p00034:c16:split-1
raw-c029,271,92,92,Incorporate resilience standards and climate screening in telecom infrastructure procurement,resilience_of_asset,0.4719,exchanges systematic tracking eprocurement gp step tool procured procurements consultancy procurement goods,34428613:p00246:c10:split-1|34397339:p00308:c04:split-1|33118666:p00421:c01:split-1|33602788:p00327:c06:split-1|34429409:p00233:c08:split-1
raw-c300,271,65,65,Implement digital platforms for port and maritime supply chain resilience,digital_for_resilience,0.5254,transactional integrate interoperable portal interoperability service platform priority sectoral services platforms authentication,34022655:p00347:c06:split-1|34022655:p00328:c06:split-1|33819086:p00257:c08:split-1|34310682:p00144:c01:split-1|31866361:p00182:c05:split-1
raw-c137,270,75,75,Design oversight and transparency frameworks for parametric trigger calibration and basis risk,digital_for_resilience,0.3608,a2 figure table section context area see focus use,31167658:p00590:c01:split-1|31747152:p00538:c01:split-1|32159890:p00159:c01:split-1|31167658:p00589:c01:split-1|31167658:p00588:c01:split-1
raw-c205,270,57,57,Integrate digital climate risk analytics into public financial management systems,digital_for_resilience,0.3639,quantifiable quantified multiplier attributable great welfare calculated conservative assumed benefits returns dtp,32527137:p00260:c01:split-1|34397339:p00345:c05:split-1|34397339:p00223:c02:split-1|40080119:p00201:c01:split-1|31338295:p00368:c19:split-1
raw-c230,270,63,63,Establish disaster recovery sites and government cloud resilience for continuity of digital services,resilience_of_asset,0.6682,hybrid cloud computing migration burden hosting hosted storage shared backup upgrades fragmented,32971756:p00525:c08:split-1|33812956:p00171:c19:split-1|34049907:p00615:c02:split-1|33107441:p00501:c05:split-1|40072597:p00133:c07:split-1
raw-c147,269,32,32,Issue digital identity credentials to displaced and crisis-affected populations lacking documentation,digital_for_resilience,0.6364,nationality kebele ids proof exclusion historically cards obtaining identity children marginalized identification,31747152:p00731:c02:split-1|31747152:p00741:c01:split-1|33191006:p00217:c04:split-1|33812956:p00199:c07:split-1|31866361:p00144:c08:split-1
raw-c095,268,79,79,Deploy digital agriculture extension services for advisory and market access,digital_for_resilience,0.5507,toolkit singapore korea learned moldova draws lessons examples india analytical successfully experiences,33937854:p00230:c02:split-1|33421881:p00206:c02:split-1|40045816:p00218:c02:split-1|34310682:p00167:c08:split-1|34388773:p00239:c03:split-1
raw-c131,268,77,77,Deploy shock-responsive G2P digital payment systems linked to national ID and social registries,digital_for_resilience,0.4797,beneficiaries voucher subsidies farmers beneficiary matching benefit indirect subsidy households wide primary,32626249:p00376:c25:split-1|33602788:p00214:c04:split-1|34397339:p00184:c01:split-1|31167658:p00512:c01:split-1|34022655:p00391:c01:split-1
raw-c074,267,73,73,Integrate digital climate risk analytics into public financial management systems,digital_for_resilience,0.3624,furnish semester quarter days calendar submitted audited six later unaudited opinion ifrs,34428613:p00244:c14:split-1|33421881:p00306:c08:split-1|33815663:p00443:c05:split-1|31167658:p00450:c10:split-1|34201758:p00272:c04:split-1
raw-c079,267,69,69,Design oversight and transparency frameworks for parametric trigger calibration and basis risk,digital_for_resilience,0.5409,mitigation mitigated mitigate risks screening measures residual mitigating risk reduced moderate reviewed,32108178:p00320:c07:split-1|33822742:p00289:c10:split-1|31747152:p00234:c03:split-1|33706639:p00432:c01:split-1|33862093:p00298:c15:split-1
raw-c262,267,83,83,Design oversight and transparency frameworks for parametric trigger calibration and basis risk,digital_for_resilience,0.3691,cio steering committee psc manager coordinator secretary director chaired cs oversight oversee,33822742:p00265:c02:split-1|33107441:p00212:c04:split-1|33835349:p00322:c02:split-1|40110459:p00383:c25:split-1|33118666:p00276:c01:split-1
raw-c010,266,89,89,Design oversight and transparency frameworks for parametric trigger calibration and basis risk,digital_for_resilience,0.4499,roadmap action arrangements adopted plan roles strategic figure implemented details agency table,34204848:p00269:c08:split-1|33862093:p00360:c01:split-1|34049907:p00327:c02:split-1|34196069:p00277:c01:split-1|32108178:p00280:c02:split-1
raw-c125,266,68,68,Upgrade and harden government data centers for disaster resilience,resilience_of_asset,0.6427,benavidez room tier servers air prodest cooling carrier housed sized hotel center,33107441:p00502:c14:split-1|34460895:p00189:c05:split-1|33937854:p00587:c01:split-1|31889872:p00191:c02:split-1|31338295:p00280:c07:split-1
raw-c229,264,48,48,Deploy telemedicine and digital health platforms for continued healthcare access during crises,digital_for_resilience,0.5167,coronavirus vaccination closures pandemic covid outbreak distancing wake spread crisis disease urgent,32159893:p00339:c10:split-1|32971756:p00733:c02:split-1|32159893:p00157:c04:split-1|32527137:p00170:c04:split-1|33107441:p00146:c03:split-1
raw-c250,264,60,60,Deploy shock-responsive G2P digital payment systems linked to national ID and social registries,digital_for_resilience,0.4837,scoring electronically authenticator authenticators certificates kyc cards card authorized signatures licenses paper,31747152:p00661:c14:split-1|40072597:p00130:c07:split-1|33118666:p00210:c01:split-1|32159893:p00464:c02:split-1|32108178:p00217:c03:split-1
raw-c308,263,87,87,Deploy shock-responsive G2P digital payment systems linked to national ID and social registries,digital_for_resilience,0.3956,ilap sequence pt oc gds ncs category expenditure cs excluding expenditures eligible,34460895:p00166:c05:split-1|33786588:p00490:c09:split-1|33706639:p00519:c02:split-1|34103719:p00078:c01:split-1|40100650:p00114:c02:split-1
raw-c307,262,63,63,Deploy climate-resilient fiber-to-the-premises in hazard-prone areas,resilience_of_asset,0.7308,aerial damage underground resistant outages cables habitats flooding landslides disruption poles soil,40052992:p00300:c15:split-1|33118666:p00263:c17:split-1|34338772:p00682:c02:split-1|40042661:p00187:c22:split-1|31866361:p00158:c03:split-1
raw-c316,262,54,54,Establish data protection and consent protocols for beneficiary registries used in emergency disbursements,resilience_of_asset,0.5826,improper minimization legitimate consent personal privacy misuse collected processing disclosure protection parties,33835349:p00274:c15:split-1|31747152:p00623:c10:split-1|40080119:p00138:c03:split-1|34049898:p00236:c16:split-1|31747152:p00279:c04:split-1
raw-c071,261,53,53,Establish data protection and consent protocols for beneficiary registries used in emergency disbursements,resilience_of_asset,0.5830,unauthorized protect integrity misuse privacy personal safeguard consent securely secure trusted protection,31747152:p00667:c10:split-1|34275965:p00149:c05:split-1|31747152:p00724:c08:split-1|31747152:p00362:c07:split-1|33862093:p00188:c11:split-1
raw-c248,261,66,66,"Enable digital credit, savings, and microinsurance products to build household liquidity buffers",digital_for_resilience,0.3606,productivity generating boosting stimulate incomes welfare revenues boost exports returns generate contributing,33118666:p00360:c11:split-1|33118666:p00291:c14:split-1|33602788:p00532:c02:split-1|33859017:p00023:c18:split-1|33421881:p00155:c02:split-1
raw-c265,261,82,82,Incorporate resilience standards and climate screening in telecom infrastructure procurement,resilience_of_asset,0.5018,infraco passive infrastructure deployed facilities land build deployment existing leveraging expansion power,40045816:p00134:c02:split-1|34049907:p00144:c10:split-1|31338295:p00132:c09:split-1|34338772:p00754:c05:split-1|33835349:p00196:c06:split-1
raw-c015,256,67,67,Deploy crowdsourced disaster reporting and social media monitoring for situational awareness,digital_for_resilience,0.4622,citizens citizen businesses employees engage society engagement servants governments public serve feedback,32321387:p00272:c06:split-1|33107441:p00197:c03:split-1|34460895:p00159:c09:split-1|33822742:p00181:c09:split-1|33191006:p00301:c14:split-1
raw-c220,255,86,86,Build redundancy in payment processing infrastructure with backup and failover systems,resilience_of_asset,0.3640,perform operate tasks manage handle oversee mandate function maintain functions roles monitor,34380807:p00027:c05:split-1|34194833:p00251:c06:split-1|40045816:p00286:c03:split-1|32971756:p00175:c09:split-1|34338772:p00217:c04:split-1
raw-c309,255,32,32,Design social registries with dynamic expansion capability for rapid shock response,digital_for_resilience,0.4660,enrollments enrollment enroll agents onboarding offline campaign partners mass perform ecosystem nin,31747152:p00479:c06:split-1|31747152:p00644:c10:split-1|31747152:p00638:c07:split-1|31747152:p00579:c02:split-1|31747152:p00564:c03:split-1
raw-c036,253,69,69,Deploy rapid post-disaster damage and loss assessment using earth observation and remote sensing (infrastructure),digital_for_resilience,0.4539,trenching rehabilitation roads buildings works construction entail minor land involving road traffic,33822742:p00291:c03:split-1|31167658:p00318:c06:split-1|33786588:p00383:c07:split-1|40031410:p00050:c11:split-1|34196134:p00259:c04:split-1
raw-c218,253,73,73,Design oversight and transparency frameworks for parametric trigger calibration and basis risk,digital_for_resilience,0.4525,resettlement rpf ce pillars iv vi iii campaigns cpf redress outreach ii,34196134:p00173:c10:split-1|31866361:p00158:c04:split-1|33835349:p00239:c09:split-1|33985963:p00295:c08:split-1|33815663:p00182:c05:split-1
raw-c319,252,103,103,Deploy shock-responsive G2P digital payment systems linked to national ID and social registries,digital_for_resilience,0.3986,prdo pdos pdo measured achievement theory achievable objective achieving outcome indicators achievements,33053299:p00097:c03:split-1|40034355:p00044:c04:split-1|34203125:p00036:c07:split-1|40119486:p00012:c04:split-1|32159890:p00080:c03:split-1
raw-c185,250,58,58,Develop national fiber pooling and open access policies for resilient connectivity,resilience_of_asset,0.4962,penetration suggests gdp widely fixed increases itu broadband point percentage documented growth,34196069:p00306:c18:split-1|32108178:p00749:c01:split-1|32626249:p00409:c03:split-1|33812956:p00269:c01:split-1|40034360:p00522:c02:split-1
raw-c103,249,80,80,Design oversight and transparency frameworks for parametric trigger calibration and basis risk,digital_for_resilience,0.4341,iterative theory flexible reengineering culture streamlining organizational phased flexibility change processes complex,31338295:p00339:c18:split-1|33985963:p00260:c13:split-1|33191006:p00168:c22:split-1|40080119:p00159:c05:split-1|34307768:p00046:c15:split-1
raw-c237,249,57,57,Integrate digital climate risk analytics into public financial management systems,digital_for_resilience,0.2952,eirr irr irrs npv npvs err discount discounted return optimistic scenarios yields,40087727:p00237:c02:split-1|34429409:p00226:c06:split-1|31889872:p00256:c14:split-1|34201758:p00229:c03:split-1|33937854:p00268:c04:split-1
raw-c081,248,70,70,Upgrade and harden government data centers for disaster resilience,resilience_of_asset,0.5789,iaas servers computing backup networking hosting cloud hardware automated storage recovery software,40087727:p00179:c09:split-1|33937854:p00261:c08:split-1|33937854:p00190:c10:split-1|40109413:p00055:c14:split-1|33830968:p00240:c19:split-1
raw-c138,248,73,73,Integrate digital climate risk analytics into public financial management systems,digital_for_resilience,0.4190,missions hands diprose team task supervision closely field wb participate continuous reviews,34049907:p00495:c01:split-1|33191006:p00295:c08:split-1|31889872:p00275:c05:split-1|34310682:p00216:c03:split-1|33815663:p00391:c21:split-1
raw-c017,245,77,77,Design oversight and transparency frameworks for parametric trigger calibration and basis risk,digital_for_resilience,0.4360,sustainability buy sustainable sustain long term viability beyond ownership establish build ecosystem,33835349:p00201:c10:split-1|31747152:p00288:c04:split-1|40110459:p00404:c07:split-1|40031410:p00063:c04:split-1|32527137:p00140:c11:split-1
raw-c128,245,76,76,Design digital inclusion safeguards ensuring crisis response reaches populations without connectivity or devices,resilience_of_asset,0.5317,digitally uptake enabled products services range usage content platforms digital digitalization demand,34196069:p00147:c09:split-1|33830968:p00211:c13:split-1|34275965:p00139:c21:split-1|32626249:p00423:c12:split-1|40082999:p00055:c05:split-1
raw-c297,243,68,68,Design digital inclusion safeguards ensuring crisis response reaches populations without connectivity or devices,resilience_of_asset,0.4630,closer healthcare expanded accessing wider access accessibility accessible facilitating basic services improving,31747152:p00157:c05:split-1|33753850:p00287:c02:split-1|33345981:p00189:c12:split-1|33753850:p00235:c02:split-1|33345981:p00148:c03:split-1
raw-c215,242,61,61,Address algorithmic fairness and gender exclusion risks in social protection targeting systems,resilience_of_asset,0.5992,afro pwd minorities indigenous disabilities marginalized elderly disability idps participatory groups peoples,32159893:p00527:c06:split-1|34196134:p00173:c06:split-1|34196134:p00173:c02:split-1|40080119:p00148:c18:split-1|34310682:p00144:c06:split-1
raw-c263,242,57,57,Deploy shock-responsive G2P digital payment systems linked to national ID and social registries,digital_for_resilience,0.4367,leakages automation taxpayers errors reduces fraud ease streamlining filing burden corruption travel,33421881:p00217:c10:split-1|31866361:p00283:c03:split-1|33421881:p00128:c10:split-1|33421881:p00148:c10:split-1|33107441:p00229:c03:split-1
raw-c272,239,56,56,Ensure cybersecurity of digital payment platforms and mobile money rails,resilience_of_asset,0.5738,cyberattack attacks cyberattacks breaches incidents cyber threats cybersecurity ranked lebanon lacks itu,40095037:p00142:c10:split-1|34204848:p00289:c04:split-1|40080119:p00099:c06:split-1|40087727:p00118:c01:split-1|34394311:p00102:c05:split-1
raw-c282,239,73,73,Develop cybersecurity governance and data protection frameworks for health sector digital systems,resilience_of_asset,0.6291,privacy operationalizing protection cybercrime personal cybersecurity laws frameworks operationalization data commission safeguards,40072597:p00168:c06:split-1|31747152:p00507:c01:split-1|34428613:p00161:c02:split-1|34456824:p00032:c02:split-1|40082999:p00056:c17:split-1
raw-c304,237,76,76,Diversify equipment vendor dependencies for telecom supply chain resilience,resilience_of_asset,0.3245,prices inflation consumers price affordability consumption increases retail side demand wholesale revenue,33191006:p00369:c12:split-1|34275965:p00084:c10:split-1|40110459:p00224:c03:split-1|34049898:p00263:c04:split-1|40100544:p00109:c05:split-1
raw-c193,236,69,69,Design oversight and transparency frameworks for parametric trigger calibration and basis risk,digital_for_resilience,0.4676,affect adversely pose complexity sustainability substantial macroeconomic political risks nature fiduciary institutional,33835349:p00285:c01:split-1|32093931:p00305:c17:split-1|40100544:p00215:c02:split-1|32971756:p00334:c01:split-1|34049907:p00386:c04:split-1
raw-c053,235,69,69,Establish data protection and consent protocols for beneficiary registries used in emergency disbursements,resilience_of_asset,0.4157,inspectionpanel grs spn am please undb http visit simultaneous panel worldbank inspection,34204848:p00225:c05:split-1|33118666:p00322:c15:split-1|33786588:p00389:c03:split-1|34196134:p00250:c21:split-1|34394311:p00219:c21:split-1
raw-c225,235,72,72,Design oversight and transparency frameworks for parametric trigger calibration and basis risk,digital_for_resilience,0.5423,mitigate risks mitigating minimize exclusion reduce manage risk residual assess mitigation managing,32159890:p00195:c07:split-1|33813209:p00195:c09:split-1|32626249:p00367:c09:split-1|33830968:p00267:c03:split-1|33844146:p00316:c14:split-1
raw-c055,229,51,51,Deploy shock-responsive G2P digital payment systems linked to national ID and social registries,digital_for_resilience,0.6072,registries spis registry births vital death npopc deaths registration birth databases cr,34204848:p00148:c02:split-1|40037981:p00038:c16:split-1|40110459:p00326:c02:split-1|40045816:p00193:c07:split-1|34204848:p00207:c01:split-1
raw-c066,228,69,69,Incorporate resilience standards and climate screening in telecom infrastructure procurement,resilience_of_asset,0.3828,attracting attract stimulate investors invest investment foreign investments boost private capital create,32971756:p00198:c10:split-1|32159893:p00132:c09:split-1|33602788:p00284:c11:split-1|32159893:p00223:c08:split-1|34196134:p00215:c04:split-1
raw-c026,226,87,87,Design oversight and transparency frameworks for parametric trigger calibration and basis risk,digital_for_resilience,0.3230,longer delayed feasible yet noted although undertaken original since however planned date,40081106:p00046:c04:split-1|32159893:p00210:c09:split-1|40037981:p00033:c02:split-1|40110522:p00065:c05:split-1|40109413:p00052:c10:split-1
raw-c224,225,76,76,Deploy digital agriculture extension services for advisory and market access,digital_for_resilience,0.4003,assistance audits risa ta receive help technical needed ongoing additional addition program,40052992:p00168:c17:split-1|40110459:p00324:c03:split-1|33786588:p00284:c11:split-1|34194833:p00150:c06:split-1|32527137:p00194:c02:split-1
raw-c285,225,68,68,Ensure cybersecurity of digital payment platforms and mobile money rails,resilience_of_asset,0.5873,trust trusted confidence signatures secure safe safeguard transactions enablers build dpi strengthen,33345981:p00162:c11:split-1|34275965:p00118:c03:split-1|31866361:p00205:c06:split-1|32093931:p00160:c07:split-1|34131348:p00220:c27:split-1
raw-c171,224,84,84,Deploy shock-responsive G2P digital payment systems linked to national ID and social registries,digital_for_resilience,0.3308,ms unsatisfactory moderately isr mu ip downgraded satisfactory ratings rated towards achievement,34228859:p00024:c05:split-1|40095037:p00131:c01:split-1|34428382:p00045:c02:split-1|34203125:p00040:c02:split-1|40034355:p00046:c01:split-1
raw-c253,222,59,59,Deploy shock-responsive G2P digital payment systems linked to national ID and social registries,digital_for_resilience,0.3726,reallocated reallocation cancel reallocate cancellation sdr eur cancelled category allocation cerc disbursed,34103719:p00043:c12:split-1|40105675:p00051:c56:split-1|40105151:p00067:c02:split-1|34295403:p00099:c22:split-1|40096777:p00066:c08:split-1
raw-c275,221,59,59,Deploy digital agriculture extension services for advisory and market access,digital_for_resilience,0.4894,suw equivalent million ida ibrd enablers strengthening acceleration foundations enabling enhancing environment,33985963:p00190:c27:split-1|34429409:p00175:c08:split-1|33815663:p00195:c02:split-1|33118666:p00202:c02:split-1|33862093:p00190:c02:split-1
raw-c273,220,69,69,Integrate digital climate risk analytics into public financial management systems,digital_for_resilience,0.4280,openknowledge washington worldbank org https en pdf handle diagnostic tool lives source,33822742:p00425:c02:split-1|31747152:p00215:c01:split-1|32321387:p00144:c09:split-1|34049898:p00534:c10:split-1|34218724:p00101:c01:split-1
raw-c045,219,63,63,Establish disaster recovery sites and government cloud resilience for continuity of digital services,resilience_of_asset,0.6078,interruptions redundancy continuity outages disruption backup event minimize disruptions times recovery prevent,33937854:p00581:c10:split-1|33985963:p00251:c06:split-1|33053299:p00155:c08:split-1|40115059:p00718:c08:split-1|40072597:p00173:c10:split-1
raw-c202,219,61,61,Design digital inclusion safeguards ensuring crisis response reaches populations without connectivity or devices,resilience_of_asset,0.5770,barrier excluded elderly divide exclusion barriers affordability cultural accessing literacy norms accessibility,40081960:p00106:c02:split-1|33835348:p00234:c11:split-1|33835348:p00141:c05:split-1|33937854:p00308:c06:split-1|33835348:p00359:c05:split-1
raw-c040,216,70,70,Deploy shock-responsive G2P digital payment systems linked to national ID and social registries,digital_for_resilience,0.4576,ibrd equivalent analog million enablers digitizing ida centric original foundations enabling reduced,33835348:p00212:c01:split-1|33753850:p00250:c24:split-1|32971756:p00519:c09:split-1|32626249:p00163:c01:split-1|33421881:p00176:c10:split-1
raw-c238,215,90,90,Deploy shock-responsive G2P digital payment systems linked to national ID and social registries,digital_for_resilience,0.4167,whr contingent contingency ibrd equivalent usd million cerc ida emergency evaluation response,34429409:p00191:c03:split-1|33421881:p00189:c16:split-1|33985963:p00263:c28:split-1|40072597:p00144:c01:split-1|33835349:p00228:c01:split-1
raw-c258,214,43,43,Deploy digital platforms for emergency cash mobilization via mobile money,digital_for_resilience,0.6463,ussd money mtn microfinance mnos merchants remittances banks agents phones mobile adults,33118666:p00153:c04:split-1|32159893:p00411:c03:split-1|31167658:p00578:c06:split-1|34196069:p00150:c14:split-1|32971756:p00292:c04:split-1
raw-c088,211,70,70,Design oversight and transparency frameworks for parametric trigger calibration and basis risk,digital_for_resilience,0.4560,measures mitigation mitigating lock mitigated taken avoid together carbon agreed appropriate mitigate,34049907:p00506:c05:split-1|32527137:p00384:c01:split-1|32971756:p00309:c09:split-1|34049907:p00368:c09:split-1|32971756:p00303:c17:split-1
raw-c240,209,62,62,Develop national fiber pooling and open access policies for resilient connectivity,resilience_of_asset,0.5132,unguaranteed catalyze eur equivalent extending million submarine backbone ibrd mile pcm cable,34429409:p00148:c02:split-1|34429409:p00151:c26:split-1|33815663:p00237:c02:split-1|32626249:p00354:c02:split-1|40027697:p00129:c02:split-1
raw-c020,208,63,63,Deploy shock-responsive G2P digital payment systems linked to national ID and social registries,digital_for_resilience,0.4838,ta treasury hardware advisory feasibility payment igad operationalization assistance acquisition financing software,34338772:p00168:c01:split-1|33191006:p00197:c03:split-1|34338772:p00158:c01:split-1|34338772:p00170:c01:split-1|34338772:p00162:c01:split-1
raw-c165,207,80,80,Design oversight and transparency frameworks for parametric trigger calibration and basis risk,digital_for_resilience,0.4186,rating moderate residual rated substantial assessed risk deemed considered overall fiduciary remains,33862093:p00311:c03:split-1|40095037:p00192:c01:split-1|32527137:p00289:c01:split-1|34428613:p00255:c01:split-1|34204848:p00227:c01:split-1
raw-c228,207,73,73,Incorporate resilience standards and climate screening in telecom infrastructure procurement,resilience_of_asset,0.4569,rating rated assessed substantial risk residual moderate procurement mitigation overall assessment moderately,31866361:p00303:c03:split-1|32321387:p00256:c07:split-1|33812956:p00289:c02:split-1|34394311:p00201:c01:split-1|31747152:p00355:c15:split-1
raw-c039,206,69,69,Design oversight and transparency frameworks for parametric trigger calibration and basis risk,digital_for_resilience,0.4430,occupational risks sh sea potential impacts main social safety risk substantial associated,40045816:p00244:c02:split-1|32626249:p00251:c07:split-1|31866361:p00296:c06:split-1|31866361:p00303:c11:split-1|34196069:p00449:c02:split-1
raw-c164,206,56,56,Deploy shock-responsive G2P digital payment systems linked to national ID and social registries,digital_for_resilience,0.4455,saved savings errors save saving calculated obtaining estimate examples introduction reduction digitization,33118666:p00366:c01:split-1|33835348:p00308:c01:split-1|34460895:p00195:c03:split-1|33786588:p00366:c10:split-1|34275965:p00169:c02:split-1
raw-c292,205,66,66,Develop and regularly test government ICT business continuity and disaster recovery plans,resilience_of_asset,0.4140,deliver quality delivery improve service improving enhance efficiency better feedback services expand,31338295:p00197:c10:split-1|34022655:p00388:c08:split-1|34428613:p00119:c04:split-1|40080119:p00100:c06:split-1|33421881:p00166:c03:split-1
raw-c167,197,65,65,Integrate digital climate risk analytics into public financial management systems,digital_for_resilience,0.4032,frr cba analysis cash flows scenarios returns flow return performed capex viability,33602788:p00318:c01:split-1|32093931:p00266:c02:split-1|33822742:p00259:c01:split-1|34397339:p00349:c03:split-1|34222788:p00167:c01:split-1
raw-c005,192,63,63,Incorporate resilience standards and climate screening in telecom infrastructure procurement,resilience_of_asset,0.4702,failures failure bottlenecks models device side assess options feasibility demand market ppp,34049907:p00651:c04:split-1|33835348:p00195:c06:split-1|34022655:p00375:c03:split-1|34388773:p00232:c03:split-1|31866361:p00252:c01:split-1
raw-c113,187,67,67,Design oversight and transparency frameworks for parametric trigger calibration and basis risk,digital_for_resilience,0.4327,detect avoid prevent distancing spread limit minimize protect mitigate reduce delays risk,40045816:p00186:c03:split-1|33753850:p00351:c16:split-1|31167658:p00625:c12:split-1|31866361:p00200:c10:split-1|31167658:p00332:c03:split-1
raw-c140,186,57,57,Monitor climate vulnerability of digital infrastructure using geospatial and climate projection data,resilience_of_asset,0.4787,warming century temperature temperatures precipitation intensity mean heavy rainfall rise patterns projections,33107441:p00502:c10:split-1|32159893:p00540:c06:split-1|34022655:p00142:c09:split-1|34338772:p00096:c06:split-1|40100544:p00105:c05:split-1
raw-c012,183,62,62,Upgrade and harden government data centers for disaster resilience,resilience_of_asset,0.4982,commissioning equivalent modernizing million installation migration supply portal value estimated registry exchange,33862093:p00213:c02:split-1|40027697:p00116:c02:split-1|33786588:p00254:c02:split-1|33835348:p00214:c02:split-1|33815663:p00242:c02:split-1
raw-c216,182,99,99,Design oversight and transparency frameworks for parametric trigger calibration and basis risk,digital_for_resilience,0.3847,pace milestones progress monitor next achieve reflect track targets implementation period action,40045816:p00246:c07:split-1|31338295:p00210:c06:split-1|40017533:p00121:c11:split-1|33706639:p00438:c24:split-1|34049898:p00332:c04:split-1
raw-c108,174,57,57,"Enable digital credit, savings, and microinsurance products to build household liquidity buffers",digital_for_resilience,0.3933,externalities lifetime earnings come welfare salaries trainees increases positive benefits gains productivity,40080119:p00201:c03:split-1|33985963:p00336:c05:split-1|33345981:p00189:c10:split-1|33118666:p00293:c01:split-1|34196134:p00214:c15:split-1
raw-c043,172,66,66,Upgrade and harden government data centers for disaster resilience,resilience_of_asset,0.3885,optimize efficiently efficiency maximize productivity avoid gains improve efficient money performance operational,31889872:p00189:c14:split-1|40087727:p00166:c05:split-1|33191006:p00229:c02:split-1|31747152:p00530:c06:split-1|32108178:p00166:c15:split-1
raw-c310,171,52,52,Design digital inclusion safeguards ensuring crisis response reaches populations without connectivity or devices,resilience_of_asset,0.5779,bullying cyberbullying harmful harassment behavior safety media exposure children cyber online safe,33812956:p00212:c09:split-1|31866361:p00200:c06:split-1|32626249:p00359:c12:split-1|34338772:p00291:c22:split-1|33812956:p00212:c12:split-1
raw-c038,169,57,57,Establish emergency power backup for critical digital infrastructure,resilience_of_asset,0.4435,hazardous disposal noise pollution waste recycling generators electrical cooling generation exposure backup,33786588:p00136:c09:split-1|33753850:p00133:c18:split-1|32093931:p00293:c06:split-1|33862093:p00297:c03:split-1|33835348:p00322:c10:split-1
raw-c280,169,73,73,Design digital inclusion safeguards ensuring crisis response reaches populations without connectivity or devices,resilience_of_asset,0.4766,cri digitally enabled satisfaction number percentage indicator users index using people share,34228623:p00172:c03:split-1|40083718:p00098:c03:split-1|33835348:p00373:c03:split-1|33835348:p00186:c03:split-1|40028045:p00170:c15:split-1
raw-c027,163,50,50,Develop sovereign cloud and data residency policies for government continuity,resilience_of_asset,0.6350,hosting classification cloud layer architecture governance ai frameworks storage assess protocols feasibility,40072597:p00133:c06:split-1|33815663:p00158:c11:split-1|33844146:p00209:c01:split-1|34194833:p00198:c02:split-1|34428613:p00165:c02:split-1
raw-c318,163,67,67,Integrate digital climate risk analytics into public financial management systems,digital_for_resilience,0.4341,residual assessed moderate rating fm substantial concluded mitigating risk deemed overall rated,34131348:p00309:c02:split-1|34428613:p00243:c01:split-1|33815663:p00365:c01:split-1|32971756:p00429:c01:split-1|34204848:p00232:c01:split-1
raw-c252,160,68,68,Design oversight and transparency frameworks for parametric trigger calibration and basis risk,digital_for_resilience,0.5068,weaknesses fiduciary fraud corruption risks controls risk aspects compliance substantial political stakeholder,40017533:p00162:c04:split-1|33345981:p00324:c04:split-1|31889872:p00280:c01:split-1|34022655:p00481:c03:split-1|32321387:p00275:c01:split-1
raw-c124,157,64,64,"Implement AI and satellite-based measurement, reporting, and verification for climate commitments",digital_for_resilience,0.5033,lock footprint carbon adapt effects mitigate negative minimize co ghg emissions adverse,33786588:p00179:c09:split-1|33753850:p00480:c06:split-1|33937854:p00282:c10:split-1|34275965:p00120:c19:split-1|33830968:p00143:c08:split-1
raw-c067,152,61,61,Design oversight and transparency frameworks for parametric trigger calibration and basis risk,digital_for_resilience,0.5270,mitigated mitigate dialogue mitigation experts macroeconomic risks measures strong risk close steering,31338295:p00246:c06:split-1|31866361:p00300:c03:split-1|34196134:p00257:c08:split-1|34196134:p00258:c13:split-1|33812956:p00304:c01:split-1
raw-c213,148,69,69,Design oversight and transparency frameworks for parametric trigger calibration and basis risk,digital_for_resilience,0.3956,compliant satisfactory overdue moderately covenants unsatisfactory rated rating performance reported compliance safeguards,34307768:p00049:c10:split-1|40007594:p00058:c01:split-1|40080396:p00043:c03:split-1|34350724:p00051:c02:split-1|40027697:p00114:c07:split-1
raw-c178,132,45,45,Address algorithmic fairness and gender exclusion risks in social protection targeting systems,resilience_of_asset,0.3556,mathematics graduates stem employed engineering science versus workforce men computer students industry,33602788:p00172:c04:split-1|33835349:p00151:c13:split-1|33937854:p00131:c03:split-1|40081960:p00106:c18:split-1|34310682:p00387:c08:split-1
raw-c191,110,55,55,Design oversight and transparency frameworks for parametric trigger calibration and basis risk,digital_for_resilience,0.4376,downside residual macroeconomic mitigated remains substantial despite risk risks even still however,32971756:p00331:c06:split-1|33830968:p00329:c54:split-1|32971756:p00334:c11:split-1|33815663:p00388:c11:split-1|33830968:p00373:c12:split-1
