community_id,size,n_paragraphs,n_documents,n_projects,project_spread,asset_top,asset_spread,commitment_share,junk_section_share,top_section,template_score,hazard_proximity,mean_cos_to_centroid,nearest_reference_id,nearest_reference_cos,verdict,verdict_reason,run_id,discovery_version
c0243,1424,1056,113,70,1.0,dpi,0.7253,0.0035,0.2605,Project Components,0.4717,0.3898,0.6095,REF030,0.3972,shortlist,,20260918T0131-7dd1a33,discover-1
c0552,816,662,98,67,0.9571,dpi,0.8434,0.0086,0.076,Project Components,0.4466,0.3088,0.6654,REF079,0.4961,shortlist,,20260918T0131-7dd1a33,discover-1
c0757,776,582,88,61,0.8714,access_connectivity,0.6836,0.049,0.116,Project Components,0.4242,0.2444,0.7038,REF059,0.4998,shortlist,,20260918T0131-7dd1a33,discover-1
c0596,748,519,110,63,0.9,access_connectivity,0.662,0.111,0.7193,Institutional and Implementation Arrangements,0.54,0.3297,0.7168,REF079,0.3589,junk,junk_section_share>=0.6,20260918T0131-7dd1a33,discover-1
c0374,582,261,63,60,0.8571,access_connectivity,0.7248,0.0241,0.0069,"Technical, Economic and Financial Analysis",0.2765,0.3368,0.6407,REF085,0.3515,shortlist,,20260918T0131-7dd1a33,discover-1
c0563,562,326,70,63,0.9,access_connectivity,0.8249,0.0605,0.0765,Project Components,0.3017,0.4633,0.6292,REF042,0.4917,shortlist,,20260918T0131-7dd1a33,discover-1
c0528,532,325,85,62,0.8857,cybersecurity,0.6899,0.0395,0.2744,Sectoral and Institutional Context,0.3786,0.327,0.6502,REF063,0.6059,shortlist,,20260918T0131-7dd1a33,discover-1
c0584,502,187,71,62,0.8857,drm_ews,0.54,0.0,0.0299,Country Context,0.306,0.7058,0.6293,REF041,0.5432,shortlist,,20260918T0131-7dd1a33,discover-1
c0412,495,383,74,61,0.8714,access_connectivity,0.5839,0.0384,0.1232,Project Components,0.3447,0.3342,0.6801,REF045,0.4337,shortlist,,20260918T0131-7dd1a33,discover-1
c0564,491,252,46,38,0.5429,drm_ews,0.3484,0.0305,0.2383,Project Components,0.1871,0.4499,0.5939,REF044,0.5316,shortlist,,20260918T0131-7dd1a33,discover-1
c0388,486,307,60,46,0.6571,dpi,0.7098,0.0597,0.0782,Detailed Project Description,0.2626,0.2971,0.6389,REF010,0.6505,shortlist,,20260918T0131-7dd1a33,discover-1
c0104,479,462,90,61,0.8714,dpi,0.7282,0.0042,0.0605,Project Components,0.4731,0.2611,0.7675,REF056,0.4789,shortlist,,20260918T0131-7dd1a33,discover-1
c0529,449,294,84,60,0.8571,cybersecurity,0.5428,0.049,0.1158,Project Components,0.3857,0.4096,0.6704,REF047,0.7075,shortlist,,20260918T0131-7dd1a33,discover-1
c0703,429,217,17,14,0.2,dpi,0.3286,0.0629,0.1795,Technical Design and Component Descriptions,0.0768,0.2475,0.6592,REF005,0.4581,shortlist,,20260918T0131-7dd1a33,discover-1
c0537,413,383,80,63,0.9,dpi,0.6242,0.0024,0.1211,Project Components,0.3704,0.4044,0.676,REF061,0.4115,shortlist,,20260918T0131-7dd1a33,discover-1
c0770,405,259,67,51,0.7286,access_connectivity,0.577,0.037,0.1481,Sectoral and Institutional Context,0.2966,0.2801,0.6462,REF043,0.6408,shortlist,,20260918T0131-7dd1a33,discover-1
c0548,401,375,100,68,0.9714,access_connectivity,0.7663,0.0175,0.5511,Implementation Arrangements and Support Plan,0.4831,0.3785,0.7054,REF030,0.3284,shortlist,,20260918T0131-7dd1a33,discover-1
c0745,367,159,62,56,0.8,access_connectivity,0.665,0.0027,0.0518,Sectoral and Institutional Context,0.2935,0.1812,0.6912,REF011,0.4856,shortlist,,20260918T0131-7dd1a33,discover-1
c0178,350,312,72,53,0.7571,access_connectivity,0.3339,0.1943,0.1057,Project Components,0.3599,0.3006,0.7298,REF046,0.5734,shortlist,,20260918T0131-7dd1a33,discover-1
c0747,346,248,66,61,0.8714,access_connectivity,0.6266,0.0838,0.1272,Project Components,0.3317,0.2306,0.7339,REF011,0.6038,shortlist,,20260918T0131-7dd1a33,discover-1
c0172,320,197,83,60,0.8571,access_connectivity,0.5774,0.0875,0.7031,Environmental and Social,0.4058,0.4359,0.7138,REF045,0.477,junk,junk_section_share>=0.6,20260918T0131-7dd1a33,discover-1
c0380,316,191,56,44,0.6286,dpi,0.7385,0.0285,0.0823,Project Components,0.245,0.3276,0.6389,REF067,0.4731,shortlist,,20260918T0131-7dd1a33,discover-1
c0543,314,288,71,67,0.9571,access_connectivity,0.656,0.2803,0.535,Lessons Learned and Reflected in the Project Design,0.3277,0.3699,0.6739,REF030,0.3876,shortlist,,20260918T0131-7dd1a33,discover-1
c0732,313,200,54,45,0.6429,drm_ews,0.8509,0.0,0.2492,Country Context,0.2298,0.4313,0.6214,REF054,0.3871,shortlist,,20260918T0131-7dd1a33,discover-1
c0444,287,271,82,65,0.9286,cybersecurity,0.8318,0.0627,0.2718,Project Components,0.4097,0.3882,0.7295,REF036,0.4228,shortlist,,20260918T0131-7dd1a33,discover-1
c0632,279,181,76,62,0.8857,access_connectivity,0.0,0.0287,0.9427,Fiduciary,0.383,0.3227,0.7357,REF085,0.4342,junk,junk_section_share>=0.6,20260918T0131-7dd1a33,discover-1
c0687,274,162,64,55,0.7857,dpi,0.4416,0.2628,0.9124,Implementation Arrangements and Support Plan,0.285,0.281,0.65,REF085,0.4933,junk,junk_section_share>=0.6,20260918T0131-7dd1a33,discover-1
c0643,266,199,70,67,0.9571,access_connectivity,0.683,0.0263,0.2143,Rationale for Bank Involvement and Role of Partners,0.3302,0.3231,0.6888,REF085,0.4145,shortlist,,20260918T0131-7dd1a33,discover-1
c0615,265,161,77,66,0.9429,dpi,0.9212,0.0981,0.9585,Implementation Arrangements and Support Plan,0.4103,0.2501,0.7779,REF045,0.4662,junk,junk_section_share>=0.6,20260918T0131-7dd1a33,discover-1
c0285,260,213,68,44,0.6286,access_connectivity,0.6701,0.0577,0.4885,DESCRIPTION OF PROPOSED CHANGES,0.3204,0.3359,0.6878,REF036,0.3585,shortlist,,20260918T0131-7dd1a33,discover-1
c0631,259,229,85,58,0.8286,access_connectivity,0.8346,0.0077,0.2124,Project Components,0.4037,0.3073,0.6934,REF005,0.3033,shortlist,,20260918T0131-7dd1a33,discover-1
c0716,254,209,54,42,0.6,dpi,0.4717,0.0236,0.1535,Project Components,0.2635,0.2433,0.7124,REF068,0.5899,shortlist,,20260918T0131-7dd1a33,discover-1
c0806,253,240,64,52,0.7429,dpi,0.6738,0.0,0.1779,Project Components,0.3442,0.2771,0.7852,REF051,0.5072,shortlist,,20260918T0131-7dd1a33,discover-1
c0798,247,237,63,52,0.7429,access_connectivity,0.4981,0.0081,0.1215,Project Components,0.3224,0.2955,0.7471,REF046,0.6075,shortlist,,20260918T0131-7dd1a33,discover-1
c0369,244,142,27,22,0.3143,drm_ews,0.7534,0.0492,0.0943,Project Components,0.1165,0.3761,0.6301,REF056,0.5983,shortlist,,20260918T0131-7dd1a33,discover-1
c0453,244,194,72,59,0.8429,cybersecurity,0.8551,0.0492,0.2828,Project Components,0.3241,0.3157,0.6572,REF059,0.3783,shortlist,,20260918T0131-7dd1a33,discover-1
c0699,238,125,52,52,0.7429,access_connectivity,0.7572,0.0,0.0462,Sectoral and Institutional Context,0.2264,0.2228,0.6358,REF011,0.3968,shortlist,,20260918T0131-7dd1a33,discover-1
c0182,233,212,77,48,0.6857,dpi,0.6216,0.2232,0.1545,Project Components,0.3951,0.2629,0.7491,REF079,0.5321,shortlist,,20260918T0131-7dd1a33,discover-1
c0788,231,159,56,51,0.7286,mobile_towers,0.6102,0.0,0.0606,Sectoral and Institutional Context,0.2563,0.2056,0.6683,REF087,0.4646,shortlist,,20260918T0131-7dd1a33,discover-1
c0440,227,193,104,55,0.7857,access_connectivity,0.7241,0.0132,0.511,Project Status,0.4829,0.4077,0.6779,REF030,0.3553,shortlist,,20260918T0131-7dd1a33,discover-1
c0111,222,177,70,62,0.8857,access_connectivity,0.7544,0.009,0.3108,Implementation Arrangements and Support Plan,0.2973,0.3812,0.62,REF002,0.3119,shortlist,,20260918T0131-7dd1a33,discover-1
c0573,222,138,69,50,0.7143,dpi,0.8053,0.0,0.8468,Implementation Arrangements and Support Plan,0.3309,0.3281,0.7002,REF045,0.421,junk,junk_section_share>=0.6,20260918T0131-7dd1a33,discover-1
c0261,220,182,69,55,0.7857,dpi,0.7904,0.0,0.4,Sectoral and Institutional Context,0.2858,0.4079,0.6048,REF030,0.3631,shortlist,,20260918T0131-7dd1a33,discover-1
c0450,220,180,65,53,0.7571,dpi,0.7646,0.0136,0.0682,Project Components,0.2935,0.3616,0.6592,REF064,0.6699,shortlist,,20260918T0131-7dd1a33,discover-1
c0372,219,184,50,48,0.6857,access_connectivity,0.4036,0.0091,0.1644,Sectoral and Institutional Context,0.2231,0.3952,0.6513,REF045,0.3667,shortlist,,20260918T0131-7dd1a33,discover-1
c0690,216,132,51,48,0.6857,access_connectivity,0.6726,0.0231,0.0093,Economic and Financial Analysis,0.2499,0.2368,0.7155,REF046,0.4658,shortlist,,20260918T0131-7dd1a33,discover-1
c0709,216,167,34,28,0.4,dpi,0.3017,0.0417,0.1944,Sectoral and Institutional Context,0.1595,0.2848,0.6851,REF068,0.5603,shortlist,,20260918T0131-7dd1a33,discover-1
c0784,215,164,56,51,0.7286,access_connectivity,0.5739,0.0,0.0558,Sectoral and Institutional Context,0.2549,0.3393,0.6645,REF046,0.5261,shortlist,,20260918T0131-7dd1a33,discover-1
c0717,214,125,30,26,0.3714,dpi,0.5352,0.0047,0.0981,Technical Design and Component Descriptions,0.1307,0.265,0.6361,REF068,0.5425,shortlist,,20260918T0131-7dd1a33,discover-1
c0486,210,199,93,54,0.7714,access_connectivity,0.7479,0.0048,0.419,Project Components,0.4404,0.318,0.6913,REF030,0.2697,shortlist,,20260918T0131-7dd1a33,discover-1
c0689,209,188,76,67,0.9571,access_connectivity,0.9591,0.2344,0.9665,Fiduciary,0.4242,0.2204,0.8148,REF045,0.438,junk,junk_section_share>=0.6,20260918T0131-7dd1a33,discover-1
c0274,204,197,71,60,0.8571,access_connectivity,0.7745,0.0,0.3725,Implementation Arrangements and Support Plan,0.2921,0.3895,0.6006,REF030,0.3727,shortlist,,20260918T0131-7dd1a33,discover-1
c0232,202,179,64,60,0.8571,dpi,0.8267,0.0,0.0396,"Technical, Economic and Financial Analysis",0.2984,0.354,0.6807,REF006,0.3449,shortlist,,20260918T0131-7dd1a33,discover-1
c0406,199,186,72,56,0.8,dpi,0.7239,0.0201,0.4171,Project Components,0.3295,0.3862,0.6682,REF053,0.5049,shortlist,,20260918T0131-7dd1a33,discover-1
c0561,198,95,15,12,0.1714,dpi,0.3508,0.0202,0.2273,Technical Design and Component Descriptions,0.0674,0.281,0.6561,REF069,0.4528,shortlist,,20260918T0131-7dd1a33,discover-1
c0361,189,166,53,47,0.6714,dpi,0.6907,0.0053,0.2646,Project Components,0.2344,0.3643,0.6456,REF030,0.4711,shortlist,,20260918T0131-7dd1a33,discover-1
c0501,187,133,50,47,0.6714,dpi,0.891,0.016,0.877,Implementation Arrangements and Support Plan,0.2292,0.3058,0.6692,REF030,0.3438,junk,junk_section_share>=0.6,20260918T0131-7dd1a33,discover-1
c0574,184,143,59,56,0.8,access_connectivity,0.785,0.0054,0.7772,Implementation Arrangements and Support Plan,0.2846,0.2782,0.7041,REF045,0.4366,junk,junk_section_share>=0.6,20260918T0131-7dd1a33,discover-1
c0057,182,124,54,33,0.4714,drm_ews,0.0928,0.1154,0.1538,Project Components,0.2637,0.4649,0.713,REF058,0.4728,shortlist,,20260918T0131-7dd1a33,discover-1
c0078,180,124,80,41,0.5857,access_connectivity,0.4497,0.0222,0.3333,Project Status,0.4089,0.3148,0.7463,REF030,0.309,shortlist,,20260918T0131-7dd1a33,discover-1
c0715,179,139,46,39,0.5571,access_connectivity,0.5996,0.0,0.1117,Project Components,0.1717,0.3872,0.5448,REF072,0.3585,shortlist,,20260918T0131-7dd1a33,discover-1
c0575,177,147,52,49,0.7,drm_ews,0.6458,0.1243,0.0565,Project Components,0.2646,0.5645,0.743,REF041,0.748,shortlist,,20260918T0131-7dd1a33,discover-1
c0602,176,149,57,53,0.7571,access_connectivity,0.5158,0.0,0.517,Implementation Arrangements and Support Plan,0.2607,0.291,0.6677,REF045,0.453,shortlist,,20260918T0131-7dd1a33,discover-1
c0807,176,165,63,47,0.6714,dpi,0.6746,0.0284,0.3466,Project Components,0.3282,0.2571,0.7607,REF051,0.538,shortlist,,20260918T0131-7dd1a33,discover-1
c0393,175,119,67,46,0.6571,access_connectivity,0.7632,0.2171,0.4686,Environmental and Social,0.3347,0.3354,0.7294,REF030,0.4479,shortlist,,20260918T0131-7dd1a33,discover-1
c0704,175,100,22,24,0.3429,dpi,0.2567,0.0,0.1371,Sectoral and Institutional Context,0.0932,0.2451,0.6186,REF068,0.6052,shortlist,,20260918T0131-7dd1a33,discover-1
c0790,172,155,51,43,0.6143,dpi,0.5114,0.0174,0.0814,Project Components,0.2426,0.2885,0.6944,REF079,0.4625,shortlist,,20260918T0131-7dd1a33,discover-1
c0774,171,159,66,52,0.7429,dpi,0.7909,0.0117,0.152,Sectoral and Institutional Context,0.346,0.2802,0.7653,REF067,0.5167,shortlist,,20260918T0131-7dd1a33,discover-1
c0668,168,120,66,57,0.8143,data_hosting,0.9591,0.1786,0.9524,Implementation Arrangements and Support Plan,0.3108,0.2386,0.6875,REF005,0.4073,junk,junk_section_share>=0.6,20260918T0131-7dd1a33,discover-1
c0268,164,113,21,17,0.2429,data_hosting,0.8116,0.0244,0.2256,Project Components,0.097,0.2828,0.6746,REF067,0.4343,shortlist,,20260918T0131-7dd1a33,discover-1
c0685,164,149,77,52,0.7429,access_connectivity,0.7443,0.0061,0.811,Implementation Arrangements and Support Plan,0.3867,0.2897,0.7333,REF045,0.4403,junk,junk_section_share>=0.6,20260918T0131-7dd1a33,discover-1
c0505,157,136,52,44,0.6286,cybersecurity,0.4017,0.0127,0.0764,Project Components,0.256,0.3721,0.7186,REF047,0.6339,shortlist,,20260918T0131-7dd1a33,discover-1
c0456,154,138,64,59,0.8429,dpi,0.9367,0.0065,0.0455,Project Components,0.311,0.6103,0.7095,REF051,0.6634,shortlist,,20260918T0131-7dd1a33,discover-1
c0593,154,133,58,42,0.6,dpi,0.8102,0.3701,0.8377,Institutional and Implementation Arrangements,0.2751,0.285,0.6925,REF086,0.4108,junk,junk_section_share>=0.6,20260918T0131-7dd1a33,discover-1
c0618,154,141,69,63,0.9,access_connectivity,0.7042,0.0584,0.039,Relevance to Higher Level Objectives,0.3413,0.2837,0.7223,REF005,0.4041,shortlist,,20260918T0131-7dd1a33,discover-1
c0433,153,136,51,46,0.6571,access_connectivity,0.8376,0.0131,0.0784,Project Components,0.2338,0.3093,0.6693,REF059,0.3142,shortlist,,20260918T0131-7dd1a33,discover-1
c0655,153,132,71,55,0.7857,dpi,0.7958,0.0065,0.8627,Implementation Arrangements and Support Plan,0.3428,0.2709,0.705,REF005,0.4264,junk,junk_section_share>=0.6,20260918T0131-7dd1a33,discover-1
c0479,152,139,76,45,0.6429,dpi,0.778,0.0132,0.3882,PROJECT STATUS AND RATIONALE FOR RESTRUCTURING,0.3571,0.329,0.686,REF036,0.2987,shortlist,,20260918T0131-7dd1a33,discover-1
c0619,152,138,53,43,0.6143,access_connectivity,0.8173,0.0197,0.1053,Project Components,0.2721,0.3167,0.7497,REF005,0.4039,shortlist,,20260918T0131-7dd1a33,discover-1
c0749,151,111,52,48,0.6857,access_connectivity,0.7075,0.0066,0.1258,Sectoral and Institutional Context,0.2462,0.2686,0.6912,REF061,0.5462,shortlist,,20260918T0131-7dd1a33,discover-1
c0366,148,112,68,55,0.7857,dpi,0.0,0.277,0.9595,Implementation Arrangements and Support Plan,0.3683,0.2385,0.7908,REF079,0.3883,junk,junk_section_share>=0.6,20260918T0131-7dd1a33,discover-1
c0152,147,144,60,56,0.8,cybersecurity,0.8608,0.0,0.4898,KEY RISKS,0.3068,0.5248,0.7465,REF030,0.514,shortlist,,20260918T0131-7dd1a33,discover-1
c0511,141,121,64,34,0.4857,access_connectivity,0.7079,0.0,0.6099,PROJECT STATUS AND RATIONALE FOR RESTRUCTURING,0.322,0.3443,0.7346,REF045,0.3114,junk,junk_section_share>=0.6,20260918T0131-7dd1a33,discover-1
c0658,140,133,62,52,0.7429,access_connectivity,0.5917,0.0071,0.8786,Implementation Arrangements and Support Plan,0.3227,0.3166,0.7599,REF009,0.3518,junk,junk_section_share>=0.6,20260918T0131-7dd1a33,discover-1
c0336,139,131,64,51,0.7286,dpi,0.7671,0.1655,0.1583,Project Components,0.3331,0.3128,0.7598,REF030,0.3416,shortlist,,20260918T0131-7dd1a33,discover-1
c0439,139,126,60,50,0.7143,cybersecurity,0.7575,0.0,0.3022,Project Components,0.288,0.3389,0.7009,REF043,0.494,shortlist,,20260918T0131-7dd1a33,discover-1
c0742,139,83,29,28,0.4,cybersecurity,0.5943,0.0072,0.1295,Sectoral and Institutional Context,0.1341,0.3173,0.6752,REF011,0.5092,shortlist,,20260918T0131-7dd1a33,discover-1
c0363,138,96,48,44,0.6286,drm_ews,0.7997,0.0072,0.029,Sectoral and Institutional Context,0.2284,0.7071,0.6947,REF041,0.6737,shortlist,,20260918T0131-7dd1a33,discover-1
c0290,137,129,74,52,0.7429,dpi,0.694,0.0,0.2336,Sectoral and Institutional Context,0.323,0.36,0.6373,REF036,0.2879,shortlist,,20260918T0131-7dd1a33,discover-1
c0463,137,109,41,28,0.4,dpi,0.4654,0.0073,0.1606,Project Components,0.1956,0.2536,0.6967,REF068,0.5318,shortlist,,20260918T0131-7dd1a33,discover-1
c0696,137,90,48,47,0.6714,dpi,0.7219,0.0292,0.9927,Implementation Arrangements and Support Plan,0.2418,0.2202,0.7355,REF045,0.4628,junk,junk_section_share>=0.6,20260918T0131-7dd1a33,discover-1
c0471,134,122,52,51,0.7286,dpi,0.6809,0.1791,0.2836,Project Components,0.2452,0.3288,0.6884,REF011,0.539,shortlist,,20260918T0131-7dd1a33,discover-1
c0303,133,129,62,53,0.7571,access_connectivity,0.8285,0.0,0.2932,Sectoral and Institutional Context,0.2818,0.376,0.6635,REF066,0.2961,shortlist,,20260918T0131-7dd1a33,discover-1
c0775,133,132,63,51,0.7286,dpi,0.743,0.0,0.0977,Project Components,0.3316,0.3111,0.7684,REF061,0.5178,shortlist,,20260918T0131-7dd1a33,discover-1
c0267,132,131,75,53,0.7571,dpi,0.8647,0.0,0.3939,Sectoral and Institutional Context,0.3565,0.3646,0.694,REF030,0.3577,shortlist,,20260918T0131-7dd1a33,discover-1
c0103,129,126,47,38,0.5429,access_connectivity,0.3169,0.0,0.0388,Project Components,0.2548,0.271,0.7915,REF046,0.4929,shortlist,,20260918T0131-7dd1a33,discover-1
c0105,129,123,57,53,0.7571,dpi,0.0,0.0155,0.7674,Implementation Arrangements and Support Plan,0.2888,0.2974,0.7397,REF030,0.3919,junk,junk_section_share>=0.6,20260918T0131-7dd1a33,discover-1
c0329,129,109,43,38,0.5429,dpi,0.6187,0.0078,0.2326,Sectoral and Institutional Context,0.2113,0.285,0.7173,REF053,0.4753,shortlist,,20260918T0131-7dd1a33,discover-1
c0379,129,115,52,41,0.5857,access_connectivity,0.6473,0.0,0.1628,Project Components,0.247,0.3133,0.6934,REF038,0.4159,shortlist,,20260918T0131-7dd1a33,discover-1
c0223,128,107,58,55,0.7857,cybersecurity,0.8962,0.0078,0.9453,Fiduciary,0.3168,0.234,0.7976,REF063,0.2543,junk,junk_section_share>=0.6,20260918T0131-7dd1a33,discover-1
c0525,128,126,59,49,0.7,access_connectivity,0.8322,0.2188,0.3984,Project Components,0.3097,0.3466,0.7664,REF085,0.3679,shortlist,,20260918T0131-7dd1a33,discover-1
c0524,127,122,62,44,0.6286,access_connectivity,0.823,0.0157,0.2362,Project Components,0.2871,0.343,0.6761,REF085,0.3437,shortlist,,20260918T0131-7dd1a33,discover-1
c0262,125,124,72,50,0.7143,access_connectivity,0.8017,0.0,0.704,Implementation Arrangements and Support Plan,0.3137,0.3288,0.6362,REF031,0.3099,junk,junk_section_share>=0.6,20260918T0131-7dd1a33,discover-1
c0377,125,120,62,45,0.6429,dpi,0.752,0.024,0.312,Sectoral and Institutional Context,0.2569,0.3405,0.6049,REF083,0.4169,shortlist,,20260918T0131-7dd1a33,discover-1
c0692,125,111,59,48,0.6857,dpi,0.0,0.016,0.96,Implementation Arrangements and Support Plan,0.2776,0.2869,0.6868,REF085,0.3512,junk,junk_section_share>=0.6,20260918T0131-7dd1a33,discover-1
c0291,123,119,58,52,0.7429,dpi,0.8827,0.0,0.4797,Implementation Arrangements and Support Plan,0.2355,0.3819,0.5928,REF030,0.4473,shortlist,,20260918T0131-7dd1a33,discover-1
c0089,122,115,61,56,0.8,access_connectivity,0.7726,0.0,0.2459,Sustainability,0.3102,0.4765,0.7424,REF045,0.4021,shortlist,,20260918T0131-7dd1a33,discover-1
c0206,122,115,62,50,0.7143,dpi,0.9697,0.0164,0.7049,Implementation Arrangements and Support Plan,0.3411,0.2528,0.8031,REF045,0.3317,junk,junk_section_share>=0.6,20260918T0131-7dd1a33,discover-1
c0554,122,106,59,41,0.5857,access_connectivity,0.7069,0.0,0.5,Implementation Arrangements and Support Plan,0.2728,0.3023,0.6751,REF045,0.3844,shortlist,,20260918T0131-7dd1a33,discover-1
c0168,121,110,58,54,0.7714,access_connectivity,0.7677,0.0,0.9421,KEY RISKS,0.2945,0.4489,0.7413,REF030,0.4001,junk,junk_section_share>=0.6,20260918T0131-7dd1a33,discover-1
c0800,121,94,65,50,0.7143,dpi,0.5847,0.0248,0.314,Sectoral and Institutional Context,0.3065,0.2196,0.6884,REF086,0.4873,shortlist,,20260918T0131-7dd1a33,discover-1
c0802,121,88,54,53,0.7571,access_connectivity,0.6564,0.0,0.1653,Rationale for Bank Involvement and Role of Partners,0.2729,0.252,0.738,REF053,0.4678,shortlist,,20260918T0131-7dd1a33,discover-1
c0417,120,87,45,47,0.6714,dpi,0.7312,0.1167,0.4,Project Components,0.2097,0.2893,0.6805,REF021,0.5269,shortlist,,20260918T0131-7dd1a33,discover-1
c0789,120,79,45,42,0.6,mobile_towers,0.6099,0.0,0.1,Sectoral and Institutional Context,0.217,0.1944,0.7041,REF087,0.4253,shortlist,,20260918T0131-7dd1a33,discover-1
c0616,119,105,51,45,0.6429,dpi,0.6408,0.0,0.4706,Implementation Arrangements and Support Plan,0.216,0.2966,0.6184,REF002,0.4594,shortlist,,20260918T0131-7dd1a33,discover-1
c0765,119,89,45,42,0.6,dpi,0.6226,0.0168,0.0252,"Technical, Economic and Financial Analysis",0.2226,0.2395,0.7222,REF005,0.4247,shortlist,,20260918T0131-7dd1a33,discover-1
c0176,118,106,56,45,0.6429,cybersecurity,0.7495,0.3051,0.1525,Project Components,0.2748,0.3517,0.7165,REF081,0.5629,shortlist,,20260918T0131-7dd1a33,discover-1
c0309,118,114,54,44,0.6286,dpi,0.7836,0.0085,0.3305,Project Components,0.2409,0.3853,0.6512,REF030,0.3917,shortlist,,20260918T0131-7dd1a33,discover-1
c0119,117,108,70,43,0.6143,access_connectivity,0.8402,0.0,0.4274,PROJECT STATUS AND RATIONALE FOR RESTRUCTURING,0.3575,0.3164,0.7457,REF027,0.3438,shortlist,,20260918T0131-7dd1a33,discover-1
c0683,117,107,59,56,0.8,,0.0,0.0342,0.9744,Implementation Arrangements and Support Plan,0.3194,0.2596,0.7903,REF085,0.3266,junk,junk_section_share>=0.6,20260918T0131-7dd1a33,discover-1
c0508,116,100,39,29,0.4143,dpi,0.8775,0.0431,0.4483,PROJECT STATUS AND RATIONALE FOR RESTRUCTURING,0.1957,0.2845,0.7326,REF027,0.2611,shortlist,,20260918T0131-7dd1a33,discover-1
c0311,115,102,70,54,0.7714,dpi,0.9602,0.3478,0.1826,Project Components,0.3676,0.3118,0.7667,REF053,0.4086,shortlist,,20260918T0131-7dd1a33,discover-1
c0520,115,105,61,57,0.8143,,0.0,0.0522,1.0,Implementation Arrangements and Support Plan,0.3493,0.3389,0.8361,REF045,0.4089,junk,junk_section_share>=0.6,20260918T0131-7dd1a33,discover-1
c0677,115,106,52,42,0.6,mobile_towers,0.8871,0.0,0.1826,Project Development Objective,0.2491,0.1844,0.6994,REF011,0.2966,shortlist,,20260918T0131-7dd1a33,discover-1
c0759,115,104,38,29,0.4143,dpi,0.8337,0.0087,0.1217,Project Components,0.1945,0.2724,0.7475,REF067,0.5833,shortlist,,20260918T0131-7dd1a33,discover-1
c0714,114,74,23,24,0.3429,access_connectivity,0.7068,0.0,0.3246,Country Context,0.0932,0.3958,0.5914,REF087,0.3473,shortlist,,20260918T0131-7dd1a33,discover-1
c0438,111,105,57,48,0.6857,dpi,0.8836,0.0,0.6126,Implementation Arrangements and Support Plan,0.2591,0.3143,0.6637,REF036,0.299,junk,junk_section_share>=0.6,20260918T0131-7dd1a33,discover-1
c0723,111,68,22,16,0.2286,access_connectivity,0.8541,0.0,0.0541,Country Context,0.0851,0.34,0.5646,REF025,0.2565,shortlist,,20260918T0131-7dd1a33,discover-1
c0141,110,96,57,45,0.6429,access_connectivity,0.4561,0.0,0.9545,KEY RISKS,0.3029,0.4027,0.7759,REF030,0.4144,junk,junk_section_share>=0.6,20260918T0131-7dd1a33,discover-1
c0358,110,103,51,50,0.7143,access_connectivity,0.6639,0.5636,0.1909,"Technical, Economic and Financial Analysis",0.2566,0.3234,0.7345,REF085,0.3462,shortlist,,20260918T0131-7dd1a33,discover-1
c0585,110,97,66,36,0.5143,access_connectivity,0.8105,0.0091,0.3455,Project Status,0.343,0.2576,0.7588,REF005,0.3603,shortlist,,20260918T0131-7dd1a33,discover-1
c0595,110,76,46,42,0.6,drm_ews,0.6566,0.0091,0.0818,Relevance to Higher Level Objectives,0.2248,0.4419,0.7135,REF085,0.4796,shortlist,,20260918T0131-7dd1a33,discover-1
c0660,109,95,46,47,0.6714,access_connectivity,0.7897,0.2018,0.9541,Implementation Arrangements and Support Plan,0.2251,0.2466,0.7143,REF085,0.4514,junk,junk_section_share>=0.6,20260918T0131-7dd1a33,discover-1
c0458,108,83,29,30,0.4286,data_hosting,0.5716,0.0185,0.0833,Project Components,0.1333,0.4072,0.6709,REF036,0.6118,shortlist,,20260918T0131-7dd1a33,discover-1
c0519,107,93,49,46,0.6571,access_connectivity,0.0,0.0187,0.9813,Implementation Arrangements and Support Plan,0.2644,0.3514,0.7877,REF045,0.4928,junk,junk_section_share>=0.6,20260918T0131-7dd1a33,discover-1
c0734,107,104,61,44,0.6286,access_connectivity,0.3501,0.0654,0.1963,Project Development Objective,0.3182,0.2536,0.7617,REF046,0.5578,shortlist,,20260918T0131-7dd1a33,discover-1
c0743,107,106,46,43,0.6143,access_connectivity,0.8049,0.0,0.1963,Project Components,0.2249,0.4805,0.7138,REF029,0.5003,shortlist,,20260918T0131-7dd1a33,discover-1
c0192,106,106,50,45,0.6429,access_connectivity,0.823,0.0,0.4811,Fiduciary,0.2721,0.2915,0.7945,REF045,0.288,shortlist,,20260918T0131-7dd1a33,discover-1
c0213,106,99,57,53,0.7571,access_connectivity,0.5568,0.0,0.6698,Lessons Learned and Reflected in the Project Design,0.272,0.2826,0.6966,REF059,0.3277,junk,junk_section_share>=0.6,20260918T0131-7dd1a33,discover-1
c0237,106,98,41,39,0.5571,access_connectivity,0.8072,0.0,0.8774,Implementation Arrangements and Support Plan,0.2023,0.3133,0.7206,REF045,0.3398,junk,junk_section_share>=0.6,20260918T0131-7dd1a33,discover-1
c0239,105,74,37,30,0.4286,access_connectivity,0.6153,0.0381,0.381,Project Components,0.1852,0.3346,0.7307,REF045,0.3696,shortlist,,20260918T0131-7dd1a33,discover-1
c0614,105,90,49,47,0.6714,dpi,0.0,0.019,0.9714,Implementation Arrangements and Support Plan,0.27,0.2264,0.8045,REF045,0.4558,junk,junk_section_share>=0.6,20260918T0131-7dd1a33,discover-1
c0740,105,66,47,44,0.6286,dpi,0.8357,0.0,0.0571,Country Context,0.2282,0.2499,0.7089,REF012,0.2738,shortlist,,20260918T0131-7dd1a33,discover-1
c0532,104,91,52,53,0.7571,drm_ews,0.9602,0.1154,0.6442,Results Monitoring and Evaluation Arrangements,0.2631,0.3285,0.7388,REF057,0.4334,junk,junk_section_share>=0.6,20260918T0131-7dd1a33,discover-1
c0578,104,79,28,22,0.3143,dpi,0.5365,0.0288,0.4808,Lessons Learned and Reflected in the Project Design,0.1361,0.2953,0.7098,REF005,0.5508,shortlist,,20260918T0131-7dd1a33,discover-1
c0803,104,94,38,33,0.4714,access_connectivity,0.3362,0.0481,0.0769,Project Components,0.1896,0.2785,0.7286,REF087,0.5437,shortlist,,20260918T0131-7dd1a33,discover-1
c0228,103,102,55,50,0.7143,dpi,0.6976,0.0,0.2039,Project Components,0.2667,0.3708,0.708,REF036,0.3615,shortlist,,20260918T0131-7dd1a33,discover-1
c0813,102,99,43,40,0.5714,access_connectivity,0.7086,0.0,0.1275,Project Components,0.1938,0.3489,0.6579,REF076,0.5078,shortlist,,20260918T0131-7dd1a33,discover-1
c0297,101,98,53,50,0.7143,dpi,0.8086,0.0,0.2079,Sectoral and Institutional Context,0.2301,0.4212,0.6338,REF003,0.2902,shortlist,,20260918T0131-7dd1a33,discover-1
c0357,101,58,17,13,0.1857,dpi,0.6742,0.0297,0.1881,Project Components,0.0761,0.3185,0.6535,REF089,0.464,shortlist,,20260918T0131-7dd1a33,discover-1
c0390,101,71,35,33,0.4714,cybersecurity,0.9131,0.0,0.4356,Environmental and Social,0.1621,0.3281,0.676,REF031,0.3706,shortlist,,20260918T0131-7dd1a33,discover-1
c0604,101,73,52,44,0.6286,access_connectivity,0.9183,0.3564,0.9505,Implementation Arrangements and Support Plan,0.2539,0.2511,0.7128,REF085,0.3736,junk,junk_section_share>=0.6,20260918T0131-7dd1a33,discover-1
c0516,100,87,59,55,0.7857,dpi,1.0,0.01,0.99,Fiduciary,0.309,0.2794,0.7647,REF045,0.4631,junk,junk_section_share>=0.6,20260918T0131-7dd1a33,discover-1
c0816,100,72,28,20,0.2857,submarine_cable,0.8406,0.01,0.14,Sectoral and Institutional Context,0.1282,0.3587,0.6686,REF033,0.6098,shortlist,,20260918T0131-7dd1a33,discover-1
c0133,99,92,41,37,0.5286,access_connectivity,0.7299,0.0,0.5758,Implementation Arrangements and Support Plan,0.1703,0.3871,0.6066,REF023,0.3581,shortlist,,20260918T0131-7dd1a33,discover-1
c0436,99,76,45,41,0.5857,data_hosting,0.7351,0.101,0.0808,Project Components,0.2181,0.3348,0.7075,REF083,0.6599,shortlist,,20260918T0131-7dd1a33,discover-1
c0292,98,94,70,50,0.7143,access_connectivity,0.6552,0.1224,0.1837,Project Components,0.3582,0.2998,0.747,REF079,0.3437,shortlist,,20260918T0131-7dd1a33,discover-1
c0322,98,92,46,43,0.6143,cybersecurity,0.6473,0.0,0.0816,Project Components,0.2414,0.2987,0.7662,REF001,0.5365,shortlist,,20260918T0131-7dd1a33,discover-1
c0492,98,61,16,16,0.2286,access_connectivity,0.5856,0.0,0.2551,Relevance to Higher Level Objectives,0.0729,0.3998,0.6656,REF087,0.5476,shortlist,,20260918T0131-7dd1a33,discover-1
c0337,97,96,61,49,0.7,access_connectivity,0.7461,0.0,0.3711,Sectoral and Institutional Context,0.246,0.4206,0.5888,REF086,0.2621,shortlist,,20260918T0131-7dd1a33,discover-1
c0589,97,93,61,50,0.7143,access_connectivity,0.8661,0.3711,0.7526,Implementation Arrangements and Support Plan,0.3276,0.312,0.7841,REF045,0.3581,junk,junk_section_share>=0.6,20260918T0131-7dd1a33,discover-1
c0781,97,69,31,29,0.4143,dpi,0.7949,0.0,0.0206,Relevance to Higher Level Objectives,0.1574,0.2068,0.7411,REF056,0.4763,shortlist,,20260918T0131-7dd1a33,discover-1
c0817,97,82,40,39,0.5571,access_connectivity,0.7961,0.0,0.1546,Project Components,0.1847,0.3743,0.6743,REF037,0.6747,shortlist,,20260918T0131-7dd1a33,discover-1
c0378,96,89,48,48,0.6857,access_connectivity,0.3013,0.1667,0.0625,Relevance to Higher Level Objectives,0.2477,0.3026,0.7534,REF085,0.467,shortlist,,20260918T0131-7dd1a33,discover-1
c0608,96,81,54,44,0.6286,dpi,0.9212,0.2917,0.8333,Institutional and Implementation Arrangements,0.2846,0.2615,0.7694,REF079,0.3569,junk,junk_section_share>=0.6,20260918T0131-7dd1a33,discover-1
c0648,96,96,44,44,0.6286,drm_ews,0.7591,0.0,0.0417,Project Components,0.2323,0.682,0.771,REF036,0.6245,shortlist,,20260918T0131-7dd1a33,discover-1
c0694,96,83,56,48,0.6857,submarine_cable,0.0,0.0625,0.9062,Implementation Arrangements and Support Plan,0.2718,0.2436,0.7085,REF045,0.417,junk,junk_section_share>=0.6,20260918T0131-7dd1a33,discover-1
c0645,95,82,41,40,0.5714,access_connectivity,0.7781,0.0,0.0632,Country Context,0.2031,0.2888,0.7234,REF085,0.3615,shortlist,,20260918T0131-7dd1a33,discover-1
c0549,94,91,52,44,0.6286,dpi,0.9212,0.0213,0.7021,Implementation Arrangements and Support Plan,0.2838,0.3484,0.7968,REF005,0.3496,junk,junk_section_share>=0.6,20260918T0131-7dd1a33,discover-1
c0675,94,90,47,40,0.5714,access_connectivity,0.7915,0.0,0.1702,Sectoral and Institutional Context,0.2195,0.2285,0.6817,REF011,0.3054,shortlist,,20260918T0131-7dd1a33,discover-1
c0109,93,90,50,44,0.6286,access_connectivity,0.7983,0.0,0.6882,Implementation Arrangements and Support Plan,0.2599,0.3514,0.7588,REF048,0.2715,junk,junk_section_share>=0.6,20260918T0131-7dd1a33,discover-1
c0321,92,55,33,25,0.3571,dpi,0.6,0.1087,0.837,Institutional and Implementation Arrangements,0.1615,0.3011,0.7145,REF079,0.4071,junk,junk_section_share>=0.6,20260918T0131-7dd1a33,discover-1
c0353,92,80,44,42,0.6,cybersecurity,0.8103,0.0217,0.1957,Project Components,0.1942,0.3699,0.6443,REF016,0.499,shortlist,,20260918T0131-7dd1a33,discover-1
c0434,92,85,45,40,0.5714,dpi,0.8683,0.0,0.2935,Sectoral and Institutional Context,0.1939,0.3713,0.6291,REF075,0.4241,shortlist,,20260918T0131-7dd1a33,discover-1
c0591,92,82,41,38,0.5429,dpi,0.7816,0.0,0.2609,Project Components,0.189,0.3658,0.6729,REF011,0.5303,shortlist,,20260918T0131-7dd1a33,discover-1
c0808,92,82,34,31,0.4429,access_connectivity,0.3958,0.1196,0.1196,Project Components,0.1702,0.2884,0.7308,REF046,0.6148,shortlist,,20260918T0131-7dd1a33,discover-1
c0017,91,89,55,46,0.6571,dpi,0.822,0.0,0.4176,Sectoral and Institutional Context,0.3767,0.2384,1.0,REF053,0.2022,shortlist,,20260918T0131-7dd1a33,discover-1
c0733,91,76,24,23,0.3286,drm_ews,0.7568,0.0,0.0769,Project Components,0.1126,0.42,0.6847,REF054,0.4989,shortlist,,20260918T0131-7dd1a33,discover-1
c0099,90,90,68,56,0.8,access_connectivity,0.7855,0.0,0.0556,Project Components,0.3916,0.2767,0.8407,REF085,0.3716,shortlist,,20260918T0131-7dd1a33,discover-1
c0385,90,82,41,41,0.5857,access_connectivity,0.6952,0.0,0.0556,Project Components,0.1893,0.3505,0.6742,REF046,0.4107,shortlist,,20260918T0131-7dd1a33,discover-1
c0623,90,87,43,43,0.6143,drm_ews,0.7023,0.0,0.0556,Relevance to Higher Level Objectives,0.2297,0.6002,0.78,REF085,0.5422,shortlist,,20260918T0131-7dd1a33,discover-1
c0154,89,84,43,43,0.6143,access_connectivity,0.9439,0.0,0.764,KEY RISKS,0.2206,0.4448,0.749,REF030,0.3882,junk,junk_section_share>=0.6,20260918T0131-7dd1a33,discover-1
c0165,89,50,31,32,0.4571,access_connectivity,0.3868,0.0,0.7528,Environmental and Social,0.1361,0.5493,0.641,REF024,0.3588,junk,junk_section_share>=0.6,20260918T0131-7dd1a33,discover-1
c0235,89,60,29,26,0.3714,dpi,0.4754,0.0,0.0337,Sectoral and Institutional Context,0.1188,0.3238,0.5979,REF008,0.4416,shortlist,,20260918T0131-7dd1a33,discover-1
c0249,89,83,62,60,0.8571,access_connectivity,0.7587,0.4607,0.0449,Project Beneficiaries,0.3002,0.2584,0.7069,REF005,0.4166,shortlist,,20260918T0131-7dd1a33,discover-1
c0389,89,57,21,20,0.2857,dpi,0.7461,0.0,0.0562,Sectoral and Institutional Context,0.0922,0.2458,0.641,REF003,0.5691,shortlist,,20260918T0131-7dd1a33,discover-1
c0553,89,75,44,41,0.5857,dpi,1.0,0.0787,0.6067,Institutional and Implementation Arrangements,0.2273,0.3191,0.7541,REF053,0.3936,junk,junk_section_share>=0.6,20260918T0131-7dd1a33,discover-1
c0170,88,85,47,45,0.6429,drm_ews,0.7763,0.0114,0.875,KEY RISKS,0.2517,0.4795,0.7817,REF030,0.444,junk,junk_section_share>=0.6,20260918T0131-7dd1a33,discover-1
c0445,88,86,37,34,0.4857,access_connectivity,0.7764,0.0227,0.2386,RESULTS FRAMEWORK AND MONITORING,0.2095,0.3228,0.8269,REF036,0.4724,shortlist,,20260918T0131-7dd1a33,discover-1
c0598,88,69,43,39,0.5571,dpi,0.7302,0.0227,0.8182,Institutional and Implementation Arrangements,0.1965,0.2821,0.6673,REF030,0.3861,junk,junk_section_share>=0.6,20260918T0131-7dd1a33,discover-1
c0613,88,65,31,25,0.3571,drm_ews,0.7123,0.0341,0.4545,Environmental and Social,0.1546,0.3956,0.7283,REF011,0.4497,shortlist,,20260918T0131-7dd1a33,discover-1
c0273,87,66,12,13,0.1857,dpi,0.7654,0.046,0.1264,Sectoral and Institutional Context,0.0555,0.3216,0.6757,REF084,0.5192,shortlist,,20260918T0131-7dd1a33,discover-1
c0392,87,69,37,34,0.4857,drm_ews,0.8187,0.0115,0.0345,Sectoral and Institutional Context,0.1838,0.354,0.7254,REF054,0.6183,shortlist,,20260918T0131-7dd1a33,discover-1
c0536,87,83,38,35,0.5,dpi,0.6692,0.0,0.1379,Relevance to Higher Level Objectives,0.197,0.3211,0.7568,REF062,0.4572,shortlist,,20260918T0131-7dd1a33,discover-1
c0627,87,74,47,40,0.5714,dpi,0.932,0.069,0.8161,Institutional and Implementation Arrangements,0.2297,0.2185,0.7135,REF044,0.3524,junk,junk_section_share>=0.6,20260918T0131-7dd1a33,discover-1
c0778,87,75,41,31,0.4429,access_connectivity,0.596,0.046,0.4598,Project Development Objective,0.2098,0.23,0.7473,REF087,0.4617,shortlist,,20260918T0131-7dd1a33,discover-1
c0184,86,75,37,32,0.4571,access_connectivity,0.8787,0.2209,0.0,Project Components,0.1964,0.2087,0.7749,REF059,0.4556,shortlist,,20260918T0131-7dd1a33,discover-1
c0718,86,74,47,40,0.5714,dpi,1.0,0.0,0.9302,Implementation Arrangements and Support Plan,0.2286,0.3142,0.7101,REF066,0.368,junk,junk_section_share>=0.6,20260918T0131-7dd1a33,discover-1
c0810,86,77,37,33,0.4714,access_connectivity,0.7725,0.0581,0.0698,Project Components,0.1792,0.3049,0.7073,REF046,0.6552,shortlist,,20260918T0131-7dd1a33,discover-1
c0140,85,71,57,51,0.7286,access_connectivity,0.865,0.0471,0.9529,KEY RISKS,0.3173,0.405,0.8128,REF085,0.4291,junk,junk_section_share>=0.6,20260918T0131-7dd1a33,discover-1
c0049,84,83,42,39,0.5571,dpi,0.8587,0.0,0.4881,Implementation Arrangements and Support Plan,0.2477,0.2736,0.861,REF027,0.2681,shortlist,,20260918T0131-7dd1a33,discover-1
c0173,84,77,48,37,0.5286,access_connectivity,0.6152,0.0,0.619,DETAILED CHANGE(S),0.2362,0.4364,0.7185,REF030,0.4298,junk,junk_section_share>=0.6,20260918T0131-7dd1a33,discover-1
c0688,84,71,47,44,0.6286,cybersecurity,0.0,0.2738,1.0,Implementation Arrangements and Support Plan,0.2585,0.2256,0.8031,REF045,0.4706,junk,junk_section_share>=0.6,20260918T0131-7dd1a33,discover-1
c0793,84,84,51,33,0.4714,access_connectivity,0.6065,0.0119,0.5595,RESULTS FRAMEWORK AND MONITORING,0.2565,0.2814,0.7344,REF056,0.5111,shortlist,,20260918T0131-7dd1a33,discover-1
c0191,83,79,46,36,0.5143,access_connectivity,0.8392,0.0,0.5422,Results Monitoring and Evaluation Arrangements,0.2307,0.2945,0.7321,REF030,0.2619,shortlist,,20260918T0131-7dd1a33,discover-1
c0246,83,81,44,43,0.6143,dpi,0.7482,0.0,0.1928,Project Components,0.2265,0.346,0.7515,REF030,0.4218,shortlist,,20260918T0131-7dd1a33,discover-1
c0354,83,80,41,37,0.5286,access_connectivity,0.8409,0.012,0.1928,Project Components,0.222,0.381,0.7907,REF030,0.3627,shortlist,,20260918T0131-7dd1a33,discover-1
c0409,83,79,45,45,0.6429,access_connectivity,0.8228,0.0,0.1807,Project Components,0.218,0.285,0.7071,REF006,0.3272,shortlist,,20260918T0131-7dd1a33,discover-1
c0540,83,71,47,42,0.6,access_connectivity,0.6696,0.0964,0.5301,DETAILED CHANGE(S),0.2348,0.3893,0.7295,REF030,0.3994,shortlist,,20260918T0131-7dd1a33,discover-1
c0565,83,78,40,40,0.5714,drm_ews,0.6707,0.0,0.0361,Project Components,0.1912,0.6102,0.6977,REF016,0.6554,shortlist,,20260918T0131-7dd1a33,discover-1
c0579,83,69,48,43,0.6143,access_connectivity,0.0,0.2169,0.9639,Implementation Arrangements and Support Plan,0.2532,0.2394,0.7702,REF031,0.3469,junk,junk_section_share>=0.6,20260918T0131-7dd1a33,discover-1
c0761,83,81,40,39,0.5571,access_connectivity,0.5977,0.0,0.1446,"Technical, Economic and Financial Analysis",0.2021,0.2683,0.7375,REF061,0.6275,shortlist,,20260918T0131-7dd1a33,discover-1
c0050,82,82,7,7,0.1,access_connectivity,0.76,0.0,0.0122,Detailed Project Description,0.0432,0.2562,0.9001,REF086,0.2683,shortlist,,20260918T0131-7dd1a33,discover-1
c0307,82,79,44,46,0.6571,access_connectivity,0.7983,0.0122,0.1951,Project Components,0.1857,0.3994,0.6163,REF030,0.3761,shortlist,,20260918T0131-7dd1a33,discover-1
c0426,82,69,48,45,0.6429,access_connectivity,0.8669,0.0122,0.3415,Environmental and Social,0.2327,0.2927,0.7078,REF045,0.3933,shortlist,,20260918T0131-7dd1a33,discover-1
c0459,82,76,47,45,0.6429,dpi,0.8573,0.0,0.0366,Relevance to Higher Level Objectives,0.2335,0.3507,0.7254,REF046,0.3942,shortlist,,20260918T0131-7dd1a33,discover-1
c0562,82,51,20,22,0.3143,data_hosting,0.5991,0.061,0.0732,Project Components,0.0973,0.4103,0.7104,REF036,0.6437,shortlist,,20260918T0131-7dd1a33,discover-1
c0587,82,72,34,31,0.4429,access_connectivity,0.0,0.1707,0.9756,Implementation Arrangements and Support Plan,0.1759,0.2477,0.7555,REF085,0.3607,junk,junk_section_share>=0.6,20260918T0131-7dd1a33,discover-1
c0348,81,78,42,35,0.5,dpi,0.8006,0.3951,0.0741,Project Components,0.2159,0.3055,0.7504,REF046,0.4209,shortlist,,20260918T0131-7dd1a33,discover-1
c0527,81,77,41,41,0.5857,access_connectivity,0.7788,0.5556,0.037,Relevance to Higher Level Objectives,0.208,0.3079,0.7408,REF005,0.3744,shortlist,,20260918T0131-7dd1a33,discover-1
c0605,81,59,47,41,0.5857,dpi,0.0,0.037,0.9753,Implementation Arrangements and Support Plan,0.2317,0.2223,0.7199,REF085,0.357,junk,junk_section_share>=0.6,20260918T0131-7dd1a33,discover-1
c0634,81,63,41,38,0.5429,,0.0,0.1975,0.9753,Implementation Arrangements and Support Plan,0.2018,0.2659,0.7186,REF005,0.442,junk,junk_section_share>=0.6,20260918T0131-7dd1a33,discover-1
c0652,81,75,47,42,0.6,access_connectivity,0.0,0.0,0.9506,Implementation Arrangements and Support Plan,0.2353,0.3312,0.7309,REF085,0.3906,junk,junk_section_share>=0.6,20260918T0131-7dd1a33,discover-1
c0665,81,72,37,37,0.5286,dpi,0.9851,0.0,0.1111,Project Components,0.1834,0.2789,0.7237,REF011,0.5457,shortlist,,20260918T0131-7dd1a33,discover-1
c0114,80,73,23,19,0.2714,dpi,0.8867,0.0,0.3875,DESCRIPTION OF ADDITIONAL FINANCING,0.1108,0.3346,0.7035,REF066,0.3221,shortlist,,20260918T0131-7dd1a33,discover-1
c0295,80,80,44,42,0.6,dpi,0.7852,0.0,0.1125,Project Components,0.2727,0.2832,0.9049,REF030,0.3372,shortlist,,20260918T0131-7dd1a33,discover-1
c0414,80,79,48,39,0.5571,dpi,0.809,0.1875,0.1625,Project Components,0.2394,0.3024,0.7283,REF046,0.4475,shortlist,,20260918T0131-7dd1a33,discover-1
c0144,79,66,51,51,0.7286,dpi,0.0,0.0127,0.9367,KEY RISKS,0.2858,0.3342,0.8183,REF030,0.4067,junk,junk_section_share>=0.6,20260918T0131-7dd1a33,discover-1
c0234,79,75,46,44,0.6286,dpi,0.7494,0.0,0.1266,Project Components,0.2213,0.4349,0.7023,REF069,0.4376,shortlist,,20260918T0131-7dd1a33,discover-1
c0334,79,79,42,38,0.5429,dpi,0.9113,0.0,0.3544,Project Components,0.2066,0.3315,0.7183,REF061,0.2654,shortlist,,20260918T0131-7dd1a33,discover-1
c0722,79,69,41,40,0.5714,cybersecurity,0.0,0.6709,0.9494,Implementation Arrangements and Support Plan,0.2086,0.2402,0.7429,REF030,0.3518,junk,junk_section_share>=0.6,20260918T0131-7dd1a33,discover-1
c0805,79,70,33,30,0.4286,access_connectivity,0.4663,0.2532,0.1139,Project Components,0.1575,0.2938,0.6968,REF045,0.544,shortlist,,20260918T0131-7dd1a33,discover-1
c0264,78,73,52,44,0.6286,access_connectivity,0.8707,0.0,0.2308,Sectoral and Institutional Context,0.2298,0.4449,0.6452,REF086,0.3199,shortlist,,20260918T0131-7dd1a33,discover-1
c0684,78,73,53,48,0.6857,,0.0,0.359,1.0,Implementation Arrangements and Support Plan,0.3037,0.1843,0.8367,REF085,0.3001,junk,junk_section_share>=0.6,20260918T0131-7dd1a33,discover-1
c0755,78,56,31,27,0.3857,access_connectivity,0.4647,0.0,0.0897,Project Components,0.1503,0.3125,0.7081,REF043,0.6056,shortlist,,20260918T0131-7dd1a33,discover-1
c0004,77,77,41,39,0.5571,access_connectivity,0.8442,0.0,0.1558,Project Components,0.2689,0.1788,0.9575,REF027,0.1673,shortlist,,20260918T0131-7dd1a33,discover-1
c0425,77,74,46,38,0.5429,dpi,0.9025,0.013,0.3636,Project Components,0.2263,0.3538,0.7182,REF030,0.4012,shortlist,,20260918T0131-7dd1a33,discover-1
c0729,77,76,49,42,0.6,dpi,0.9181,0.0,0.2078,Project Development Objective,0.2197,0.1946,0.6546,REF075,0.3316,shortlist,,20260918T0131-7dd1a33,discover-1
c0736,77,59,40,39,0.5571,dpi,0.907,0.0,0.039,Sectoral and Institutional Context,0.1829,0.2647,0.6677,REF089,0.2783,shortlist,,20260918T0131-7dd1a33,discover-1
c0012,76,76,63,59,0.8429,drm_ews,0.9155,0.0,0.0658,GRIEVANCE REDRESS SERVICES,0.4082,0.232,0.946,REF065,0.2493,shortlist,,20260918T0131-7dd1a33,discover-1
c0071,76,73,33,26,0.3714,dpi,1.0,0.0,0.0789,DETAILED CHANGE(S),0.1574,0.2761,0.6964,REF005,0.3292,shortlist,,20260918T0131-7dd1a33,discover-1
c0126,76,74,42,29,0.4143,access_connectivity,0.8813,0.0,0.5132,DESCRIPTION OF PROPOSED CHANGES,0.2325,0.2639,0.8082,REF030,0.3913,shortlist,,20260918T0131-7dd1a33,discover-1
c0791,76,43,27,25,0.3571,mobile_towers,0.8252,0.0132,0.0132,Sectoral and Institutional Context,0.1184,0.2086,0.64,REF043,0.4979,shortlist,,20260918T0131-7dd1a33,discover-1
c0081,75,74,42,40,0.5714,access_connectivity,0.9098,0.0,0.4267,Project Components,0.2187,0.3357,0.7601,REF018,0.4213,shortlist,,20260918T0131-7dd1a33,discover-1
c0122,75,69,51,43,0.6143,dpi,0.8699,0.0,0.28,Project Development Objective,0.273,0.234,0.7815,REF027,0.3138,shortlist,,20260918T0131-7dd1a33,discover-1
c0136,75,73,39,36,0.5143,dpi,0.794,0.0,0.1867,Project Components,0.1779,0.357,0.666,REF052,0.4237,shortlist,,20260918T0131-7dd1a33,discover-1
c0190,75,74,46,35,0.5,access_connectivity,0.8674,0.0,0.3333,Implementation Arrangements and Support Plan,0.2355,0.3505,0.7476,REF027,0.2408,shortlist,,20260918T0131-7dd1a33,discover-1
c0326,75,70,47,46,0.6571,access_connectivity,0.9064,0.0,0.3333,Implementation Arrangements and Support Plan,0.1975,0.338,0.6136,REF023,0.2461,shortlist,,20260918T0131-7dd1a33,discover-1
c0460,75,69,37,36,0.5143,access_connectivity,0.8344,0.0,0.0933,"Technical, Economic and Financial Analysis",0.196,0.3212,0.7736,REF006,0.2826,shortlist,,20260918T0131-7dd1a33,discover-1
c0058,74,64,10,8,0.1143,cybersecurity,0.8962,0.0,0.0946,DETAILED CHANGE(S),0.056,0.2447,0.8177,REF030,0.3018,shortlist,,20260918T0131-7dd1a33,discover-1
c0721,74,64,38,33,0.4714,cybersecurity,0.9183,0.0,0.9054,Implementation Arrangements and Support Plan,0.187,0.2398,0.7186,REF066,0.3397,junk,junk_section_share>=0.6,20260918T0131-7dd1a33,discover-1
c0230,73,47,17,12,0.1714,dpi,0.2451,0.0274,0.0959,Detailed Project Description,0.0712,0.2698,0.6119,REF005,0.3787,shortlist,,20260918T0131-7dd1a33,discover-1
c0370,73,59,7,6,0.0857,drm_ews,0.6908,0.0,0.1096,Detailed Project Description,0.0345,0.32,0.7191,REF056,0.7438,shortlist,,20260918T0131-7dd1a33,discover-1
c0469,73,51,29,28,0.4,cybersecurity,0.5642,0.0,0.1644,Project Components,0.1385,0.3044,0.6975,REF063,0.5147,shortlist,,20260918T0131-7dd1a33,discover-1
c0539,73,62,35,34,0.4857,dpi,0.8991,0.0,0.0411,Country Context,0.1464,0.2526,0.6109,REF005,0.2298,shortlist,,20260918T0131-7dd1a33,discover-1
c0542,73,72,46,34,0.4857,access_connectivity,0.9212,0.0274,0.6849,Implementation Arrangements and Support Plan,0.2461,0.3681,0.7811,REF030,0.4004,junk,junk_section_share>=0.6,20260918T0131-7dd1a33,discover-1
c0052,72,72,23,23,0.3286,dpi,0.8428,0.0,0.3194,Timelines and Additional Details of Project Activities,0.1473,0.1836,0.9348,REF069,0.1434,shortlist,,20260918T0131-7dd1a33,discover-1
c0120,72,72,45,34,0.4857,dpi,0.7192,0.0,0.1528,Project Components,0.2643,0.3418,0.8577,REF005,0.3058,shortlist,,20260918T0131-7dd1a33,discover-1
c0258,72,71,44,41,0.5857,dpi,0.8824,0.0,0.25,Project Components,0.2158,0.3946,0.7162,REF076,0.3335,shortlist,,20260918T0131-7dd1a33,discover-1
c0601,72,47,31,23,0.3286,drm_ews,0.6976,0.0139,0.0694,World Bank Group Response to COVID-19 in Ethiopia,0.1529,0.3041,0.7201,REF005,0.4735,shortlist,,20260918T0131-7dd1a33,discover-1
c0022,71,70,26,24,0.3429,dpi,0.8561,0.0,0.2254,Project Components,0.1546,0.2059,0.8682,REF023,0.1698,shortlist,,20260918T0131-7dd1a33,discover-1
c0236,71,69,31,28,0.4,access_connectivity,0.8247,0.0,0.7042,Implementation Arrangements and Support Plan,0.1657,0.2991,0.7804,REF079,0.2977,junk,junk_section_share>=0.6,20260918T0131-7dd1a33,discover-1
c0333,71,70,26,23,0.3286,dpi,0.7612,0.0,0.4789,Project Components,0.1474,0.2892,0.8274,REF030,0.3363,shortlist,,20260918T0131-7dd1a33,discover-1
c0629,71,66,40,41,0.5857,drm_ews,0.4758,0.5211,0.169,Relevance to Higher Level Objectives,0.2097,0.4772,0.7653,REF085,0.5491,shortlist,,20260918T0131-7dd1a33,discover-1
c0063,70,64,52,45,0.6429,access_connectivity,0.5303,0.0,0.1714,Results Chain,0.2612,0.296,0.7334,REF030,0.3641,shortlist,,20260918T0131-7dd1a33,discover-1
c0209,70,67,41,39,0.5571,access_connectivity,0.7883,0.0,0.1857,Sectoral and Institutional Context,0.1776,0.3999,0.6324,REF038,0.2757,shortlist,,20260918T0131-7dd1a33,discover-1
c0710,70,61,18,13,0.1857,dpi,0.3106,0.0,0.1429,Sectoral and Institutional Context,0.0854,0.2462,0.6931,REF068,0.6531,shortlist,,20260918T0131-7dd1a33,discover-1
c0169,69,67,40,40,0.5714,access_connectivity,0.5726,0.0,0.7826,KEY RISKS,0.2077,0.4894,0.758,REF030,0.5008,junk,junk_section_share>=0.6,20260918T0131-7dd1a33,discover-1
c0189,68,59,49,38,0.5429,dpi,1.0,0.1324,0.6471,Implementation Arrangements and Support Plan,0.2395,0.2999,0.7136,REF030,0.3768,junk,junk_section_share>=0.6,20260918T0131-7dd1a33,discover-1
c0620,68,64,29,25,0.3571,access_connectivity,0.9397,0.0,0.6912,Implementation Arrangements and Support Plan,0.1298,0.3454,0.6534,REF049,0.3221,junk,junk_section_share>=0.6,20260918T0131-7dd1a33,discover-1
c0758,68,57,33,32,0.4571,cybersecurity,0.8163,0.0294,0.1029,Project Components,0.1778,0.2302,0.7868,REF086,0.4697,shortlist,,20260918T0131-7dd1a33,discover-1
c0786,68,67,41,37,0.5286,access_connectivity,0.8493,0.0,0.1912,Project Components,0.2184,0.3006,0.7777,REF042,0.4788,shortlist,,20260918T0131-7dd1a33,discover-1
c0014,67,66,37,30,0.4286,dpi,0.8993,0.0,0.3433,Project Components,0.253,0.221,0.9982,REF057,0.1455,shortlist,,20260918T0131-7dd1a33,discover-1
c0229,67,44,18,16,0.2286,dpi,0.5883,0.0149,0.0149,Economic and Financial Analysis,0.0829,0.2604,0.6725,REF005,0.3306,shortlist,,20260918T0131-7dd1a33,discover-1
c0707,67,63,38,38,0.5429,access_connectivity,0.7651,0.0,0.0597,Sectoral and Institutional Context,0.1806,0.3738,0.6939,REF037,0.4059,shortlist,,20260918T0131-7dd1a33,discover-1
c0746,67,51,32,30,0.4286,mobile_towers,0.7977,0.0,0.0,Sectoral and Institutional Context,0.1499,0.1695,0.6838,REF087,0.3991,shortlist,,20260918T0131-7dd1a33,discover-1
c0785,67,66,40,36,0.5143,access_connectivity,0.4484,0.0,0.209,Relevance to Higher Level Objectives,0.2086,0.2965,0.7614,REF046,0.5916,shortlist,,20260918T0131-7dd1a33,discover-1
c0038,66,66,61,52,0.7429,access_connectivity,0.0,0.0,0.1364,GRIEVANCE REDRESS SERVICES,0.3838,0.3618,0.9187,REF030,0.3606,shortlist,,20260918T0131-7dd1a33,discover-1
c0044,66,64,63,60,0.8571,,0.0,0.0,0.0,GRIEVANCE REDRESS SERVICES,0.4184,0.2013,0.9697,REF031,0.2796,shortlist,,20260918T0131-7dd1a33,discover-1
c0155,66,54,36,32,0.4571,access_connectivity,0.6044,0.0,0.6212,Environmental and Social,0.1595,0.5328,0.647,REF029,0.4031,junk,junk_section_share>=0.6,20260918T0131-7dd1a33,discover-1
c0512,66,62,44,28,0.4,dpi,0.8783,0.3485,0.5303,PROJECT STATUS AND RATIONALE FOR RESTRUCTURING,0.2345,0.3246,0.7781,REF030,0.3132,shortlist,,20260918T0131-7dd1a33,discover-1
c0663,66,60,36,36,0.5143,,0.0,0.0909,0.9545,Implementation Arrangements and Support Plan,0.1758,0.2563,0.713,REF085,0.4002,junk,junk_section_share>=0.6,20260918T0131-7dd1a33,discover-1
c0695,66,60,33,31,0.4429,dpi,1.0,0.0,0.9697,Implementation Arrangements and Support Plan,0.1747,0.2039,0.7728,REF045,0.4738,junk,junk_section_share>=0.6,20260918T0131-7dd1a33,discover-1
c0112,65,64,38,31,0.4429,cybersecurity,0.8037,0.4154,0.2462,Project Components,0.1862,0.2855,0.7152,REF036,0.4651,shortlist,,20260918T0131-7dd1a33,discover-1
c0294,65,65,38,34,0.4857,dpi,0.8574,0.0154,0.3077,Project Components,0.1741,0.3407,0.6691,REF027,0.4154,shortlist,,20260918T0131-7dd1a33,discover-1
c0349,65,63,40,34,0.4857,dpi,0.8105,0.3077,0.1385,Project Components,0.2073,0.3069,0.7567,REF036,0.4062,shortlist,,20260918T0131-7dd1a33,discover-1
c0478,65,62,47,41,0.5857,access_connectivity,0.8867,0.0,0.5077,Implementation Arrangements and Support Plan,0.2336,0.282,0.7256,REF027,0.2521,shortlist,,20260918T0131-7dd1a33,discover-1
c0488,65,33,25,25,0.3571,cybersecurity,0.5057,0.0,0.0308,Sectoral and Institutional Context,0.1146,0.3256,0.6695,REF047,0.549,shortlist,,20260918T0131-7dd1a33,discover-1
c0069,64,62,39,34,0.4857,dpi,0.8164,0.0,0.3438,Project Components,0.2087,0.2808,0.7813,REF068,0.3351,shortlist,,20260918T0131-7dd1a33,discover-1
c0180,64,62,40,41,0.5857,dpi,0.7407,0.0,0.3438,Lessons Learned and Reflected in the Project Design,0.178,0.3536,0.6496,REF046,0.3454,shortlist,,20260918T0131-7dd1a33,discover-1
c0724,64,51,34,33,0.4714,submarine_cable,0.8511,0.0,0.0156,Country Context,0.1403,0.3051,0.6023,REF056,0.2731,shortlist,,20260918T0131-7dd1a33,discover-1
c0735,64,64,41,41,0.5857,access_connectivity,0.5062,0.0625,0.0938,Sustainability,0.2195,0.3068,0.7817,REF046,0.5775,shortlist,,20260918T0131-7dd1a33,discover-1
c0238,63,53,27,27,0.3857,access_connectivity,0.4577,0.0,0.3016,Project Components,0.1196,0.3397,0.6469,REF023,0.3468,shortlist,,20260918T0131-7dd1a33,discover-1
c0255,63,62,41,39,0.5571,access_connectivity,0.7473,0.0,0.1746,Project Components,0.2088,0.41,0.7434,REF011,0.4032,shortlist,,20260918T0131-7dd1a33,discover-1
c0276,63,52,45,43,0.6143,dpi,0.9602,0.0,0.9206,KEY RISKS,0.2518,0.3882,0.8169,REF030,0.3584,junk,junk_section_share>=0.6,20260918T0131-7dd1a33,discover-1
c0403,63,63,31,29,0.4143,access_connectivity,0.8083,0.0,0.1746,Project Components,0.1562,0.3132,0.7355,REF030,0.3288,shortlist,,20260918T0131-7dd1a33,discover-1
c0457,63,53,25,28,0.4,data_hosting,0.6819,0.0159,0.0635,Specific Project Design Analysis,0.1157,0.3637,0.6758,REF051,0.5197,shortlist,,20260918T0131-7dd1a33,discover-1
c0024,62,62,61,39,0.5571,access_connectivity,0.0,0.0,0.0,DETAILED CHANGE(S),0.4077,0.2017,0.9757,REF030,0.2989,shortlist,,20260918T0131-7dd1a33,discover-1
c0127,62,57,27,24,0.3429,dpi,0.9183,0.0,0.4355,DESCRIPTION OF PROPOSED CHANGES,0.1313,0.3043,0.7099,REF030,0.3757,shortlist,,20260918T0131-7dd1a33,discover-1
c0482,62,53,37,24,0.3429,access_connectivity,0.9183,0.0,0.6129,DESCRIPTION OF PROPOSED CHANGES,0.1889,0.2906,0.7454,REF030,0.3365,junk,junk_section_share>=0.6,20260918T0131-7dd1a33,discover-1
c0682,62,47,28,25,0.3571,cybersecurity,0.9183,0.1613,0.129,Project Components,0.1373,0.2267,0.7159,REF011,0.4688,shortlist,,20260918T0131-7dd1a33,discover-1
c0697,62,56,40,34,0.4857,cybersecurity,1.0,0.129,0.8871,Implementation Arrangements and Support Plan,0.2151,0.2376,0.7851,REF045,0.3976,junk,junk_section_share>=0.6,20260918T0131-7dd1a33,discover-1
c0773,62,60,16,17,0.2429,dpi,0.7294,0.0,0.0645,Project Components,0.0844,0.2735,0.7703,REF084,0.6095,shortlist,,20260918T0131-7dd1a33,discover-1
c0085,61,60,41,34,0.4857,cybersecurity,0.953,0.0,0.4098,Project Components,0.2165,0.3652,0.7708,REF042,0.329,shortlist,,20260918T0131-7dd1a33,discover-1
c0149,61,56,38,34,0.4857,,0.0,0.0,1.0,Fiduciary,0.2168,0.4118,0.8331,REF085,0.3914,junk,junk_section_share>=0.6,20260918T0131-7dd1a33,discover-1
c0156,61,59,49,42,0.6,access_connectivity,0.7248,0.0492,0.8689,KEY RISKS,0.2852,0.3933,0.8499,REF030,0.3789,junk,junk_section_share>=0.6,20260918T0131-7dd1a33,discover-1
c0231,61,52,31,29,0.4143,dpi,0.7729,0.0,0.4262,DESCRIPTION OF PROPOSED CHANGES,0.1425,0.3585,0.6711,REF030,0.3246,shortlist,,20260918T0131-7dd1a33,discover-1
c0323,61,61,34,31,0.4429,dpi,0.9152,0.5902,0.0328,Project Components,0.1886,0.27,0.8099,REF085,0.3609,shortlist,,20260918T0131-7dd1a33,discover-1
c0331,61,55,46,38,0.5429,dpi,0.7755,0.0328,0.2951,Environmental and Social,0.2748,0.1942,0.872,REF021,0.471,shortlist,,20260918T0131-7dd1a33,discover-1
c0676,61,54,36,34,0.4857,,0.0,0.3279,0.9344,Implementation Arrangements and Support Plan,0.1939,0.2452,0.7865,REF009,0.3784,junk,junk_section_share>=0.6,20260918T0131-7dd1a33,discover-1
c0737,61,46,37,36,0.5143,dpi,0.926,0.0,0.0,Country Context,0.1845,0.2255,0.728,REF005,0.3198,shortlist,,20260918T0131-7dd1a33,discover-1
c0772,61,48,34,29,0.4143,dpi,0.7764,0.0,0.1639,Sectoral and Institutional Context,0.1661,0.2127,0.7133,REF046,0.4924,shortlist,,20260918T0131-7dd1a33,discover-1
c0001,60,60,60,58,0.8286,,0.0,0.0,0.0,GRIEVANCE REDRESS SERVICES,0.4108,0.3688,0.9996,REF030,0.2856,shortlist,,20260918T0131-7dd1a33,discover-1
c0166,60,55,40,34,0.4857,access_connectivity,0.4981,0.2333,0.6833,Environmental and Social,0.2171,0.4085,0.7925,REF030,0.3958,junk,junk_section_share>=0.6,20260918T0131-7dd1a33,discover-1
c0259,60,58,37,35,0.5,dpi,0.8581,0.0,0.2333,Project Components,0.1856,0.3607,0.7323,REF056,0.3409,shortlist,,20260918T0131-7dd1a33,discover-1
c0293,60,59,40,34,0.4857,access_connectivity,0.9066,0.0,0.4333,Sectoral and Institutional Context,0.2005,0.3866,0.7316,REF048,0.3272,shortlist,,20260918T0131-7dd1a33,discover-1
c0612,60,54,34,32,0.4571,,0.0,0.0167,1.0,KEY RISKS,0.1784,0.2674,0.7662,REF085,0.3108,junk,junk_section_share>=0.6,20260918T0131-7dd1a33,discover-1
c0635,60,54,38,36,0.5143,dpi,1.0,0.1,0.9667,Implementation Arrangements and Support Plan,0.2017,0.2621,0.7749,REF005,0.374,junk,junk_section_share>=0.6,20260918T0131-7dd1a33,discover-1
c0701,60,58,41,36,0.5143,dpi,0.0,0.0,0.9,Implementation Arrangements and Support Plan,0.2134,0.2896,0.7601,REF085,0.3666,junk,junk_section_share>=0.6,20260918T0131-7dd1a33,discover-1
c0753,60,59,21,23,0.3286,access_connectivity,0.4943,0.0,0.0333,Project Components,0.1071,0.2704,0.7449,REF046,0.5375,shortlist,,20260918T0131-7dd1a33,discover-1
c0009,59,59,39,35,0.5,drm_ews,0.8845,0.0,0.4237,Project Components,0.2671,0.2216,1.0,REF057,0.1453,shortlist,,20260918T0131-7dd1a33,discover-1
c0116,59,59,11,11,0.1571,dpi,0.971,0.0,0.2881,DETAILED CHANGE(S),0.0652,0.2269,0.8647,REF030,0.2948,shortlist,,20260918T0131-7dd1a33,discover-1
c0175,59,56,17,14,0.2,dpi,0.65,0.1695,0.1525,DETAILED CHANGE(S),0.0877,0.2175,0.7534,REF009,0.3349,shortlist,,20260918T0131-7dd1a33,discover-1
c0282,59,22,6,5,0.0714,access_connectivity,0.4912,0.0339,0.0,Estimating the Impact of the Project on Household Welfare,0.0258,0.3063,0.6273,REF030,0.3991,shortlist,,20260918T0131-7dd1a33,discover-1
c0341,59,58,39,37,0.5286,dpi,0.8921,0.0,0.2881,Sectoral and Institutional Context,0.1556,0.4168,0.5826,REF023,0.2077,shortlist,,20260918T0131-7dd1a33,discover-1
c0531,59,47,32,29,0.4143,dpi,0.7061,0.0,0.0,Sectoral and Institutional Context,0.1583,0.1909,0.7221,REF064,0.3407,shortlist,,20260918T0131-7dd1a33,discover-1
c0556,59,42,22,23,0.3286,access_connectivity,0.812,0.0339,0.0169,Technical Note: Support for Climate Change Adaptation and Mitigation,0.1106,0.3747,0.7343,REF041,0.5672,shortlist,,20260918T0131-7dd1a33,discover-1
c0799,59,55,34,27,0.3857,access_connectivity,0.4848,0.3898,0.0678,Project Components,0.18,0.2446,0.7731,REF046,0.5535,shortlist,,20260918T0131-7dd1a33,discover-1
c0005,58,57,33,26,0.3714,access_connectivity,0.8681,0.0,0.3621,Project Components,0.226,0.1954,1.0,REF027,0.1645,shortlist,,20260918T0131-7dd1a33,discover-1
c0006,58,58,57,59,0.8429,access_connectivity,0.0,0.0,0.0,GRIEVANCE REDRESS SERVICES,0.3851,0.2599,0.9864,REF076,0.3867,shortlist,,20260918T0131-7dd1a33,discover-1
c0031,58,44,44,43,0.6143,,0.0,0.0,0.0,GRIEVANCE REDRESS SERVICES,0.3014,0.2191,1.0,REF041,0.198,shortlist,,20260918T0131-7dd1a33,discover-1
c0429,58,51,28,23,0.3286,dpi,0.6198,0.0,0.3793,Project Components,0.1345,0.3245,0.7012,REF064,0.5133,shortlist,,20260918T0131-7dd1a33,discover-1
c0622,58,52,39,40,0.5714,drm_ews,0.5763,0.0,0.0862,"Technical, Economic and Financial Analysis",0.2116,0.6072,0.7921,REF041,0.6205,shortlist,,20260918T0131-7dd1a33,discover-1
c0642,58,52,32,30,0.4286,,0.0,0.0,0.9828,Implementation Arrangements and Support Plan,0.1636,0.2935,0.7466,REF085,0.3618,junk,junk_section_share>=0.6,20260918T0131-7dd1a33,discover-1
c0650,58,56,38,39,0.5571,drm_ews,0.647,0.0,0.0345,Relevance to Higher Level Objectives,0.2103,0.5943,0.8079,REF036,0.5535,shortlist,,20260918T0131-7dd1a33,discover-1
c0679,58,55,32,34,0.4857,access_connectivity,0.7828,0.1724,0.2241,Project Components,0.1655,0.2538,0.755,REF011,0.534,shortlist,,20260918T0131-7dd1a33,discover-1
c0811,58,49,26,23,0.3286,access_connectivity,0.6506,0.1034,0.0862,Detailed Project Description,0.1217,0.2736,0.6835,REF043,0.6096,shortlist,,20260918T0131-7dd1a33,discover-1
c0054,57,54,34,30,0.4286,access_connectivity,0.7694,0.0,0.2807,Project Development Objective,0.1882,0.167,0.808,REF068,0.255,shortlist,,20260918T0131-7dd1a33,discover-1
c0090,57,52,33,27,0.3857,dpi,0.8173,0.2982,0.7895,Implementation Arrangements and Support Plan,0.1608,0.2881,0.7114,REF009,0.3364,junk,junk_section_share>=0.6,20260918T0131-7dd1a33,discover-1
c0186,57,41,15,15,0.2143,access_connectivity,0.4138,0.0,0.1754,Project Components,0.0741,0.2946,0.7217,REF006,0.4747,shortlist,,20260918T0131-7dd1a33,discover-1
c0327,57,54,33,32,0.4571,drm_ews,0.9464,0.0351,0.7895,Implementation Arrangements and Support Plan,0.1672,0.3362,0.7397,REF024,0.4045,junk,junk_section_share>=0.6,20260918T0131-7dd1a33,discover-1
c0343,57,56,33,35,0.5,cybersecurity,0.9631,0.0,0.2632,Project Components,0.1389,0.2635,0.6145,REF023,0.2167,shortlist,,20260918T0131-7dd1a33,discover-1
c0345,57,57,34,30,0.4286,access_connectivity,0.79,0.0,0.2456,Project Components,0.1386,0.2717,0.5953,REF027,0.2252,shortlist,,20260918T0131-7dd1a33,discover-1
c0364,57,47,23,25,0.3571,access_connectivity,0.7612,0.0,0.0526,Economic and Financial Analysis,0.1043,0.3652,0.6618,REF085,0.322,shortlist,,20260918T0131-7dd1a33,discover-1
c0067,56,56,37,38,0.5429,access_connectivity,0.8284,0.0,0.6429,Implementation Arrangements and Support Plan,0.2083,0.312,0.8221,REF030,0.2644,junk,junk_section_share>=0.6,20260918T0131-7dd1a33,discover-1
c0079,56,56,46,30,0.4286,access_connectivity,0.4963,0.0,0.1607,Project Components,0.296,0.2517,0.9396,REF030,0.2838,shortlist,,20260918T0131-7dd1a33,discover-1
c0095,56,53,32,25,0.3571,access_connectivity,0.6956,0.0357,0.2857,Project Components,0.158,0.3401,0.721,REF045,0.3616,shortlist,,20260918T0131-7dd1a33,discover-1
c0163,56,46,36,30,0.4286,access_connectivity,0.6676,0.25,0.6786,Environmental and Social,0.1721,0.3978,0.6978,REF030,0.3471,junk,junk_section_share>=0.6,20260918T0131-7dd1a33,discover-1
c0244,56,54,31,30,0.4286,access_connectivity,0.7603,0.0,0.1607,Project Beneficiaries,0.143,0.3023,0.6735,REF043,0.3547,shortlist,,20260918T0131-7dd1a33,discover-1
c0422,56,41,14,12,0.1714,data_hosting,0.7443,0.0714,0.1071,Project Components,0.0708,0.4826,0.7378,REF085,0.5998,shortlist,,20260918T0131-7dd1a33,discover-1
c0580,56,47,35,33,0.4714,drm_ews,1.0,0.1786,0.8036,Results Monitoring and Evaluation Arrangements,0.1934,0.2666,0.8068,REF057,0.3577,junk,junk_section_share>=0.6,20260918T0131-7dd1a33,discover-1
c0728,56,44,33,32,0.4571,mobile_towers,0.8603,0.0,0.0,Country Context,0.151,0.2437,0.6681,REF075,0.2806,shortlist,,20260918T0131-7dd1a33,discover-1
c0782,56,49,11,13,0.1857,dpi,0.8327,0.0,0.0179,Sectoral and Institutional Context,0.0545,0.2312,0.7233,REF084,0.5352,shortlist,,20260918T0131-7dd1a33,discover-1
c0013,55,54,34,27,0.3857,dpi,0.8292,0.0,0.2182,Project Components,0.2313,0.2237,0.9934,REF057,0.1455,shortlist,,20260918T0131-7dd1a33,discover-1
c0138,55,42,32,28,0.4,access_connectivity,0.4138,0.0,0.6727,Environmental and Social,0.1723,0.2658,0.786,REF009,0.3694,junk,junk_section_share>=0.6,20260918T0131-7dd1a33,discover-1
c0160,55,46,30,31,0.4429,access_connectivity,0.656,0.0,0.6,Environmental and Social,0.1535,0.5317,0.747,REF041,0.3593,junk,junk_section_share>=0.6,20260918T0131-7dd1a33,discover-1
c0222,55,53,33,35,0.5,dpi,0.8731,0.0,0.1091,Project Components,0.1674,0.316,0.7408,REF017,0.2977,shortlist,,20260918T0131-7dd1a33,discover-1
c0224,55,54,32,28,0.4,cybersecurity,0.8011,0.0,0.4,KEY RISKS,0.138,0.4782,0.6296,REF030,0.3737,shortlist,,20260918T0131-7dd1a33,discover-1
c0265,55,52,41,33,0.4714,access_connectivity,0.8514,0.0,0.4545,Implementation Arrangements and Support Plan,0.2052,0.3137,0.7309,REF057,0.3208,shortlist,,20260918T0131-7dd1a33,discover-1
c0277,55,55,30,29,0.4143,dpi,0.8602,0.0,0.0909,"Detailed changes in activities and funds allocation, by component (in US$m)",0.1333,0.2938,0.6489,REF036,0.4324,shortlist,,20260918T0131-7dd1a33,discover-1
c0320,55,55,36,34,0.4857,dpi,0.7386,0.0,0.2182,Project Components,0.1485,0.3368,0.6021,REF023,0.2373,shortlist,,20260918T0131-7dd1a33,discover-1
c0404,55,52,22,24,0.3429,dpi,0.7566,0.0,0.4909,KEY RISKS,0.1038,0.419,0.6886,REF084,0.4538,shortlist,,20260918T0131-7dd1a33,discover-1
c0442,55,49,27,26,0.3714,dpi,0.7891,0.0,0.2909,Sectoral and Institutional Context,0.1368,0.2741,0.7398,REF046,0.3533,shortlist,,20260918T0131-7dd1a33,discover-1
c0447,55,55,33,30,0.4286,dpi,0.8542,0.2,0.1273,Project Components,0.1803,0.2654,0.7975,REF006,0.3396,shortlist,,20260918T0131-7dd1a33,discover-1
c0706,55,53,47,34,0.4857,access_connectivity,0.0,0.0,0.6364,Implementation Arrangements and Support Plan,0.2473,0.2173,0.7684,REF086,0.2399,junk,junk_section_share>=0.6,20260918T0131-7dd1a33,discover-1
c0787,55,50,33,33,0.4714,dpi,0.783,0.0,0.1636,Project Components,0.1804,0.3113,0.7981,REF067,0.4823,shortlist,,20260918T0131-7dd1a33,discover-1
c0033,54,54,54,45,0.6429,dpi,0.6575,0.0,0.7407,RESULTS FRAMEWORK AND MONITORING,0.3561,0.2552,0.9628,REF027,0.3274,junk,junk_section_share>=0.6,20260918T0131-7dd1a33,discover-1
c0043,54,54,36,33,0.4714,access_connectivity,0.7158,0.0,0.037,Project Components,0.2055,0.3245,0.8336,REF030,0.3728,shortlist,,20260918T0131-7dd1a33,discover-1
c0045,54,54,45,36,0.5143,access_connectivity,0.8647,0.0,0.2037,Project Components,0.3005,0.2565,0.9748,REF030,0.2886,shortlist,,20260918T0131-7dd1a33,discover-1
c0061,54,54,37,39,0.5571,dpi,1.0,0.0,0.9815,Fiduciary,0.2444,0.216,0.9644,REF005,0.3021,junk,junk_section_share>=0.6,20260918T0131-7dd1a33,discover-1
c0269,54,42,22,21,0.3,access_connectivity,0.8775,0.0,0.1111,Sectoral and Institutional Context,0.1068,0.2331,0.7089,REF041,0.4131,shortlist,,20260918T0131-7dd1a33,discover-1
c0314,54,53,33,35,0.5,access_connectivity,0.8266,0.0,0.1852,Sectoral and Institutional Context,0.1681,0.2989,0.7437,REF046,0.2752,shortlist,,20260918T0131-7dd1a33,discover-1
c0339,54,53,38,29,0.4143,access_connectivity,0.8289,0.0,0.6667,Implementation Arrangements and Support Plan,0.1878,0.3785,0.7214,REF030,0.3047,junk,junk_section_share>=0.6,20260918T0131-7dd1a33,discover-1
c0421,54,50,41,39,0.5571,dpi,0.9122,0.0,0.6481,Implementation Arrangements and Support Plan,0.2348,0.204,0.8362,REF045,0.3792,junk,junk_section_share>=0.6,20260918T0131-7dd1a33,discover-1
c0517,54,54,34,34,0.4857,data_hosting,0.9637,0.0185,0.037,Project Components,0.1891,0.7431,0.8121,REF036,0.6206,shortlist,,20260918T0131-7dd1a33,discover-1
c0654,54,47,41,37,0.5286,access_connectivity,0.0,0.5,1.0,Implementation Arrangements and Support Plan,0.232,0.2359,0.8262,REF005,0.4236,junk,junk_section_share>=0.6,20260918T0131-7dd1a33,discover-1
c0727,54,49,41,31,0.4429,data_hosting,0.9312,0.0,0.1111,Country Context,0.1896,0.3361,0.6753,REF041,0.243,shortlist,,20260918T0131-7dd1a33,discover-1
c0003,53,53,35,30,0.4286,access_connectivity,0.8964,0.0,0.4151,Project Components,0.2383,0.177,0.9942,REF027,0.1649,shortlist,,20260918T0131-7dd1a33,discover-1
c0051,53,53,16,16,0.2286,dpi,0.8579,0.0,0.3208,Timelines and Additional Details of Project Activities,0.0967,0.222,0.8827,REF023,0.1488,shortlist,,20260918T0131-7dd1a33,discover-1
c0065,53,21,14,17,0.2429,access_connectivity,0.8586,0.0,0.0377,Republic of Angola,0.0533,0.3211,0.5555,REF089,0.3503,shortlist,,20260918T0131-7dd1a33,discover-1
c0093,53,31,15,14,0.2,dpi,0.4395,0.0566,0.2453,Project Components,0.0751,0.216,0.731,REF005,0.4753,shortlist,,20260918T0131-7dd1a33,discover-1
c0096,53,52,32,27,0.3857,dpi,0.8554,0.0,0.2264,Sectoral and Institutional Context,0.1416,0.288,0.6462,REF083,0.4132,shortlist,,20260918T0131-7dd1a33,discover-1
c0129,53,51,31,27,0.3857,access_connectivity,0.751,0.0,0.4906,DESCRIPTION OF PROPOSED CHANGES,0.1612,0.2825,0.7591,REF030,0.328,shortlist,,20260918T0131-7dd1a33,discover-1
c0305,53,53,42,29,0.4143,access_connectivity,0.9088,0.0,0.3585,KEY RISKS,0.1861,0.409,0.6468,REF013,0.2869,shortlist,,20260918T0131-7dd1a33,discover-1
c0355,53,50,30,29,0.4143,dpi,0.8532,0.566,0.0377,Project Components,0.1521,0.2987,0.7401,REF030,0.3413,shortlist,,20260918T0131-7dd1a33,discover-1
c0477,53,53,26,28,0.4,dpi,0.9298,0.0,0.1509,Project Components,0.1362,0.3112,0.7648,REF030,0.328,shortlist,,20260918T0131-7dd1a33,discover-1
c0485,53,49,29,26,0.3714,access_connectivity,0.0,0.2642,0.9811,Implementation Arrangements and Support Plan,0.1524,0.246,0.7671,REF085,0.3682,junk,junk_section_share>=0.6,20260918T0131-7dd1a33,discover-1
c0545,53,21,12,12,0.1714,,0.0,0.3019,1.0,Implementation Arrangements and Support Plan,0.0626,0.241,0.7622,REF045,0.3675,junk,junk_section_share>=0.6,20260918T0131-7dd1a33,discover-1
c0597,53,46,30,27,0.3857,access_connectivity,0.0,0.3962,0.1321,Project Components,0.1656,0.2826,0.8058,REF085,0.3485,shortlist,,20260918T0131-7dd1a33,discover-1
c0680,53,42,26,26,0.3714,access_connectivity,0.676,0.0,0.1509,Identified Gender Barriers and Proposed Actions,0.1328,0.2756,0.7456,REF011,0.5422,shortlist,,20260918T0131-7dd1a33,discover-1
c0023,52,52,50,49,0.7,,0.0,0.0,0.0385,GRIEVANCE REDRESS SERVICES,0.3359,0.2232,0.9809,REF066,0.236,shortlist,,20260918T0131-7dd1a33,discover-1
c0082,52,51,38,27,0.3857,dpi,0.7897,0.0,0.6154,Implementation Arrangements and Support Plan,0.1914,0.3472,0.7353,REF053,0.3735,junk,junk_section_share>=0.6,20260918T0131-7dd1a33,discover-1
c0106,52,52,45,46,0.6571,access_connectivity,0.895,0.0,0.1538,GRIEVANCE REDRESS SERVICES,0.2733,0.3168,0.8868,REF005,0.3368,shortlist,,20260918T0131-7dd1a33,discover-1
c0118,52,46,14,13,0.1857,dpi,0.9206,0.0,0.3269,DETAILED CHANGE(S),0.0728,0.2423,0.7589,REF030,0.3129,shortlist,,20260918T0131-7dd1a33,discover-1
c0167,52,52,43,33,0.4714,access_connectivity,0.0,0.0,0.8654,KEY RISKS,0.2449,0.4164,0.8317,REF030,0.3814,junk,junk_section_share>=0.6,20260918T0131-7dd1a33,discover-1
c0296,52,52,37,36,0.5143,dpi,0.8076,0.0,0.1154,Project Components,0.2279,0.2756,0.8991,REF030,0.3519,shortlist,,20260918T0131-7dd1a33,discover-1
c0509,52,50,29,19,0.2714,dpi,0.9656,0.1154,0.4231,PROJECT STATUS AND RATIONALE FOR RESTRUCTURING,0.1561,0.2742,0.7857,REF045,0.3151,shortlist,,20260918T0131-7dd1a33,discover-1
c0637,52,31,18,17,0.2429,access_connectivity,0.9275,0.0,0.0577,Country Context,0.0829,0.2993,0.672,REF011,0.3603,shortlist,,20260918T0131-7dd1a33,discover-1
c0669,52,37,28,30,0.4286,access_connectivity,0.8594,0.0,0.0,Country Context,0.1363,0.1536,0.7107,REF011,0.2995,shortlist,,20260918T0131-7dd1a33,discover-1
c0713,52,47,13,10,0.1429,access_connectivity,0.8657,0.0,0.2115,Project Components,0.0567,0.2945,0.6372,REF087,0.347,shortlist,,20260918T0131-7dd1a33,discover-1
c0446,51,50,38,36,0.5143,access_connectivity,0.7663,0.0,0.3137,Relevance to Higher Level Objectives,0.1932,0.2897,0.7423,REF009,0.3609,shortlist,,20260918T0131-7dd1a33,discover-1
c0550,51,50,38,33,0.4714,access_connectivity,0.8447,0.0784,0.6667,KEY RISKS,0.2046,0.383,0.7862,REF030,0.3582,junk,junk_section_share>=0.6,20260918T0131-7dd1a33,discover-1
c0760,51,47,23,21,0.3,access_connectivity,0.7978,0.0784,0.098,Project Components,0.1172,0.3417,0.744,REF046,0.5523,shortlist,,20260918T0131-7dd1a33,discover-1
c0764,51,29,21,23,0.3286,access_connectivity,0.8543,0.0,0.0196,Project Components,0.1027,0.3106,0.7139,REF046,0.5438,shortlist,,20260918T0131-7dd1a33,discover-1
c0032,50,45,31,22,0.3143,dpi,0.8007,0.0,0.24,Project Components,0.2123,0.1996,1.0,REF053,0.2132,shortlist,,20260918T0131-7dd1a33,discover-1
c0121,50,50,44,41,0.5857,access_connectivity,0.6696,0.08,0.12,Project Development Objective,0.2585,0.2202,0.8579,REF027,0.295,shortlist,,20260918T0131-7dd1a33,discover-1
c0145,50,50,31,28,0.4,access_connectivity,0.597,0.0,0.88,KEY RISKS,0.1882,0.3196,0.8862,REF030,0.3305,junk,junk_section_share>=0.6,20260918T0131-7dd1a33,discover-1
c0162,50,45,36,31,0.4429,access_connectivity,0.5888,0.04,0.78,Environmental and Social,0.1797,0.4763,0.7287,REF030,0.3427,junk,junk_section_share>=0.6,20260918T0131-7dd1a33,discover-1
c0164,50,36,26,25,0.3571,access_connectivity,0.5843,0.02,0.9,Environmental and Social,0.1278,0.4907,0.7177,REF037,0.5755,junk,junk_section_share>=0.6,20260918T0131-7dd1a33,discover-1
c0181,50,50,27,21,0.3,access_connectivity,0.8464,0.26,0.1,Project Components,0.1468,0.2396,0.7939,REF079,0.4871,shortlist,,20260918T0131-7dd1a33,discover-1
c0195,50,35,15,16,0.2286,access_connectivity,0.6668,0.0,0.0,Sectoral and Institutional Context,0.0708,0.3287,0.6888,REF059,0.7283,shortlist,,20260918T0131-7dd1a33,discover-1
c0318,50,48,29,28,0.4,dpi,0.9024,0.16,0.28,Project Components,0.1565,0.3414,0.7881,REF085,0.3693,shortlist,,20260918T0131-7dd1a33,discover-1
c0365,50,43,30,28,0.4,dpi,0.6343,0.0,0.04,Country Context,0.1383,0.2782,0.673,REF046,0.4066,shortlist,,20260918T0131-7dd1a33,discover-1
c0490,50,45,33,24,0.3429,access_connectivity,0.8113,0.24,0.46,DESCRIPTION OF PROPOSED CHANGES,0.1751,0.2845,0.7746,REF030,0.3569,shortlist,,20260918T0131-7dd1a33,discover-1
c0513,50,36,11,8,0.1143,dpi,0.0,0.34,0.18,DETAILED CHANGE(S),0.0572,0.2918,0.7589,REF009,0.3371,shortlist,,20260918T0131-7dd1a33,discover-1
c0547,50,39,25,24,0.3429,access_connectivity,0.6567,0.0,0.22,Relevance to Higher Level Objectives,0.1189,0.3387,0.6944,REF056,0.454,shortlist,,20260918T0131-7dd1a33,discover-1
c0569,50,41,31,30,0.4286,access_connectivity,0.0,0.0,0.96,Implementation Arrangements and Support Plan,0.1695,0.2403,0.7983,REF058,0.3162,junk,junk_section_share>=0.6,20260918T0131-7dd1a33,discover-1
c0617,50,40,26,25,0.3571,drm_ews,0.6956,0.0,0.0,Relevance to Higher Level Objectives,0.1341,0.3637,0.7533,REF005,0.4961,shortlist,,20260918T0131-7dd1a33,discover-1
c0098,49,49,29,28,0.4,dpi,0.9161,0.0,0.0,Project Components,0.1576,0.2773,0.7936,REF085,0.4084,shortlist,,20260918T0131-7dd1a33,discover-1
c0250,49,46,28,26,0.3714,access_connectivity,0.8764,0.0,0.3878,Project Components,0.1441,0.2659,0.7515,REF009,0.424,shortlist,,20260918T0131-7dd1a33,discover-1
c0317,49,47,41,34,0.4857,access_connectivity,0.7642,0.0,0.2449,DETAILED CHANGE(S),0.1693,0.3066,0.6028,REF023,0.3017,shortlist,,20260918T0131-7dd1a33,discover-1
c0335,49,48,36,36,0.5143,dpi,0.8596,0.0,0.2857,Sectoral and Institutional Context,0.1847,0.2194,0.7489,REF033,0.199,shortlist,,20260918T0131-7dd1a33,discover-1
c0541,49,48,30,27,0.3857,dpi,0.9183,0.0408,0.8367,Institutional and Implementation Arrangements,0.1624,0.3619,0.7906,REF030,0.3826,junk,junk_section_share>=0.6,20260918T0131-7dd1a33,discover-1
c0744,49,38,15,14,0.2,access_connectivity,0.9285,0.0204,0.0,Technical Analysis,0.0682,0.3114,0.6635,REF037,0.4722,shortlist,,20260918T0131-7dd1a33,discover-1
c0029,48,48,48,49,0.7,,0.0,0.0,0.0,GRIEVANCE REDRESS SERVICES,0.3214,0.2832,0.9775,REF005,0.3206,shortlist,,20260918T0131-7dd1a33,discover-1
c0124,48,46,43,38,0.5429,dpi,0.9183,0.0,0.5625,Results Monitoring and Evaluation Arrangements,0.2433,0.2733,0.826,REF030,0.3873,shortlist,,20260918T0131-7dd1a33,discover-1
c0148,48,46,36,32,0.4571,,0.0,0.1875,1.0,Fiduciary,0.211,0.3914,0.8555,REF085,0.4082,junk,junk_section_share>=0.6,20260918T0131-7dd1a33,discover-1
c0302,48,46,34,30,0.4286,access_connectivity,0.8351,0.0,0.1667,"Technical, Economic and Financial Analysis",0.1449,0.3893,0.6224,REF030,0.3004,shortlist,,20260918T0131-7dd1a33,discover-1
c0382,48,48,20,20,0.2857,access_connectivity,0.9894,0.0,0.375,Implementation Arrangements and Support Plan,0.0898,0.4041,0.6554,REF084,0.5162,shortlist,,20260918T0131-7dd1a33,discover-1
c0415,48,43,24,22,0.3143,dpi,0.7753,0.1875,0.0208,Sustainability,0.1178,0.2696,0.7168,REF036,0.5269,shortlist,,20260918T0131-7dd1a33,discover-1
c0466,48,45,29,28,0.4,access_connectivity,0.9293,0.0417,0.5625,Implementation Arrangements and Support Plan,0.1402,0.2985,0.7059,REF045,0.3542,shortlist,,20260918T0131-7dd1a33,discover-1
c0475,48,48,44,30,0.4286,access_connectivity,0.8588,0.0,0.4375,PROJECT STATUS AND RATIONALE FOR RESTRUCTURING,0.24,0.2078,0.7963,REF063,0.2868,shortlist,,20260918T0131-7dd1a33,discover-1
c0521,48,24,13,16,0.2286,access_connectivity,0.9464,0.0208,0.625,DESCRIPTION OF PROPOSED CHANGES,0.0575,0.2704,0.646,REF012,0.4264,junk,junk_section_share>=0.6,20260918T0131-7dd1a33,discover-1
c0606,48,34,24,23,0.3286,dpi,0.9851,0.0625,0.2083,Rationale for World Bank Involvement and Role of Partners,0.1218,0.328,0.7407,REF005,0.4171,shortlist,,20260918T0131-7dd1a33,discover-1
c0674,48,45,22,15,0.2143,dpi,0.3415,0.2708,0.0625,Project Components,0.1153,0.2438,0.7654,REF005,0.5591,shortlist,,20260918T0131-7dd1a33,discover-1
c0719,48,47,34,31,0.4429,dpi,0.961,0.0,0.9375,Implementation Arrangements and Support Plan,0.1822,0.2505,0.7825,REF066,0.355,junk,junk_section_share>=0.6,20260918T0131-7dd1a33,discover-1
c0002,47,47,47,30,0.4286,,0.0,0.0,0.0,PROPOSED CHANGES,0.3142,0.1995,0.976,REF027,0.2521,shortlist,,20260918T0131-7dd1a33,discover-1
c0048,47,46,27,26,0.3714,access_connectivity,0.8819,0.0,0.2553,Results Chain,0.1643,0.2795,0.8884,REF027,0.2673,shortlist,,20260918T0131-7dd1a33,discover-1
c0068,47,47,27,28,0.4,access_connectivity,0.7288,0.0,0.383,Project Components,0.1571,0.3441,0.8493,REF037,0.2602,shortlist,,20260918T0131-7dd1a33,discover-1
c0227,47,47,33,29,0.4143,dpi,0.9041,0.0,0.3617,Technical Design and Component Descriptions,0.1494,0.4135,0.6609,REF030,0.4137,shortlist,,20260918T0131-7dd1a33,discover-1
c0248,47,46,34,36,0.5143,access_connectivity,0.7075,0.0,0.1702,Sectoral and Institutional Context,0.1609,0.3848,0.6909,REF061,0.4332,shortlist,,20260918T0131-7dd1a33,discover-1
c0283,47,44,27,30,0.4286,access_connectivity,0.863,0.0,0.0,"Technical, Economic and Financial Analysis",0.1344,0.3052,0.7268,REF030,0.3437,shortlist,,20260918T0131-7dd1a33,discover-1
c0286,47,47,32,30,0.4286,dpi,0.8911,0.0,0.3617,Sectoral and Institutional Context,0.1491,0.3764,0.6803,REF030,0.3183,shortlist,,20260918T0131-7dd1a33,discover-1
c0299,47,46,31,29,0.4143,dpi,0.7775,0.0,0.0851,Project Components,0.1407,0.358,0.6628,REF053,0.3825,shortlist,,20260918T0131-7dd1a33,discover-1
c0387,47,47,39,40,0.5714,dpi,0.0,0.0,0.2128,GRIEVANCE REDRESS SERVICES,0.2231,0.2603,0.8353,REF031,0.3777,shortlist,,20260918T0131-7dd1a33,discover-1
c0465,47,45,32,27,0.3857,cybersecurity,0.975,0.0,0.4894,KEY RISKS,0.1571,0.3138,0.7167,REF017,0.3651,shortlist,,20260918T0131-7dd1a33,discover-1
c0667,47,39,32,28,0.4,,0.0,0.0,0.9574,Implementation Arrangements and Support Plan,0.155,0.2611,0.7073,REF005,0.3411,junk,junk_section_share>=0.6,20260918T0131-7dd1a33,discover-1
c0059,46,46,37,32,0.4571,dpi,0.9285,0.0,0.087,Project Components,0.2358,0.2605,0.9306,REF030,0.3079,shortlist,,20260918T0131-7dd1a33,discover-1
c0204,46,29,4,4,0.0571,access_connectivity,0.9911,0.087,0.087,Detailed Project Description,0.0197,0.3994,0.7195,REF029,0.4599,shortlist,,20260918T0131-7dd1a33,discover-1
c0342,46,46,31,24,0.3429,access_connectivity,0.8181,0.0,0.4348,Implementation Arrangements and Support Plan,0.1389,0.3068,0.6542,REF023,0.1912,shortlist,,20260918T0131-7dd1a33,discover-1
c0344,46,45,33,26,0.3714,access_connectivity,0.8653,0.0,0.2174,Detailed Project Description,0.1429,0.2611,0.6323,REF030,0.2424,shortlist,,20260918T0131-7dd1a33,discover-1
c0376,46,44,35,27,0.3857,dpi,0.9,0.0,0.2174,Sectoral and Institutional Context,0.166,0.2844,0.6925,REF083,0.4397,shortlist,,20260918T0131-7dd1a33,discover-1
c0398,46,44,18,18,0.2571,access_connectivity,0.5283,0.1739,0.0652,Detailed Project Description,0.0892,0.2639,0.7238,REF045,0.4567,shortlist,,20260918T0131-7dd1a33,discover-1
c0495,46,43,34,27,0.3857,access_connectivity,0.7997,0.3696,0.2826,Sustainability,0.178,0.409,0.7642,REF085,0.2819,shortlist,,20260918T0131-7dd1a33,discover-1
c0546,46,45,31,25,0.3571,access_connectivity,0.0,0.1739,0.8261,Implementation Arrangements and Support Plan,0.1637,0.2696,0.7711,REF009,0.3202,junk,junk_section_share>=0.6,20260918T0131-7dd1a33,discover-1
c0633,46,43,27,28,0.4,access_connectivity,0.7341,0.0,0.087,Sectoral and Institutional Context,0.1387,0.293,0.7499,REF046,0.547,shortlist,,20260918T0131-7dd1a33,discover-1
c0783,46,46,30,31,0.4429,dpi,0.8292,0.0,0.1739,Project Components,0.1456,0.2902,0.7088,REF008,0.4807,shortlist,,20260918T0131-7dd1a33,discover-1
c0804,46,26,11,9,0.1286,access_connectivity,0.5153,0.0217,0.0217,Project Components,0.0539,0.276,0.7159,REF046,0.5015,shortlist,,20260918T0131-7dd1a33,discover-1
c0060,45,45,28,30,0.4286,submarine_cable,0.0,0.0,0.9778,Fiduciary,0.1769,0.2564,0.9225,REF009,0.3606,junk,junk_section_share>=0.6,20260918T0131-7dd1a33,discover-1
c0076,45,32,16,17,0.2429,access_connectivity,0.8376,0.0,0.2222,Detailed Description of the 911 Center and Integrated Platform,0.0657,0.4464,0.5994,REF036,0.4462,shortlist,,20260918T0131-7dd1a33,discover-1
c0130,45,42,25,27,0.3857,dpi,0.7441,0.0,0.0667,Project Components,0.1378,0.2409,0.8047,REF048,0.2279,shortlist,,20260918T0131-7dd1a33,discover-1
c0260,45,41,26,24,0.3429,dpi,0.5153,0.0222,0.3333,Project Components,0.1322,0.3941,0.7423,REF079,0.3847,shortlist,,20260918T0131-7dd1a33,discover-1
c0359,45,43,30,27,0.3857,access_connectivity,0.8681,0.0222,0.2889,Project Components,0.1609,0.353,0.7832,REF030,0.327,shortlist,,20260918T0131-7dd1a33,discover-1
c0381,45,44,40,38,0.5429,access_connectivity,0.0,0.0,0.2,GRIEVANCE REDRESS SERVICES,0.2407,0.2816,0.8787,REF031,0.3903,shortlist,,20260918T0131-7dd1a33,discover-1
c0468,45,42,30,24,0.3429,cybersecurity,0.6892,0.0,0.1111,Sectoral and Institutional Context,0.1434,0.2015,0.6977,REF001,0.4516,shortlist,,20260918T0131-7dd1a33,discover-1
c0572,45,39,26,26,0.3714,dpi,0.0,0.0222,0.9556,Implementation Arrangements and Support Plan,0.1376,0.2409,0.7725,REF045,0.3886,junk,junk_section_share>=0.6,20260918T0131-7dd1a33,discover-1
c0639,45,41,25,21,0.3,,0.0,0.0,0.7556,KEY RISKS,0.1362,0.3433,0.7956,REF005,0.3795,junk,junk_section_share>=0.6,20260918T0131-7dd1a33,discover-1
c0711,45,42,16,14,0.2,access_connectivity,0.7942,0.0,0.0,Sectoral and Institutional Context,0.0671,0.3083,0.6125,REF087,0.3036,shortlist,,20260918T0131-7dd1a33,discover-1
c0263,44,43,31,29,0.4143,access_connectivity,0.8839,0.0,0.4773,Project Components,0.1506,0.2912,0.7094,REF030,0.3625,shortlist,,20260918T0131-7dd1a33,discover-1
c0266,44,44,29,27,0.3857,dpi,0.7638,0.0,0.3636,Project Components,0.1411,0.3745,0.7104,REF022,0.32,shortlist,,20260918T0131-7dd1a33,discover-1
c0431,44,40,29,28,0.4,dpi,0.0,0.0,0.9091,Implementation Arrangements and Support Plan,0.1466,0.286,0.7381,REF085,0.3373,junk,junk_section_share>=0.6,20260918T0131-7dd1a33,discover-1
c0600,44,25,18,18,0.2571,dpi,0.0,0.0227,0.8864,Implementation Arrangements and Support Plan,0.0837,0.2196,0.6787,REF085,0.2845,junk,junk_section_share>=0.6,20260918T0131-7dd1a33,discover-1
c0607,44,30,14,12,0.1714,dpi,0.3534,0.1818,0.0,Project Components,0.0738,0.2032,0.7695,REF011,0.6093,shortlist,,20260918T0131-7dd1a33,discover-1
c0630,44,44,25,20,0.2857,access_connectivity,0.8081,0.0227,0.2955,Project Components,0.1327,0.2743,0.7748,REF058,0.341,shortlist,,20260918T0131-7dd1a33,discover-1
c0640,44,36,14,15,0.2143,dpi,0.6788,0.0,0.3409,Sectoral and Institutional Context,0.0614,0.2895,0.6399,REF088,0.3776,shortlist,,20260918T0131-7dd1a33,discover-1
c0666,44,37,28,26,0.3714,,0.0,0.0227,1.0,Implementation Arrangements and Support Plan,0.1386,0.2523,0.7225,REF005,0.3376,junk,junk_section_share>=0.6,20260918T0131-7dd1a33,discover-1
c0028,43,43,43,29,0.4143,access_connectivity,0.0,0.0,0.0233,DETAILED CHANGE(S),0.285,0.1956,0.9675,REF053,0.2896,shortlist,,20260918T0131-7dd1a33,discover-1
c0183,43,42,34,31,0.4429,access_connectivity,0.8589,0.1163,0.2326,Sustainability,0.1838,0.4274,0.7892,REF045,0.4021,shortlist,,20260918T0131-7dd1a33,discover-1
c0196,43,43,23,19,0.2714,dpi,0.5915,0.1395,0.1395,Project Components,0.1176,0.2653,0.7466,REF053,0.4905,shortlist,,20260918T0131-7dd1a33,discover-1
c0332,43,41,15,12,0.1714,dpi,0.7861,0.0,0.1628,Project Components,0.0851,0.3031,0.8279,REF030,0.3395,shortlist,,20260918T0131-7dd1a33,discover-1
c0386,43,40,30,29,0.4143,dpi,0.715,0.0,0.3488,Project Components,0.1529,0.3187,0.7443,REF021,0.3396,shortlist,,20260918T0131-7dd1a33,discover-1
c0576,43,43,22,22,0.3143,drm_ews,0.7525,0.0,0.1628,Project Components,0.1168,0.518,0.7752,REF041,0.6791,shortlist,,20260918T0131-7dd1a33,discover-1
c0588,43,42,25,26,0.3714,access_connectivity,0.7001,0.0,0.2791,Project Components,0.1329,0.3026,0.7759,REF045,0.4646,shortlist,,20260918T0131-7dd1a33,discover-1
c0647,43,35,28,26,0.3714,,0.0,0.3721,1.0,Implementation Arrangements and Support Plan,0.1486,0.3274,0.775,REF030,0.3952,junk,junk_section_share>=0.6,20260918T0131-7dd1a33,discover-1
c0756,43,43,21,16,0.2286,dpi,0.8732,0.0233,0.2326,"Technical, Economic and Financial Analysis",0.1118,0.2446,0.7774,REF067,0.4524,shortlist,,20260918T0131-7dd1a33,discover-1
c0094,42,42,27,26,0.3714,access_connectivity,0.0,0.0,0.9048,Implementation Arrangements and Support Plan,0.1493,0.2761,0.8071,REF079,0.3823,junk,junk_section_share>=0.6,20260918T0131-7dd1a33,discover-1
c0194,42,42,23,19,0.2714,dpi,0.9463,0.0,0.5,Implementation Arrangements and Support Plan,0.1367,0.2588,0.8679,REF027,0.2438,shortlist,,20260918T0131-7dd1a33,discover-1
c0241,42,42,28,29,0.4143,access_connectivity,0.8922,0.0,0.1429,Project Beneficiaries,0.1372,0.2136,0.7153,REF075,0.2697,shortlist,,20260918T0131-7dd1a33,discover-1
c0245,42,42,24,26,0.3714,access_connectivity,0.7323,0.0,0.0952,Project Components,0.117,0.3135,0.7117,REF045,0.4088,shortlist,,20260918T0131-7dd1a33,discover-1
c0315,42,42,34,30,0.4286,access_connectivity,0.8992,0.0,0.3095,Implementation Arrangements and Support Plan,0.1536,0.3274,0.6594,REF027,0.2408,shortlist,,20260918T0131-7dd1a33,discover-1
c0402,42,42,32,31,0.4429,cybersecurity,0.7959,0.2857,0.1667,Project Components,0.1632,0.29,0.7447,REF056,0.3879,shortlist,,20260918T0131-7dd1a33,discover-1
c0452,42,26,21,24,0.3429,cybersecurity,0.4642,0.0,0.0,Sectoral and Institutional Context,0.101,0.3434,0.7021,REF001,0.5065,shortlist,,20260918T0131-7dd1a33,discover-1
c0454,42,19,15,18,0.2571,cybersecurity,0.9183,0.0,0.8571,Implementation Arrangements and Support Plan,0.0765,0.2618,0.7445,REF030,0.31,junk,junk_section_share>=0.6,20260918T0131-7dd1a33,discover-1
c0503,42,42,28,25,0.3571,dpi,0.9068,0.3095,0.2143,Project Components,0.1444,0.3128,0.7532,REF079,0.3551,shortlist,,20260918T0131-7dd1a33,discover-1
c0558,42,27,19,16,0.2286,drm_ews,0.8496,0.0,0.0476,GHG Emissions and Transport - Mozambique EDGE Project,0.088,0.4116,0.676,REF057,0.4166,shortlist,,20260918T0131-7dd1a33,discover-1
c0590,42,40,26,24,0.3429,,0.0,0.0476,0.9524,Institutional and Implementation Arrangements,0.1343,0.2453,0.754,REF030,0.389,junk,junk_section_share>=0.6,20260918T0131-7dd1a33,discover-1
c0030,41,32,31,30,0.4286,,0.0,0.0,0.0244,GRIEVANCE REDRESS SERVICES,0.1983,0.2843,0.9339,REF031,0.3283,shortlist,,20260918T0131-7dd1a33,discover-1
c0036,41,41,41,39,0.5571,,0.0,0.0,1.0,RESULTS FRAMEWORK AND MONITORING,0.2765,0.2322,0.9847,REF027,0.3136,junk,junk_section_share>=0.6,20260918T0131-7dd1a33,discover-1
c0055,41,41,40,37,0.5286,data_hosting,0.0,0.0,1.0,RESULTS FRAMEWORK AND MONITORING,0.2647,0.2381,0.9663,REF027,0.2749,junk,junk_section_share>=0.6,20260918T0131-7dd1a33,discover-1
c0086,41,40,35,31,0.4429,access_connectivity,0.0,0.2195,0.878,Implementation Arrangements and Support Plan,0.1874,0.2897,0.7819,REF029,0.3491,junk,junk_section_share>=0.6,20260918T0131-7dd1a33,discover-1
c0110,41,28,11,10,0.1429,access_connectivity,0.7151,0.0,0.0,Economic and Financial Analysis,0.0572,0.2915,0.7586,REF085,0.1875,shortlist,,20260918T0131-7dd1a33,discover-1
c0158,41,41,25,24,0.3429,dpi,0.9256,0.5366,0.7805,KEY RISKS,0.1326,0.4605,0.7743,REF030,0.5095,junk,junk_section_share>=0.6,20260918T0131-7dd1a33,discover-1
c0212,41,39,26,27,0.3857,dpi,0.9134,0.0,0.5854,Institutional and Implementation Arrangements,0.1144,0.3652,0.6421,REF030,0.4045,shortlist,,20260918T0131-7dd1a33,discover-1
c0247,41,38,24,19,0.2714,access_connectivity,0.9591,0.0488,0.561,DESCRIPTION OF PROPOSED CHANGES,0.115,0.2768,0.6997,REF045,0.363,shortlist,,20260918T0131-7dd1a33,discover-1
c0306,41,40,30,24,0.3429,dpi,0.5436,0.0488,0.7805,Implementation Arrangements and Support Plan,0.1425,0.2741,0.6936,REF085,0.3775,junk,junk_section_share>=0.6,20260918T0131-7dd1a33,discover-1
c0360,41,40,18,19,0.2714,dpi,0.6565,0.0,0.0244,Project Components,0.0984,0.358,0.7985,REF030,0.371,shortlist,,20260918T0131-7dd1a33,discover-1
c0391,41,40,33,33,0.4714,access_connectivity,0.8455,0.0,0.2927,Project Components,0.1514,0.3981,0.6699,REF037,0.3281,shortlist,,20260918T0131-7dd1a33,discover-1
c0461,41,40,25,23,0.3286,cybersecurity,1.0,0.0,0.8293,Fiduciary,0.144,0.2701,0.8409,REF062,0.2664,junk,junk_section_share>=0.6,20260918T0131-7dd1a33,discover-1
c0489,41,36,28,28,0.4,cybersecurity,0.5597,0.0,0.3171,Sectoral and Institutional Context,0.1311,0.4579,0.6834,REF001,0.529,shortlist,,20260918T0131-7dd1a33,discover-1
c0491,41,35,27,22,0.3143,dpi,0.9875,0.0,0.1707,Sectoral and Institutional Context,0.1213,0.298,0.6558,REF011,0.257,shortlist,,20260918T0131-7dd1a33,discover-1
c0551,41,41,28,22,0.3143,access_connectivity,0.9206,0.0732,0.6098,Implementation Arrangements and Support Plan,0.1433,0.274,0.7472,REF045,0.4616,junk,junk_section_share>=0.6,20260918T0131-7dd1a33,discover-1
c0586,41,39,24,16,0.2286,access_connectivity,0.5917,0.0488,0.4634,DESCRIPTION OF PROPOSED CHANGES,0.1234,0.2788,0.7505,REF005,0.3173,shortlist,,20260918T0131-7dd1a33,discover-1
c0628,41,39,28,22,0.3143,dpi,0.9855,0.0,0.5854,Institutional and Implementation Arrangements,0.1279,0.269,0.6668,REF083,0.3413,shortlist,,20260918T0131-7dd1a33,discover-1
c0021,40,40,40,26,0.3714,drm_ews,0.0,0.725,0.0,DETAILED CHANGE(S),0.262,0.307,0.9562,REF030,0.3189,shortlist,,20260918T0131-7dd1a33,discover-1
c0056,40,40,21,24,0.3429,drm_ews,0.8943,0.0,0.475,Implementation Arrangements and Support Plan,0.1259,0.212,0.8754,REF083,0.2901,shortlist,,20260918T0131-7dd1a33,discover-1
c0073,40,40,19,16,0.2286,access_connectivity,0.0,0.0,0.425,DESCRIPTION OF PROPOSED CHANGES,0.1094,0.2701,0.8408,REF036,0.3076,shortlist,,20260918T0131-7dd1a33,discover-1
c0143,40,38,34,22,0.3143,access_connectivity,0.3228,0.0,0.425,Project Status,0.1881,0.3489,0.8079,REF030,0.3445,shortlist,,20260918T0131-7dd1a33,discover-1
c0157,40,38,29,28,0.4,access_connectivity,0.0,0.075,0.8,Environmental and Social,0.1557,0.3127,0.7837,REF045,0.3791,junk,junk_section_share>=0.6,20260918T0131-7dd1a33,discover-1
c0298,40,40,30,32,0.4571,cybersecurity,0.9171,0.0,0.175,Project Components,0.1512,0.3951,0.736,REF036,0.3833,shortlist,,20260918T0131-7dd1a33,discover-1
c0330,40,39,26,22,0.3143,access_connectivity,0.8689,0.0,0.25,Technical Design and Component Descriptions,0.1002,0.4178,0.5627,REF019,0.2233,shortlist,,20260918T0131-7dd1a33,discover-1
c0396,40,35,23,17,0.2429,dpi,0.5621,0.05,0.075,Project Components,0.1075,0.2822,0.6823,REF008,0.6624,shortlist,,20260918T0131-7dd1a33,discover-1
c0493,40,39,24,27,0.3857,data_hosting,0.7924,0.0,0.05,"Technical, Economic and Financial Analysis",0.1251,0.6356,0.7611,REF036,0.7762,shortlist,,20260918T0131-7dd1a33,discover-1
c0507,40,38,28,28,0.4,,0.0,0.0,0.95,Fiduciary,0.1521,0.2557,0.793,REF045,0.4282,junk,junk_section_share>=0.6,20260918T0131-7dd1a33,discover-1
c0555,40,40,28,27,0.3857,access_connectivity,0.825,0.0,0.525,Fiduciary,0.1599,0.3134,0.834,REF005,0.3381,shortlist,,20260918T0131-7dd1a33,discover-1
c0681,40,36,25,23,0.3286,cybersecurity,0.9851,0.55,0.175,Project Components,0.1312,0.246,0.7662,REF011,0.5219,shortlist,,20260918T0131-7dd1a33,discover-1
c0738,40,37,29,31,0.4429,submarine_cable,0.8831,0.0,0.025,Country Context,0.1375,0.2037,0.6922,REF005,0.3308,shortlist,,20260918T0131-7dd1a33,discover-1
c0752,40,39,25,22,0.3143,access_connectivity,0.6536,0.0,0.025,Sectoral and Institutional Context,0.1438,0.2935,0.84,REF061,0.5455,shortlist,,20260918T0131-7dd1a33,discover-1
c0809,40,40,24,24,0.3429,access_connectivity,0.5758,0.075,0.075,Project Components,0.1227,0.3137,0.7467,REF046,0.5801,shortlist,,20260918T0131-7dd1a33,discover-1
c0812,40,37,24,26,0.3714,access_connectivity,0.8356,0.025,0.075,Project Components,0.1056,0.3541,0.6422,REF046,0.6058,shortlist,,20260918T0131-7dd1a33,discover-1
c0046,39,37,35,38,0.5429,access_connectivity,0.0,0.0256,0.0,GRIEVANCE REDRESS SERVICES,0.2263,0.389,0.944,REF030,0.3252,shortlist,,20260918T0131-7dd1a33,discover-1
c0047,39,39,35,36,0.5143,access_connectivity,0.8319,0.0,0.0513,Sectoral and Institutional Context,0.2329,0.25,0.9716,REF027,0.2516,shortlist,,20260918T0131-7dd1a33,discover-1
c0087,39,35,27,22,0.3143,access_connectivity,0.7258,0.0,0.5128,DESCRIPTION OF PROPOSED CHANGES,0.1356,0.256,0.7334,REF045,0.303,shortlist,,20260918T0131-7dd1a33,discover-1
c0207,39,37,26,24,0.3429,dpi,0.788,0.0,0.4103,KEY RISKS,0.1251,0.4056,0.7026,REF080,0.4272,shortlist,,20260918T0131-7dd1a33,discover-1
c0270,39,38,32,30,0.4286,access_connectivity,1.0,0.0256,0.7179,Implementation Arrangements and Support Plan,0.1767,0.2534,0.8064,REF085,0.4298,junk,junk_section_share>=0.6,20260918T0131-7dd1a33,discover-1
c0301,39,39,31,30,0.4286,access_connectivity,0.7415,0.0,0.2821,Sectoral and Institutional Context,0.1286,0.4204,0.6058,REF011,0.2417,shortlist,,20260918T0131-7dd1a33,discover-1
c0324,39,38,24,26,0.3714,access_connectivity,0.9188,0.6154,0.0256,Project Components,0.1352,0.2591,0.8223,REF085,0.3427,shortlist,,20260918T0131-7dd1a33,discover-1
c0352,39,38,28,27,0.3857,access_connectivity,0.7477,0.0,0.1026,Relevance to Higher Level Objectives,0.1354,0.3289,0.7058,REF046,0.417,shortlist,,20260918T0131-7dd1a33,discover-1
c0383,39,37,26,28,0.4,dpi,0.8956,0.0,0.0769,Project Components,0.1306,0.3739,0.7334,REF030,0.435,shortlist,,20260918T0131-7dd1a33,discover-1
c0397,39,38,23,23,0.3286,cybersecurity,0.4416,0.0513,0.1282,Project Components,0.1167,0.3068,0.7407,REF086,0.3916,shortlist,,20260918T0131-7dd1a33,discover-1
c0410,39,29,19,19,0.2714,dpi,0.8074,0.0,0.2308,Technical Design and Component Descriptions,0.0792,0.3304,0.6087,REF083,0.3642,shortlist,,20260918T0131-7dd1a33,discover-1
c0428,39,37,28,24,0.3429,dpi,0.9183,0.4872,0.359,Environmental and Social,0.1476,0.2618,0.7694,REF021,0.4776,shortlist,,20260918T0131-7dd1a33,discover-1
c0462,39,37,22,20,0.2857,access_connectivity,0.9464,0.0,0.7436,Implementation Arrangements and Support Plan,0.1202,0.27,0.798,REF063,0.2449,junk,junk_section_share>=0.6,20260918T0131-7dd1a33,discover-1
c0480,39,35,25,20,0.2857,access_connectivity,0.7718,0.0,0.3077,Project Status,0.1251,0.245,0.7303,REF045,0.3676,shortlist,,20260918T0131-7dd1a33,discover-1
c0518,39,31,1,1,0.0143,dpi,0.3897,0.4103,0.2821,Project Components,0.0054,0.2561,0.7844,REF005,0.3761,junk,n_projects<3,20260918T0131-7dd1a33,discover-1
c0581,39,39,29,27,0.3857,drm_ews,0.7331,0.0,0.0513,Relevance to Higher Level Objectives,0.1594,0.753,0.8024,REF041,0.54,shortlist,,20260918T0131-7dd1a33,discover-1
c0649,39,37,23,25,0.3571,drm_ews,0.7069,0.0,0.0256,Project Components,0.1175,0.6744,0.7458,REF085,0.6346,shortlist,,20260918T0131-7dd1a33,discover-1
c0653,39,37,24,21,0.3,access_connectivity,0.7323,0.0,0.3846,DESCRIPTION OF PROPOSED CHANGES,0.1326,0.2629,0.8069,REF011,0.4155,shortlist,,20260918T0131-7dd1a33,discover-1
c0659,39,38,28,24,0.3429,access_connectivity,0.0,0.0,1.0,Implementation Arrangements and Support Plan,0.1606,0.3303,0.8377,REF009,0.3458,junk,junk_section_share>=0.6,20260918T0131-7dd1a33,discover-1
c0702,39,37,30,29,0.4143,dpi,1.0,0.0,0.9744,Implementation Arrangements and Support Plan,0.1556,0.1948,0.7575,REF085,0.3101,junk,junk_section_share>=0.6,20260918T0131-7dd1a33,discover-1
c0726,39,38,23,25,0.3571,access_connectivity,0.5579,0.1282,0.2821,Project Components,0.1132,0.2794,0.7185,REF061,0.627,shortlist,,20260918T0131-7dd1a33,discover-1
c0815,39,36,22,20,0.2857,access_connectivity,0.6666,0.0,0.0256,Project Components,0.1113,0.3587,0.7383,REF037,0.6092,shortlist,,20260918T0131-7dd1a33,discover-1
c0025,38,38,38,39,0.5571,access_connectivity,0.9464,0.0,0.9474,RESULTS FRAMEWORK AND MONITORING,0.2492,0.2372,0.9575,REF085,0.3409,junk,junk_section_share>=0.6,20260918T0131-7dd1a33,discover-1
c0053,38,37,19,19,0.2714,drm_ews,0.8515,0.0,0.0,Project Components,0.1217,0.2528,0.9352,REF030,0.2842,shortlist,,20260918T0131-7dd1a33,discover-1
c0102,38,37,15,17,0.2429,access_connectivity,0.7642,0.0263,0.1316,Multiphase Programmatic Approach,0.0718,0.3031,0.6985,REF030,0.375,shortlist,,20260918T0131-7dd1a33,discover-1
c0240,38,34,24,22,0.3143,access_connectivity,0.4941,0.0,0.5263,Environmental and Social,0.1278,0.3511,0.7777,REF035,0.3353,shortlist,,20260918T0131-7dd1a33,discover-1
c0275,38,37,19,18,0.2571,access_connectivity,0.9011,0.0,0.1053,"Technical, Economic, and Financial Analysis",0.1001,0.2597,0.7695,REF030,0.3106,shortlist,,20260918T0131-7dd1a33,discover-1
c0280,38,38,30,28,0.4,dpi,0.9031,0.0,0.5,Implementation Arrangements and Support Plan,0.1565,0.3382,0.7615,REF019,0.2773,shortlist,,20260918T0131-7dd1a33,discover-1
c0287,38,38,22,19,0.2714,access_connectivity,0.9713,0.0526,0.6053,DESCRIPTION OF PROPOSED CHANGES,0.1076,0.3259,0.7143,REF030,0.3223,junk,junk_section_share>=0.6,20260918T0131-7dd1a33,discover-1
c0289,38,38,27,30,0.4286,dpi,0.9618,0.0,0.2105,Project Components,0.1253,0.3581,0.6776,REF069,0.305,shortlist,,20260918T0131-7dd1a33,discover-1
c0405,38,38,30,24,0.3429,dpi,0.7766,0.0,0.5263,Implementation Arrangements and Support Plan,0.1478,0.3251,0.7191,REF083,0.4261,shortlist,,20260918T0131-7dd1a33,discover-1
c0424,38,38,23,19,0.2714,cybersecurity,0.8764,0.0,0.1316,Project Components,0.1159,0.3018,0.736,REF067,0.4673,shortlist,,20260918T0131-7dd1a33,discover-1
c0464,38,34,25,21,0.3,access_connectivity,0.8584,0.0,0.3684,Sectoral and Institutional Context,0.1155,0.2867,0.6746,REF059,0.2527,shortlist,,20260918T0131-7dd1a33,discover-1
c0577,38,25,15,15,0.2143,dpi,0.0,0.0263,0.7368,Implementation Arrangements and Support Plan,0.0731,0.2258,0.7117,REF085,0.5053,junk,junk_section_share>=0.6,20260918T0131-7dd1a33,discover-1
c0594,38,29,27,27,0.3857,drm_ews,0.7718,0.0,0.0526,Relevance to Higher Level Objectives,0.1382,0.3312,0.7474,REF057,0.4624,shortlist,,20260918T0131-7dd1a33,discover-1
c0739,38,38,28,27,0.3857,dpi,0.8732,0.0,0.1842,Sectoral and Institutional Context,0.1523,0.3609,0.7943,REF042,0.5378,shortlist,,20260918T0131-7dd1a33,discover-1
c0083,37,37,28,26,0.3714,dpi,0.7006,0.0,0.3243,Project Components,0.1546,0.2956,0.806,REF086,0.295,shortlist,,20260918T0131-7dd1a33,discover-1
c0088,37,36,31,25,0.3571,dpi,1.0,0.0,0.8378,Implementation Arrangements and Support Plan,0.1474,0.3452,0.6941,REF030,0.4231,junk,junk_section_share>=0.6,20260918T0131-7dd1a33,discover-1
c0137,37,37,30,30,0.4286,access_connectivity,0.6306,0.0,0.027,Project Components,0.2022,0.2464,0.9843,REF030,0.3185,shortlist,,20260918T0131-7dd1a33,discover-1
c0146,37,30,23,19,0.2714,access_connectivity,0.0,0.027,0.7027,Environmental and Social,0.1203,0.3617,0.7638,REF030,0.4657,junk,junk_section_share>=0.6,20260918T0131-7dd1a33,discover-1
c0179,37,36,25,15,0.2143,access_connectivity,0.3494,0.1351,0.2432,Project Components,0.1338,0.2648,0.7816,REF061,0.5699,shortlist,,20260918T0131-7dd1a33,discover-1
c0193,37,37,21,21,0.3,drm_ews,0.8546,0.0,0.2973,Implementation Arrangements and Support Plan,0.1207,0.2992,0.8388,REF030,0.2632,shortlist,,20260918T0131-7dd1a33,discover-1
c0211,37,36,27,23,0.3286,access_connectivity,0.9602,0.1622,0.8378,Implementation Arrangements and Support Plan,0.1271,0.2788,0.6874,REF045,0.328,junk,junk_section_share>=0.6,20260918T0131-7dd1a33,discover-1
c0216,37,35,21,20,0.2857,dpi,0.7183,0.0,0.2703,Project Components,0.0947,0.3541,0.6585,REF089,0.4402,shortlist,,20260918T0131-7dd1a33,discover-1
c0300,37,36,27,26,0.3714,access_connectivity,0.6388,0.0,0.3784,Results Monitoring and Evaluation Arrangements,0.1447,0.3122,0.7824,REF030,0.2721,shortlist,,20260918T0131-7dd1a33,discover-1
c0316,37,37,29,28,0.4,access_connectivity,0.9157,0.0,0.3784,Sustainability,0.1445,0.271,0.7274,REF027,0.1932,shortlist,,20260918T0131-7dd1a33,discover-1
c0413,37,25,9,8,0.1143,access_connectivity,0.7823,0.0,0.2432,Technical Analysis,0.0442,0.3344,0.7173,REF045,0.5118,shortlist,,20260918T0131-7dd1a33,discover-1
c0557,37,37,25,25,0.3571,,0.0,0.2973,0.9189,Implementation Arrangements and Support Plan,0.1425,0.2216,0.8321,REF045,0.4069,junk,junk_section_share>=0.6,20260918T0131-7dd1a33,discover-1
c0560,37,35,20,17,0.2429,dpi,0.0,0.1892,0.8649,Institutional and Implementation Arrangements,0.1032,0.2995,0.7533,REF079,0.3558,junk,junk_section_share>=0.6,20260918T0131-7dd1a33,discover-1
c0672,37,35,25,26,0.3714,submarine_cable,0.0,0.0811,1.0,Implementation Arrangements and Support Plan,0.133,0.2046,0.777,REF045,0.4662,junk,junk_section_share>=0.6,20260918T0131-7dd1a33,discover-1
c0072,36,35,25,25,0.3571,cybersecurity,0.9464,0.3056,1.0,KEY RISKS,0.1306,0.4173,0.7628,REF030,0.5063,junk,junk_section_share>=0.6,20260918T0131-7dd1a33,discover-1
c0084,36,35,27,23,0.3286,dpi,0.9403,0.0,0.3889,Implementation Arrangements and Support Plan,0.1457,0.2024,0.7877,REF023,0.2949,shortlist,,20260918T0131-7dd1a33,discover-1
c0107,36,36,31,27,0.3857,access_connectivity,0.7862,0.0,0.0556,Project Components,0.142,0.3472,0.6686,REF046,0.377,shortlist,,20260918T0131-7dd1a33,discover-1
c0132,36,36,22,20,0.2857,drm_ews,0.7982,0.0,0.4444,Implementation Arrangements and Support Plan,0.1225,0.2434,0.813,REF005,0.2243,shortlist,,20260918T0131-7dd1a33,discover-1
c0210,36,27,10,9,0.1286,dpi,0.8445,0.0,0.6944,Implementation Arrangements and Support Plan,0.0409,0.3376,0.5977,REF045,0.3594,junk,junk_section_share>=0.6,20260918T0131-7dd1a33,discover-1
c0328,36,32,19,18,0.2571,dpi,0.4926,0.0,0.0556,Sectoral and Institutional Context,0.0936,0.288,0.7193,REF064,0.4794,shortlist,,20260918T0131-7dd1a33,discover-1
c0350,36,31,20,14,0.2,dpi,0.4799,0.0556,0.1389,Project Components,0.0993,0.2566,0.7245,REF064,0.5845,shortlist,,20260918T0131-7dd1a33,discover-1
c0351,36,36,32,27,0.3857,access_connectivity,0.0,0.0,0.4444,Environmental and Social,0.1583,0.3718,0.7223,REF030,0.3399,shortlist,,20260918T0131-7dd1a33,discover-1
c0371,36,25,9,8,0.1143,drm_ews,0.6194,0.1111,0.1389,Detailed Project Description,0.0431,0.3482,0.6999,REF056,0.6678,shortlist,,20260918T0131-7dd1a33,discover-1
c0395,36,36,26,21,0.3,dpi,0.9729,0.3611,0.0833,Project Components,0.1369,0.2636,0.7688,REF085,0.3897,shortlist,,20260918T0131-7dd1a33,discover-1
c0636,36,36,31,30,0.4286,,0.0,0.0,1.0,Implementation Arrangements and Support Plan,0.189,0.2309,0.8901,REF005,0.3502,junk,junk_section_share>=0.6,20260918T0131-7dd1a33,discover-1
c0686,36,35,24,23,0.3286,,0.0,0.25,0.9722,Implementation Arrangements and Support Plan,0.1348,0.2689,0.8203,REF045,0.393,junk,junk_section_share>=0.6,20260918T0131-7dd1a33,discover-1
c0767,36,36,13,12,0.1714,access_connectivity,0.7755,0.0,0.6111,RESULTS FRAMEWORK AND MONITORING,0.0678,0.2816,0.7618,REF005,0.4473,junk,junk_section_share>=0.6,20260918T0131-7dd1a33,discover-1
c0796,36,35,23,19,0.2714,dpi,0.8158,0.6944,0.2222,Project Components,0.1222,0.2269,0.7757,REF079,0.5172,shortlist,,20260918T0131-7dd1a33,discover-1
c0199,35,32,16,15,0.2143,drm_ews,0.7386,0.0,0.1714,Project Components,0.0797,0.4266,0.7274,REF054,0.4779,shortlist,,20260918T0131-7dd1a33,discover-1
c0221,35,21,14,13,0.1857,drm_ews,0.9206,0.0,0.2286,DESCRIPTION OF ADDITIONAL FINANCING,0.0637,0.4279,0.6644,REF055,0.5743,shortlist,,20260918T0131-7dd1a33,discover-1
c0226,35,34,24,27,0.3857,dpi,0.6022,0.0,0.1429,Project Components,0.1212,0.3197,0.737,REF010,0.3942,shortlist,,20260918T0131-7dd1a33,discover-1
c0251,35,34,9,9,0.1286,access_connectivity,0.9441,0.0571,0.0571,Project Components,0.0556,0.2473,0.9015,REF045,0.301,shortlist,,20260918T0131-7dd1a33,discover-1
c0252,35,24,16,12,0.1714,cybersecurity,0.7934,0.0,0.1714,Technical Design and Component Descriptions,0.0707,0.2666,0.6456,REF083,0.2843,shortlist,,20260918T0131-7dd1a33,discover-1
c0253,35,35,28,28,0.4,access_connectivity,0.7897,0.0,0.7714,Implementation Arrangements and Support Plan,0.1456,0.3465,0.7595,REF057,0.3988,junk,junk_section_share>=0.6,20260918T0131-7dd1a33,discover-1
c0373,35,34,25,24,0.3429,dpi,0.8076,0.0,0.0571,Relevance to Higher Level Objectives,0.1304,0.3211,0.7613,REF067,0.4101,shortlist,,20260918T0131-7dd1a33,discover-1
c0411,35,25,4,4,0.0571,access_connectivity,0.7456,0.0857,0.3429,Project Components,0.0197,0.2972,0.7176,REF031,0.3455,shortlist,,20260918T0131-7dd1a33,discover-1
c0416,35,35,26,23,0.3286,dpi,0.8962,0.0286,0.4286,Results Monitoring and Evaluation Arrangements,0.1323,0.3183,0.7429,REF009,0.4683,shortlist,,20260918T0131-7dd1a33,discover-1
c0441,35,34,26,21,0.3,cybersecurity,0.0,0.0,0.2,Project Components,0.1268,0.3157,0.7118,REF059,0.3331,shortlist,,20260918T0131-7dd1a33,discover-1
c0515,35,31,18,21,0.3,access_connectivity,0.6458,0.0571,0.1429,Project Components,0.0911,0.3212,0.739,REF085,0.4122,shortlist,,20260918T0131-7dd1a33,discover-1
c0544,35,7,3,2,0.0286,,0.0,0.0,0.0,Information on CIRAS,0.0153,0.233,0.7457,REF047,0.4294,junk,n_projects<3,20260918T0131-7dd1a33,discover-1
c0566,35,35,28,25,0.3571,dpi,1.0,0.0,0.8857,Implementation Arrangements and Support Plan,0.1472,0.2151,0.7675,REF005,0.2565,junk,junk_section_share>=0.6,20260918T0131-7dd1a33,discover-1
c0626,35,33,24,24,0.3429,dpi,0.9206,0.0,0.0857,Project Components,0.1214,0.2257,0.7385,REF011,0.3973,shortlist,,20260918T0131-7dd1a33,discover-1
c0254,34,34,22,22,0.3143,cybersecurity,0.9543,0.0,0.2647,Project Components,0.1059,0.3793,0.7029,REF030,0.3641,shortlist,,20260918T0131-7dd1a33,discover-1
c0432,34,33,23,20,0.2857,dpi,0.8025,0.0,0.2941,Detailed Project Description,0.1047,0.3958,0.6648,REF024,0.4612,shortlist,,20260918T0131-7dd1a33,discover-1
c0470,34,32,19,16,0.2286,access_connectivity,0.9248,0.0294,0.2941,Sectoral and Institutional Context,0.0861,0.2177,0.6613,REF063,0.3663,shortlist,,20260918T0131-7dd1a33,discover-1
c0611,34,32,23,23,0.3286,dpi,0.9165,0.0294,0.8529,Implementation Arrangements and Support Plan,0.1136,0.2443,0.7209,REF083,0.3619,junk,junk_section_share>=0.6,20260918T0131-7dd1a33,discover-1
c0638,34,33,22,22,0.3143,,0.0,0.0,0.9412,Implementation Arrangements and Support Plan,0.1165,0.3022,0.7728,REF005,0.366,junk,junk_section_share>=0.6,20260918T0131-7dd1a33,discover-1
c0700,34,27,19,16,0.2286,access_connectivity,0.9248,0.0,0.0,Country Context,0.0944,0.1787,0.7255,REF011,0.3806,shortlist,,20260918T0131-7dd1a33,discover-1
c0769,34,31,22,25,0.3571,access_connectivity,0.8768,0.0,0.0,Sectoral and Institutional Context,0.1046,0.2498,0.6944,REF061,0.468,shortlist,,20260918T0131-7dd1a33,discover-1
c0780,34,29,16,17,0.2429,access_connectivity,0.889,0.0882,0.2059,Project Components,0.0811,0.3031,0.7399,REF036,0.5184,shortlist,,20260918T0131-7dd1a33,discover-1
c0795,34,32,26,23,0.3286,access_connectivity,0.6736,0.0,0.0,Project Beneficiaries,0.1409,0.2549,0.7915,REF046,0.5368,shortlist,,20260918T0131-7dd1a33,discover-1
c0016,33,33,23,22,0.3143,,0.0,0.0,1.0,Fiduciary,0.1568,0.1881,0.9956,REF023,0.1785,junk,junk_section_share>=0.6,20260918T0131-7dd1a33,discover-1
c0020,33,33,17,17,0.2429,access_connectivity,0.8709,0.0,0.2424,National Level Program Details - Grenada,0.1164,0.2216,1.0,REF057,0.1453,shortlist,,20260918T0131-7dd1a33,discover-1
c0037,33,33,33,32,0.4571,,0.0,0.0,0.0,GRIEVANCE REDRESS SERVICES,0.22,0.1778,0.9732,REF031,0.2514,shortlist,,20260918T0131-7dd1a33,discover-1
c0123,33,29,26,26,0.3714,access_connectivity,0.0,0.303,0.7273,Results Monitoring and Evaluation Arrangements,0.1392,0.2609,0.7818,REF057,0.3648,junk,junk_section_share>=0.6,20260918T0131-7dd1a33,discover-1
c0134,33,16,8,8,0.1143,dpi,0.9366,0.0,0.0303,Detailed Economic and Financial Analysis,0.041,0.2759,0.7477,REF030,0.2673,shortlist,,20260918T0131-7dd1a33,discover-1
c0150,33,29,28,28,0.4,access_connectivity,0.8261,0.0,0.9697,KEY RISKS,0.166,0.3773,0.8657,REF030,0.3732,junk,junk_section_share>=0.6,20260918T0131-7dd1a33,discover-1
c0200,33,31,18,18,0.2571,access_connectivity,0.8427,0.7879,0.2121,Project Components,0.0918,0.2967,0.7446,REF005,0.3959,shortlist,,20260918T0131-7dd1a33,discover-1
c0201,33,33,24,25,0.3571,data_hosting,0.9257,0.0,0.0909,Project Components,0.1156,0.3961,0.7031,REF019,0.3708,shortlist,,20260918T0131-7dd1a33,discover-1
c0215,33,33,24,25,0.3571,access_connectivity,0.8261,0.0,0.5758,Implementation Arrangements and Support Plan,0.1197,0.2786,0.7283,REF030,0.2405,shortlist,,20260918T0131-7dd1a33,discover-1
c0278,33,27,23,23,0.3286,access_connectivity,0.9206,0.0,0.8485,Implementation Arrangements and Support Plan,0.1136,0.2902,0.7213,REF005,0.4013,junk,junk_section_share>=0.6,20260918T0131-7dd1a33,discover-1
c0284,33,32,24,23,0.3286,dpi,0.7727,0.0,0.2727,Sectoral and Institutional Context,0.1134,0.3618,0.6896,REF036,0.4212,shortlist,,20260918T0131-7dd1a33,discover-1
c0451,33,32,21,21,0.3,dpi,0.7498,0.0,0.1515,Project Components,0.1076,0.3235,0.7479,REF064,0.6294,shortlist,,20260918T0131-7dd1a33,discover-1
c0530,33,28,23,22,0.3143,,0.0,0.0303,1.0,Implementation Arrangements and Support Plan,0.1249,0.2348,0.7929,REF045,0.4149,junk,junk_section_share>=0.6,20260918T0131-7dd1a33,discover-1
c0534,33,32,26,24,0.3429,dpi,0.8845,0.0303,0.0303,Relevance to Higher Level Objectives,0.139,0.2871,0.7804,REF030,0.329,shortlist,,20260918T0131-7dd1a33,discover-1
c0705,33,26,9,9,0.1286,dpi,0.335,0.0,0.0606,Sectoral and Institutional Context,0.041,0.2586,0.6658,REF068,0.4292,shortlist,,20260918T0131-7dd1a33,discover-1
c0754,33,32,22,25,0.3571,access_connectivity,0.9464,0.0,0.4242,DESCRIPTION OF PROPOSED CHANGES,0.1185,0.2187,0.7861,REF061,0.4817,shortlist,,20260918T0131-7dd1a33,discover-1
c0814,33,32,25,23,0.3286,access_connectivity,0.562,0.0,0.0909,Project Components,0.1303,0.3733,0.7608,REF046,0.5382,shortlist,,20260918T0131-7dd1a33,discover-1
c0018,32,32,32,35,0.5,,0.0,0.0,0.0,GRIEVANCE REDRESS SERVICES,0.2158,0.2653,0.9845,REF012,0.3697,shortlist,,20260918T0131-7dd1a33,discover-1
c0064,32,32,28,27,0.3857,access_connectivity,0.7233,0.0,0.0,Results Chain,0.1768,0.1939,0.922,REF030,0.2794,shortlist,,20260918T0131-7dd1a33,discover-1
c0117,32,32,26,18,0.2571,access_connectivity,0.7219,0.1875,0.2812,Project Development Objective,0.1428,0.292,0.8019,REF005,0.3898,shortlist,,20260918T0131-7dd1a33,discover-1
c0131,32,32,26,25,0.3571,dpi,0.8805,0.0,0.0625,Project Components,0.1733,0.2637,0.9731,REF030,0.317,shortlist,,20260918T0131-7dd1a33,discover-1
c0147,32,32,31,32,0.4571,dpi,0.9602,0.0,1.0,KEY RISKS,0.1877,0.3532,0.8842,REF030,0.3867,junk,junk_section_share>=0.6,20260918T0131-7dd1a33,discover-1
c0153,32,30,22,20,0.2857,drm_ews,0.963,0.0625,0.8438,KEY RISKS,0.115,0.4281,0.7633,REF030,0.445,junk,junk_section_share>=0.6,20260918T0131-7dd1a33,discover-1
c0214,32,27,17,15,0.2143,access_connectivity,0.7223,0.0,0.125,Sectoral and Institutional Context,0.0878,0.2791,0.7538,REF046,0.4467,shortlist,,20260918T0131-7dd1a33,discover-1
c0219,32,30,27,26,0.3714,dpi,1.0,0.0938,0.75,Results Monitoring and Evaluation Arrangements,0.1472,0.2601,0.7961,REF021,0.3177,junk,junk_section_share>=0.6,20260918T0131-7dd1a33,discover-1
c0242,32,29,22,25,0.3571,access_connectivity,0.7664,0.0,0.1562,Project Components,0.1104,0.3006,0.7325,REF052,0.3668,shortlist,,20260918T0131-7dd1a33,discover-1
c0279,32,31,27,27,0.3857,cybersecurity,0.9141,0.0,0.75,Implementation Arrangements and Support Plan,0.1232,0.3519,0.666,REF008,0.3348,junk,junk_section_share>=0.6,20260918T0131-7dd1a33,discover-1
c0288,32,26,18,20,0.2857,access_connectivity,0.7577,0.0,0.0938,Relevance to Higher Level Objectives,0.0794,0.346,0.6442,REF030,0.4177,shortlist,,20260918T0131-7dd1a33,discover-1
c0368,32,32,20,19,0.2714,access_connectivity,0.8648,0.0,0.5938,Implementation Arrangements and Support Plan,0.0918,0.331,0.6702,REF056,0.3411,shortlist,,20260918T0131-7dd1a33,discover-1
c0420,32,30,22,20,0.2857,access_connectivity,0.8154,0.0,0.0625,Project Beneficiaries,0.1201,0.2846,0.7969,REF036,0.2959,shortlist,,20260918T0131-7dd1a33,discover-1
c0435,32,31,24,22,0.3143,dpi,0.8401,0.0,0.125,Project Components,0.1157,0.3885,0.7041,REF024,0.5006,shortlist,,20260918T0131-7dd1a33,discover-1
c0472,32,28,22,21,0.3,dpi,0.6686,0.0,0.0938,Project Components,0.1081,0.3049,0.7171,REF062,0.6353,shortlist,,20260918T0131-7dd1a33,discover-1
c0474,32,31,22,22,0.3143,cybersecurity,0.8082,0.0,0.1875,Sectoral and Institutional Context,0.102,0.2471,0.6766,REF063,0.3574,shortlist,,20260918T0131-7dd1a33,discover-1
c0484,32,28,22,15,0.2143,dpi,0.9183,0.0,0.5938,DESCRIPTION OF PROPOSED CHANGES,0.1244,0.2633,0.8257,REF005,0.3039,shortlist,,20260918T0131-7dd1a33,discover-1
c0496,32,29,25,28,0.4,drm_ews,0.7193,0.0,0.0625,"Technical, Economic and Financial Analysis",0.1383,0.5534,0.8077,REF085,0.4901,shortlist,,20260918T0131-7dd1a33,discover-1
c0506,32,32,23,20,0.2857,dpi,0.8344,0.0625,0.1875,Project Development Objective,0.1204,0.2282,0.764,REF005,0.5025,shortlist,,20260918T0131-7dd1a33,discover-1
c0535,32,32,23,21,0.3,access_connectivity,0.8565,0.0,0.125,Country Context,0.1171,0.3506,0.7435,REF051,0.4163,shortlist,,20260918T0131-7dd1a33,discover-1
c0708,32,28,15,12,0.1714,dpi,0.565,0.0,0.0938,Sectoral and Institutional Context,0.0693,0.241,0.6748,REF068,0.5909,shortlist,,20260918T0131-7dd1a33,discover-1
c0712,32,26,12,9,0.1286,submarine_cable,0.8476,0.0,0.125,DETAILED CHANGE(S),0.0502,0.2426,0.6109,REF079,0.2538,shortlist,,20260918T0131-7dd1a33,discover-1
c0725,32,28,20,17,0.2429,cybersecurity,0.8956,0.0625,0.0625,Project Components,0.0957,0.2596,0.6988,REF067,0.429,shortlist,,20260918T0131-7dd1a33,discover-1
c0797,32,31,24,23,0.3286,access_connectivity,0.7842,0.0,0.5,Lessons Learned and Reflected in the Project Design,0.1268,0.2852,0.7717,REF005,0.5029,shortlist,,20260918T0131-7dd1a33,discover-1
c0000,31,31,31,34,0.4857,,0.0,0.0,0.0,GRIEVANCE REDRESS SERVICES,0.2123,0.2704,1.0,REF031,0.3524,shortlist,,20260918T0131-7dd1a33,discover-1
c0007,31,31,31,34,0.4857,,0.0,0.0,0.0,GRIEVANCE REDRESS SERVICES,0.211,0.2541,0.9938,REF030,0.3077,shortlist,,20260918T0131-7dd1a33,discover-1
c0008,31,31,17,15,0.2143,access_connectivity,0.9629,0.0,0.4839,Project Components,0.1164,0.1744,1.0,REF023,0.1562,shortlist,,20260918T0131-7dd1a33,discover-1
c0010,31,31,31,34,0.4857,,0.0,0.0,0.0,GRIEVANCE REDRESS SERVICES,0.209,0.2283,0.9845,REF030,0.2777,shortlist,,20260918T0131-7dd1a33,discover-1
c0011,31,31,31,34,0.4857,,0.0,0.0,0.0,GRIEVANCE REDRESS SERVICES,0.2102,0.2625,0.9898,REF030,0.3247,shortlist,,20260918T0131-7dd1a33,discover-1
c0026,31,31,31,30,0.4286,,0.0,0.0,0.0,GRIEVANCE REDRESS SERVICES,0.2084,0.2302,0.9815,REF009,0.2642,shortlist,,20260918T0131-7dd1a33,discover-1
c0027,31,31,31,34,0.4857,,0.0,0.0,0.0,GRIEVANCE REDRESS SERVICES,0.2098,0.2261,0.9881,REF009,0.2825,shortlist,,20260918T0131-7dd1a33,discover-1
c0040,31,31,31,34,0.4857,,0.0,0.0,0.0,GRIEVANCE REDRESS SERVICES,0.2123,0.2505,1.0,REF031,0.2146,shortlist,,20260918T0131-7dd1a33,discover-1
c0066,31,31,22,21,0.3,access_connectivity,0.8962,0.0,0.8065,Implementation Arrangements and Support Plan,0.1241,0.3202,0.8236,REF030,0.2843,junk,junk_section_share>=0.6,20260918T0131-7dd1a33,discover-1
c0070,31,31,30,29,0.4143,dpi,0.9224,0.0,0.0,Project Components,0.2047,0.247,0.996,REF030,0.3178,shortlist,,20260918T0131-7dd1a33,discover-1
c0074,31,31,9,8,0.1143,access_connectivity,0.9122,0.0,0.129,DETAILED CHANGE(S),0.0518,0.2511,0.841,REF036,0.3206,shortlist,,20260918T0131-7dd1a33,discover-1
c0091,31,21,9,9,0.1286,access_connectivity,0.6194,0.0,0.129,Sectoral and Institutional Context,0.039,0.3574,0.6322,REF005,0.3401,shortlist,,20260918T0131-7dd1a33,discover-1
c0346,31,31,20,15,0.2143,dpi,0.875,0.0,0.4516,DESCRIPTION OF PROPOSED CHANGES,0.0849,0.2488,0.6196,REF023,0.2352,shortlist,,20260918T0131-7dd1a33,discover-1
c0430,31,28,23,21,0.3,dpi,0.6426,0.0,0.3548,Project Components,0.1214,0.3294,0.7703,REF038,0.5635,shortlist,,20260918T0131-7dd1a33,discover-1
c0522,31,31,23,21,0.3,access_connectivity,0.8194,0.0,0.7097,Institutional and Implementation Arrangements,0.1347,0.3465,0.8548,REF005,0.3715,junk,junk_section_share>=0.6,20260918T0131-7dd1a33,discover-1
c0567,31,31,21,20,0.2857,dpi,0.758,0.0,0.3226,Project Components,0.1012,0.304,0.7039,REF086,0.3654,shortlist,,20260918T0131-7dd1a33,discover-1
c0621,31,30,18,18,0.2571,dpi,0.7233,0.0,0.6129,Institutional and Implementation Arrangements,0.0885,0.2249,0.7181,REF086,0.4393,junk,junk_section_share>=0.6,20260918T0131-7dd1a33,discover-1
c0671,31,22,15,15,0.2143,drm_ews,0.7941,0.0,0.0968,Country Context,0.0658,0.206,0.64,REF070,0.3717,shortlist,,20260918T0131-7dd1a33,discover-1
c0693,31,23,18,14,0.2,access_connectivity,0.0,0.0,0.7097,Financial Management,0.0879,0.2344,0.7133,REF085,0.2935,junk,junk_section_share>=0.6,20260918T0131-7dd1a33,discover-1
c0039,30,30,30,29,0.4143,,0.0,0.0,0.0,GRIEVANCE REDRESS SERVICES,0.1892,0.2356,0.9209,REF003,0.2429,shortlist,,20260918T0131-7dd1a33,discover-1
c0042,30,30,30,33,0.4714,,0.0,0.0,0.0,GRIEVANCE REDRESS SERVICES,0.2005,0.1601,0.9757,REF030,0.2125,shortlist,,20260918T0131-7dd1a33,discover-1
c0139,30,28,21,23,0.3286,access_connectivity,0.9911,0.0,0.8333,Environmental and Social,0.1122,0.3809,0.7801,REF030,0.4201,junk,junk_section_share>=0.6,20260918T0131-7dd1a33,discover-1
c0174,30,29,19,17,0.2429,access_connectivity,0.9081,0.0,0.2333,Project Components,0.0949,0.3304,0.7296,REF087,0.3021,shortlist,,20260918T0131-7dd1a33,discover-1
c0208,30,25,22,25,0.3571,dpi,0.6208,0.1,0.0333,Relevance to Higher Level Objectives,0.1132,0.2465,0.7515,REF005,0.3847,shortlist,,20260918T0131-7dd1a33,discover-1
c0220,30,29,17,15,0.2143,dpi,0.809,0.0,0.0667,"Technical, Economic, and Financial Analysis",0.0823,0.2719,0.7069,REF054,0.4039,shortlist,,20260918T0131-7dd1a33,discover-1
c0272,30,30,20,17,0.2429,dpi,0.7817,0.0,0.1333,Sectoral and Institutional Context,0.0979,0.3484,0.715,REF006,0.3391,shortlist,,20260918T0131-7dd1a33,discover-1
c0281,30,29,24,22,0.3143,access_connectivity,0.7782,0.0,0.1333,Project Components,0.1162,0.4295,0.7069,REF050,0.3646,shortlist,,20260918T0131-7dd1a33,discover-1
c0400,30,30,20,19,0.2714,dpi,0.9361,0.2,0.1333,Project Components,0.1024,0.2976,0.7472,REF085,0.4159,shortlist,,20260918T0131-7dd1a33,discover-1
c0467,30,28,12,12,0.1714,access_connectivity,0.9697,0.0,0.1667,DESCRIPTION OF ADDITIONAL FINANCING,0.0644,0.2774,0.7831,REF085,0.3211,shortlist,,20260918T0131-7dd1a33,discover-1
c0494,30,30,23,23,0.3286,,0.0,0.0667,1.0,Implementation Arrangements and Support Plan,0.1213,0.352,0.7701,REF030,0.3236,junk,junk_section_share>=0.6,20260918T0131-7dd1a33,discover-1
c0499,30,28,27,18,0.2571,dpi,1.0,0.0,0.2667,Rationale for Restructuring,0.1398,0.2754,0.756,REF005,0.3515,shortlist,,20260918T0131-7dd1a33,discover-1
c0523,30,30,17,16,0.2286,access_connectivity,0.825,0.5333,0.4667,Environmental and Social,0.0923,0.2868,0.7927,REF045,0.3199,shortlist,,20260918T0131-7dd1a33,discover-1
c0538,30,28,22,20,0.2857,,0.0,0.2667,0.9667,Implementation Arrangements and Support Plan,0.1149,0.3003,0.7623,REF085,0.4085,junk,junk_section_share>=0.6,20260918T0131-7dd1a33,discover-1
c0568,30,30,18,18,0.2571,dpi,0.8515,0.0,0.3667,Project Components,0.0918,0.3364,0.7448,REF053,0.3492,shortlist,,20260918T0131-7dd1a33,discover-1
c0583,30,30,21,20,0.2857,drm_ews,0.8012,0.0,0.0667,Project Components,0.1082,0.7258,0.7522,REF041,0.5099,shortlist,,20260918T0131-7dd1a33,discover-1
c0609,30,30,21,19,0.2714,dpi,0.9183,0.4333,0.8667,Institutional and Implementation Arrangements,0.114,0.3078,0.7925,REF053,0.339,junk,junk_section_share>=0.6,20260918T0131-7dd1a33,discover-1
c0610,30,30,26,25,0.3571,drm_ews,0.841,0.1333,0.0333,Relevance to Higher Level Objectives,0.1431,0.421,0.8033,REF085,0.4988,shortlist,,20260918T0131-7dd1a33,discover-1
c0641,30,26,12,14,0.2,dpi,0.8504,0.0,0.1,Country Context,0.0584,0.237,0.7106,REF084,0.3389,shortlist,,20260918T0131-7dd1a33,discover-1
c0651,30,29,25,23,0.3286,,0.0,0.3,0.9333,Implementation Arrangements and Support Plan,0.1399,0.3447,0.8171,REF085,0.4309,junk,junk_section_share>=0.6,20260918T0131-7dd1a33,discover-1
c0661,30,30,23,22,0.3143,dpi,0.7665,0.3667,0.1333,Relevance to Higher Level Objectives,0.1212,0.2276,0.7692,REF079,0.486,shortlist,,20260918T0131-7dd1a33,discover-1
c0698,30,28,19,19,0.2714,data_hosting,1.0,0.2667,0.9667,Implementation Arrangements and Support Plan,0.0971,0.2375,0.7462,REF045,0.4278,junk,junk_section_share>=0.6,20260918T0131-7dd1a33,discover-1
c0750,30,28,21,24,0.3429,access_connectivity,0.8773,0.0,0.0333,Sectoral and Institutional Context,0.1053,0.2911,0.7318,REF061,0.4712,shortlist,,20260918T0131-7dd1a33,discover-1
c0763,30,29,24,20,0.2857,access_connectivity,0.6485,0.0,0.4333,DESCRIPTION OF PROPOSED CHANGES,0.1329,0.2587,0.8086,REF046,0.4536,shortlist,,20260918T0131-7dd1a33,discover-1
c0766,30,25,19,18,0.2571,access_connectivity,0.4967,0.1,0.9,KEY RISKS,0.0929,0.3111,0.7135,REF043,0.5253,junk,junk_section_share>=0.6,20260918T0131-7dd1a33,discover-1
c0771,30,28,19,18,0.2571,access_connectivity,0.4416,0.0,0.4667,Lessons Learned and Reflected in the Project Design,0.0994,0.3331,0.7641,REF045,0.4626,shortlist,,20260918T0131-7dd1a33,discover-1
c0776,30,28,17,16,0.2286,access_connectivity,0.9194,0.0,0.1333,Detailed Project Description,0.1014,0.242,0.8712,REF067,0.4655,shortlist,,20260918T0131-7dd1a33,discover-1
c0015,29,29,29,33,0.4714,,0.0,0.0,0.069,GRIEVANCE REDRESS SERVICES,0.1926,0.3071,0.9698,REF030,0.3226,shortlist,,20260918T0131-7dd1a33,discover-1
c0035,29,21,21,20,0.2857,,0.0,0.0,0.0,GRIEVANCE REDRESS SERVICES,0.1438,0.2191,1.0,REF041,0.198,shortlist,,20260918T0131-7dd1a33,discover-1
c0080,29,28,19,22,0.3143,dpi,0.9285,0.0,0.2069,Project Components,0.12,0.2548,0.9225,REF027,0.3062,shortlist,,20260918T0131-7dd1a33,discover-1
c0108,29,24,20,15,0.2143,dpi,0.0,0.0,0.6897,Implementation Arrangements and Support Plan,0.0883,0.2873,0.6447,REF031,0.3202,junk,junk_section_share>=0.6,20260918T0131-7dd1a33,discover-1
c0113,29,29,22,21,0.3,access_connectivity,0.9364,0.0,0.1034,Sectoral and Institutional Context,0.1074,0.4818,0.7125,REF036,0.4372,shortlist,,20260918T0131-7dd1a33,discover-1
c0171,29,24,20,18,0.2571,dpi,0.8322,0.0,0.5172,KEY RISKS,0.0889,0.2167,0.6488,REF083,0.3306,shortlist,,20260918T0131-7dd1a33,discover-1
c0177,29,27,7,10,0.1429,access_connectivity,0.704,0.0,0.3793,Project Components,0.0362,0.3784,0.7556,REF023,0.3854,shortlist,,20260918T0131-7dd1a33,discover-1
c0188,29,29,18,19,0.2714,dpi,0.9215,0.0,0.1724,"Technical, Economic, and Financial Analysis",0.0796,0.3627,0.6454,REF086,0.2022,shortlist,,20260918T0131-7dd1a33,discover-1
c0203,29,29,23,22,0.3143,access_connectivity,0.6714,0.0,0.069,Project Components,0.115,0.3614,0.7298,REF038,0.3495,shortlist,,20260918T0131-7dd1a33,discover-1
c0256,29,28,20,19,0.2714,dpi,0.961,0.0,0.4828,Implementation Arrangements and Support Plan,0.105,0.3674,0.7666,REF066,0.3721,shortlist,,20260918T0131-7dd1a33,discover-1
c0347,29,17,5,4,0.0571,data_hosting,0.9986,0.0,0.5862,PROJECT STATUS AND RATIONALE FOR RESTRUCTURING,0.0238,0.3034,0.694,REF036,0.4369,shortlist,,20260918T0131-7dd1a33,discover-1
c0356,29,29,24,20,0.2857,dpi,0.961,0.069,0.3103,Project Components,0.1232,0.3112,0.7494,REF030,0.2809,shortlist,,20260918T0131-7dd1a33,discover-1
c0362,29,25,17,15,0.2143,dpi,0.5579,0.0,0.0,"Technical, Economic and Financial Analysis",0.0856,0.3241,0.7349,REF011,0.4091,shortlist,,20260918T0131-7dd1a33,discover-1
c0375,29,27,16,16,0.2286,access_connectivity,0.8075,0.3793,0.0,"Technical, Economic and Financial Analysis",0.0833,0.2551,0.7599,REF005,0.3093,shortlist,,20260918T0131-7dd1a33,discover-1
c0401,29,29,22,20,0.2857,access_connectivity,0.7184,0.0,0.2069,Project Components,0.118,0.3057,0.7828,REF045,0.3138,shortlist,,20260918T0131-7dd1a33,discover-1
c0443,29,27,14,15,0.2143,access_connectivity,0.9232,0.0,0.5517,KEY RISKS,0.0765,0.2993,0.7979,REF046,0.3154,shortlist,,20260918T0131-7dd1a33,discover-1
c0476,29,27,23,19,0.2714,access_connectivity,0.9206,0.0,0.2759,PROJECT STATUS AND RATIONALE FOR RESTRUCTURING,0.1247,0.2137,0.7916,REF063,0.2949,shortlist,,20260918T0131-7dd1a33,discover-1
c0483,29,25,18,12,0.1714,,0.0,0.0,0.6207,DESCRIPTION OF PROPOSED CHANGES,0.0976,0.3151,0.7918,REF030,0.3362,junk,junk_section_share>=0.6,20260918T0131-7dd1a33,discover-1
c0502,29,28,20,19,0.2714,dpi,0.9212,0.0,0.931,Institutional and Implementation Arrangements,0.1073,0.1855,0.7831,REF086,0.2741,junk,junk_section_share>=0.6,20260918T0131-7dd1a33,discover-1
c0582,29,25,18,18,0.2571,drm_ews,0.0,0.2759,0.931,Implementation Arrangements and Support Plan,0.0957,0.2314,0.7766,REF045,0.4348,junk,junk_section_share>=0.6,20260918T0131-7dd1a33,discover-1
c0599,29,22,17,16,0.2286,dpi,0.8869,0.0,0.3448,KEY RISKS,0.0808,0.3751,0.6937,REF083,0.3217,shortlist,,20260918T0131-7dd1a33,discover-1
c0624,29,29,22,22,0.3143,drm_ews,0.7536,0.0,0.069,Project Components,0.1228,0.6523,0.8147,REF085,0.6117,shortlist,,20260918T0131-7dd1a33,discover-1
c0656,29,29,21,20,0.2857,access_connectivity,0.0,0.0,1.0,Implementation Arrangements and Support Plan,0.1375,0.2699,0.956,REF009,0.3094,junk,junk_section_share>=0.6,20260918T0131-7dd1a33,discover-1
c0662,29,25,15,15,0.2143,dpi,0.0,0.0,0.8621,Implementation Arrangements and Support Plan,0.0725,0.3015,0.7055,REF066,0.3418,junk,junk_section_share>=0.6,20260918T0131-7dd1a33,discover-1
c0664,29,25,19,20,0.2857,,0.0,0.0,0.9655,Implementation Arrangements and Support Plan,0.1035,0.2602,0.7953,REF045,0.4019,junk,junk_section_share>=0.6,20260918T0131-7dd1a33,discover-1
c0678,29,27,18,18,0.2571,access_connectivity,0.9206,0.3448,0.1034,Project Components,0.0917,0.2234,0.7434,REF011,0.4899,shortlist,,20260918T0131-7dd1a33,discover-1
c0730,29,28,20,20,0.2857,dpi,0.8852,0.0,0.0345,Sectoral and Institutional Context,0.0896,0.257,0.6542,REF011,0.1751,shortlist,,20260918T0131-7dd1a33,discover-1
c0762,29,29,21,19,0.2714,cybersecurity,0.9089,0.0,0.1379,Project Components,0.1127,0.2602,0.7834,REF012,0.5271,shortlist,,20260918T0131-7dd1a33,discover-1
c0779,29,27,23,20,0.2857,dpi,0.8699,0.0,0.069,Sectoral and Institutional Context,0.1194,0.267,0.7576,REF079,0.4619,shortlist,,20260918T0131-7dd1a33,discover-1
c0034,28,22,22,22,0.3143,,0.0,0.0,0.0,GRIEVANCE REDRESS SERVICES,0.1507,0.2191,1.0,REF041,0.198,shortlist,,20260918T0131-7dd1a33,discover-1
c0077,28,26,18,16,0.2286,access_connectivity,0.7755,0.0,0.7143,Implementation Arrangements and Support Plan,0.1026,0.2726,0.8324,REF024,0.2715,junk,junk_section_share>=0.6,20260918T0131-7dd1a33,discover-1
c0202,28,25,20,21,0.3,dpi,0.0,0.0,0.8214,Implementation Arrangements and Support Plan,0.0898,0.3296,0.6553,REF030,0.4456,junk,junk_section_share>=0.6,20260918T0131-7dd1a33,discover-1
c0218,28,24,17,16,0.2286,dpi,0.8675,0.0,0.1071,Sectoral and Institutional Context,0.0876,0.4161,0.7521,REF061,0.3922,shortlist,,20260918T0131-7dd1a33,discover-1
c0225,28,28,21,22,0.3143,dpi,0.6803,0.0,0.1071,Project Components,0.0987,0.3829,0.6863,REF038,0.2977,shortlist,,20260918T0131-7dd1a33,discover-1
c0319,28,28,23,22,0.3143,dpi,0.8338,0.0,0.25,Project Components,0.1028,0.3189,0.6527,REF057,0.2041,shortlist,,20260918T0131-7dd1a33,discover-1
c0394,28,28,17,15,0.2143,access_connectivity,0.971,0.0,0.3929,Environmental and Social,0.0919,0.3289,0.7895,REF031,0.381,shortlist,,20260918T0131-7dd1a33,discover-1
c0500,28,28,18,17,0.2429,access_connectivity,0.8044,0.0,0.1786,Project Components,0.0886,0.387,0.719,REF037,0.4557,shortlist,,20260918T0131-7dd1a33,discover-1
c0504,28,26,24,16,0.2286,access_connectivity,0.7897,0.0,0.2857,Project Status,0.1278,0.2283,0.7775,REF009,0.2837,shortlist,,20260918T0131-7dd1a33,discover-1
c0559,28,28,24,24,0.3429,dpi,0.6696,0.1071,0.3571,Project Beneficiaries,0.1247,0.2113,0.7583,REF005,0.4426,shortlist,,20260918T0131-7dd1a33,discover-1
c0570,28,26,18,18,0.2571,access_connectivity,1.0,0.0,0.8214,Implementation Arrangements and Support Plan,0.0893,0.2327,0.7239,REF045,0.3958,junk,junk_section_share>=0.6,20260918T0131-7dd1a33,discover-1
c0571,28,27,23,24,0.3429,access_connectivity,0.65,0.0,0.7857,Environmental and Social,0.1167,0.3516,0.741,REF011,0.5677,junk,junk_section_share>=0.6,20260918T0131-7dd1a33,discover-1
c0625,28,26,9,9,0.1286,dpi,0.4416,0.0,0.3571,Project Components,0.0431,0.2954,0.6999,REF069,0.4726,shortlist,,20260918T0131-7dd1a33,discover-1
c0741,28,20,16,16,0.2286,dpi,0.9328,0.0,0.0357,Country Context,0.0823,0.2513,0.7509,REF085,0.3286,shortlist,,20260918T0131-7dd1a33,discover-1
c0768,28,28,19,20,0.2857,access_connectivity,0.4784,0.0,0.2857,Project Components,0.1037,0.2442,0.7972,REF046,0.6037,shortlist,,20260918T0131-7dd1a33,discover-1
c0041,27,27,27,24,0.3429,,0.0,0.0,0.0,DETAILED CHANGE(S),0.1807,0.1822,0.9772,REF005,0.3041,shortlist,,20260918T0131-7dd1a33,discover-1
c0062,27,27,19,19,0.2714,dpi,0.8699,0.0,0.6667,Implementation Arrangements and Support Plan,0.1265,0.1586,0.9724,REF034,0.1723,junk,junk_section_share>=0.6,20260918T0131-7dd1a33,discover-1
c0135,27,24,18,21,0.3,access_connectivity,0.7642,0.0,0.0,Relevance to Higher Level Objectives,0.0986,0.211,0.7996,REF011,0.4597,shortlist,,20260918T0131-7dd1a33,discover-1
c0142,27,27,26,28,0.4,cybersecurity,0.8342,0.0,1.0,KEY RISKS,0.1591,0.3704,0.8936,REF030,0.357,junk,junk_section_share>=0.6,20260918T0131-7dd1a33,discover-1
c0151,27,27,20,16,0.2286,access_connectivity,0.8113,0.0741,0.8148,Implementation Arrangements and Support Plan,0.1106,0.3813,0.8077,REF030,0.4636,junk,junk_section_share>=0.6,20260918T0131-7dd1a33,discover-1
c0185,27,25,15,14,0.2,access_connectivity,0.8113,0.1852,0.0741,Project Components,0.0806,0.2399,0.7842,REF067,0.5467,shortlist,,20260918T0131-7dd1a33,discover-1
c0198,27,16,14,13,0.1857,dpi,0.6194,0.0,0.037,Technical and Economic Analysis,0.0738,0.321,0.7693,REF003,0.3082,shortlist,,20260918T0131-7dd1a33,discover-1
c0205,27,23,14,12,0.1714,access_connectivity,0.0,0.0741,0.1111,Project Components,0.0689,0.26,0.7186,REF059,0.5308,shortlist,,20260918T0131-7dd1a33,discover-1
c0257,27,26,20,20,0.2857,dpi,0.7744,0.0,0.4444,Implementation Arrangements and Support Plan,0.1098,0.3542,0.8015,REF079,0.3598,shortlist,,20260918T0131-7dd1a33,discover-1
c0304,27,26,20,20,0.2857,access_connectivity,0.9183,0.0,0.4815,Implementation Arrangements and Support Plan,0.1036,0.3909,0.7563,REF030,0.3811,shortlist,,20260918T0131-7dd1a33,discover-1
c0308,27,26,20,19,0.2714,dpi,0.7233,0.0,0.1852,Project Components,0.0958,0.3269,0.6993,REF030,0.341,shortlist,,20260918T0131-7dd1a33,discover-1
c0313,27,27,22,21,0.3,dpi,0.846,0.0,0.1481,Sectoral and Institutional Context,0.1223,0.3629,0.8113,REF025,0.2876,shortlist,,20260918T0131-7dd1a33,discover-1
c0340,27,25,23,22,0.3143,access_connectivity,0.6784,0.0,0.7407,Implementation Arrangements and Support Plan,0.1169,0.3003,0.7419,REF030,0.3218,junk,junk_section_share>=0.6,20260918T0131-7dd1a33,discover-1
c0367,27,27,10,9,0.1286,dpi,0.8043,0.0,0.0741,Project Components,0.0622,0.2609,0.9086,REF057,0.2746,shortlist,,20260918T0131-7dd1a33,discover-1
c0407,27,27,22,21,0.3,access_connectivity,1.0,0.0,0.963,Implementation Arrangements and Support Plan,0.1233,0.2621,0.8184,REF009,0.4058,junk,junk_section_share>=0.6,20260918T0131-7dd1a33,discover-1
c0418,27,26,17,19,0.2714,dpi,0.676,0.037,0.0741,Project Components,0.091,0.2856,0.7814,REF021,0.5076,shortlist,,20260918T0131-7dd1a33,discover-1
c0419,27,22,19,23,0.3286,access_connectivity,0.7577,0.037,0.0,"Technical, Economic and Financial Analysis",0.101,0.4367,0.776,REF085,0.4221,shortlist,,20260918T0131-7dd1a33,discover-1
c0487,27,26,25,21,0.3,access_connectivity,0.9165,0.0,0.4074,Project Components,0.1574,0.2138,0.9192,REF053,0.213,shortlist,,20260918T0131-7dd1a33,discover-1
c0498,27,27,20,18,0.2571,access_connectivity,0.0,0.0741,0.8148,Environmental and Social,0.1089,0.3678,0.795,REF030,0.3086,junk,junk_section_share>=0.6,20260918T0131-7dd1a33,discover-1
c0533,27,20,17,16,0.2286,access_connectivity,0.0,0.4815,0.7407,Results Monitoring and Evaluation Arrangements,0.0925,0.3055,0.794,REF021,0.5125,junk,junk_section_share>=0.6,20260918T0131-7dd1a33,discover-1
c0646,27,22,19,17,0.2429,,0.0,0.1111,0.9259,Implementation Arrangements and Support Plan,0.1022,0.3338,0.7852,REF085,0.3645,junk,junk_section_share>=0.6,20260918T0131-7dd1a33,discover-1
c0657,27,26,25,25,0.3571,cybersecurity,1.0,0.0,0.963,Implementation Arrangements and Support Plan,0.1474,0.2385,0.8611,REF030,0.3657,junk,junk_section_share>=0.6,20260918T0131-7dd1a33,discover-1
c0691,27,27,19,17,0.2429,dpi,0.8113,0.0,0.7407,Implementation Arrangements and Support Plan,0.0985,0.2862,0.757,REF045,0.4689,junk,junk_section_share>=0.6,20260918T0131-7dd1a33,discover-1
c0751,27,23,18,19,0.2714,access_connectivity,0.714,0.037,0.0,Project Components,0.0906,0.3202,0.7346,REF043,0.497,shortlist,,20260918T0131-7dd1a33,discover-1
c0777,27,27,20,19,0.2714,dpi,0.8892,0.0,0.037,"Technical, Economic and Financial Analysis",0.118,0.2262,0.8614,REF067,0.4638,shortlist,,20260918T0131-7dd1a33,discover-1
c0801,27,23,20,19,0.2714,access_connectivity,0.9957,0.1111,0.037,Relevance to Higher Level Objectives,0.1116,0.226,0.8144,REF056,0.4769,shortlist,,20260918T0131-7dd1a33,discover-1
c0075,26,26,18,20,0.2857,cybersecurity,0.9183,0.0,0.6923,Implementation Arrangements and Support Plan,0.1002,0.2975,0.8131,REF063,0.2896,junk,junk_section_share>=0.6,20260918T0131-7dd1a33,discover-1
c0101,26,23,8,7,0.1,data_hosting,0.9947,0.0,0.0769,Project Implementation Status,0.0416,0.2801,0.7594,REF036,0.4779,shortlist,,20260918T0131-7dd1a33,discover-1
c0217,26,18,11,11,0.1571,dpi,0.7128,0.0,0.1154,Sectoral and Institutional Context,0.0576,0.1397,0.7647,REF006,0.4287,shortlist,,20260918T0131-7dd1a33,discover-1
c0233,26,25,14,12,0.1714,dpi,0.7224,0.0,0.0,Technical and Economic Analysis,0.0736,0.2457,0.7679,REF029,0.3017,shortlist,,20260918T0131-7dd1a33,discover-1
c0271,26,26,14,14,0.2,dpi,0.5591,0.0,0.0769,Project Components,0.0707,0.2432,0.7374,REF001,0.5897,shortlist,,20260918T0131-7dd1a33,discover-1
c0310,26,26,21,21,0.3,dpi,0.9151,0.0,0.3077,Project Components,0.1058,0.3013,0.7359,REF060,0.2715,shortlist,,20260918T0131-7dd1a33,discover-1
c0312,26,25,15,13,0.1857,access_connectivity,1.0,0.0,0.4231,DESCRIPTION OF PROPOSED CHANGES,0.0865,0.2537,0.8415,REF030,0.3005,shortlist,,20260918T0131-7dd1a33,discover-1
c0325,26,26,17,15,0.2143,access_connectivity,0.9206,0.0,0.6923,Implementation Arrangements and Support Plan,0.0897,0.2795,0.7706,REF030,0.3136,junk,junk_section_share>=0.6,20260918T0131-7dd1a33,discover-1
c0384,26,24,15,14,0.2,dpi,0.875,0.0,0.1538,Project Components,0.0765,0.3249,0.745,REF067,0.5245,shortlist,,20260918T0131-7dd1a33,discover-1
c0427,26,22,20,15,0.2143,access_connectivity,0.8113,0.1923,0.2692,Environmental and Social,0.1054,0.2703,0.7695,REF030,0.386,shortlist,,20260918T0131-7dd1a33,discover-1
c0448,26,26,8,8,0.1143,cybersecurity,0.9387,0.0,0.0,Project Components,0.0508,0.2561,0.9266,REF006,0.3361,shortlist,,20260918T0131-7dd1a33,discover-1
c0449,26,26,19,19,0.2714,,0.0,0.0,1.0,Implementation Arrangements and Support Plan,0.1167,0.2371,0.8969,REF045,0.3988,junk,junk_section_share>=0.6,20260918T0131-7dd1a33,discover-1
c0455,26,24,12,15,0.2143,data_hosting,0.8174,0.0769,0.0,"Technical, Economic and Financial Analysis",0.0607,0.5424,0.7381,REF051,0.7752,shortlist,,20260918T0131-7dd1a33,discover-1
c0473,26,26,23,21,0.3,access_connectivity,0.8359,0.0,0.1923,Project Components,0.1203,0.3362,0.7639,REF046,0.4433,shortlist,,20260918T0131-7dd1a33,discover-1
c0510,26,26,25,23,0.3286,access_connectivity,0.9183,0.0,0.7692,Implementation Arrangements and Support Plan,0.1293,0.3121,0.7549,REF045,0.3753,junk,junk_section_share>=0.6,20260918T0131-7dd1a33,discover-1
c0514,26,24,14,13,0.1857,dpi,0.6208,0.0,0.0769,Project Components,0.0759,0.2839,0.7913,REF036,0.4645,shortlist,,20260918T0131-7dd1a33,discover-1
c0526,26,25,20,23,0.3286,access_connectivity,0.5762,0.4615,0.4231,As part of the Procurement Risk Assessment Management System (PRAMS) exercise carried out,0.1022,0.339,0.746,REF037,0.3457,shortlist,,20260918T0131-7dd1a33,discover-1
c0592,26,24,21,22,0.3143,,0.0,0.1154,1.0,Implementation Arrangements and Support Plan,0.1196,0.2026,0.8315,REF045,0.3861,junk,junk_section_share>=0.6,20260918T0131-7dd1a33,discover-1
c0670,26,20,16,15,0.2143,access_connectivity,0.7744,0.0,0.0385,Sectoral and Institutional Context,0.082,0.1495,0.7482,REF011,0.3033,shortlist,,20260918T0131-7dd1a33,discover-1
c0731,26,10,5,4,0.0571,dpi,0.8101,0.0,0.1154,Country Context,0.0249,0.3007,0.7278,REF054,0.2136,shortlist,,20260918T0131-7dd1a33,discover-1
c0748,26,17,15,12,0.1714,cybersecurity,0.8509,0.0,0.0769,Corporate Commitments,0.0846,0.2627,0.8238,REF011,0.5487,shortlist,,20260918T0131-7dd1a33,discover-1
c0792,26,19,4,2,0.0286,access_connectivity,0.0,0.0,0.0769,Proposed Changes,0.0224,0.2381,0.8158,REF053,0.432,junk,n_projects<3,20260918T0131-7dd1a33,discover-1
c0794,26,26,20,13,0.1857,access_connectivity,1.0,0.0,0.5,PROJECT STATUS AND RATIONALE FOR RESTRUCTURING,0.106,0.2278,0.7742,REF005,0.4497,shortlist,,20260918T0131-7dd1a33,discover-1
c0019,25,25,18,17,0.2429,access_connectivity,0.9338,0.0,0.32,Project Components,0.1233,0.2216,1.0,REF057,0.1453,shortlist,,20260918T0131-7dd1a33,discover-1
c0092,25,24,24,17,0.2429,dpi,0.971,0.0,0.48,Project Status,0.1349,0.2592,0.8207,REF045,0.3459,shortlist,,20260918T0131-7dd1a33,discover-1
c0097,25,23,20,20,0.2857,,0.0,0.24,0.8,Implementation Arrangements and Support Plan,0.1071,0.2853,0.7818,REF085,0.31,junk,junk_section_share>=0.6,20260918T0131-7dd1a33,discover-1
c0100,25,24,14,9,0.1286,dpi,0.4262,0.0,0.24,Project Components,0.0769,0.2347,0.8019,REF005,0.5658,shortlist,,20260918T0131-7dd1a33,discover-1
c0115,25,25,18,18,0.2571,,0.0,0.0,0.72,Implementation Arrangements and Support Plan,0.0896,0.3409,0.7264,REF085,0.308,junk,junk_section_share>=0.6,20260918T0131-7dd1a33,discover-1
c0125,25,25,18,18,0.2571,dpi,0.9212,0.0,0.28,Results Monitoring and Evaluation Arrangements,0.0921,0.2752,0.7473,REF030,0.4062,shortlist,,20260918T0131-7dd1a33,discover-1
c0128,25,25,20,16,0.2286,dpi,0.969,0.0,0.88,DESCRIPTION OF PROPOSED CHANGES,0.1004,0.3064,0.7329,REF030,0.3468,junk,junk_section_share>=0.6,20260918T0131-7dd1a33,discover-1
c0159,25,23,16,14,0.2,access_connectivity,0.5817,0.0,0.76,Environmental and Social,0.0792,0.5002,0.7226,REF030,0.349,junk,junk_section_share>=0.6,20260918T0131-7dd1a33,discover-1
c0161,25,24,16,17,0.2429,access_connectivity,0.0,0.0,0.76,Environmental and Social,0.0838,0.5567,0.7646,REF008,0.3751,junk,junk_section_share>=0.6,20260918T0131-7dd1a33,discover-1
c0187,25,25,19,20,0.2857,cybersecurity,0.8292,0.0,0.2,Project Components,0.0977,0.2798,0.7506,REF045,0.2782,shortlist,,20260918T0131-7dd1a33,discover-1
c0197,25,24,19,18,0.2571,access_connectivity,0.8635,0.0,0.2,Project Components,0.0938,0.3549,0.7211,REF089,0.3494,shortlist,,20260918T0131-7dd1a33,discover-1
c0338,25,25,20,15,0.2143,dpi,0.9139,0.0,0.6,DESCRIPTION OF PROPOSED CHANGES,0.0855,0.3971,0.6245,REF075,0.2256,junk,junk_section_share>=0.6,20260918T0131-7dd1a33,discover-1
c0399,25,25,23,22,0.3143,access_connectivity,0.8587,0.0,0.32,Project Components,0.1261,0.3308,0.8007,REF053,0.3797,shortlist,,20260918T0131-7dd1a33,discover-1
c0408,25,25,18,16,0.2286,cybersecurity,0.0,0.76,1.0,Fiduciary,0.1141,0.2155,0.9251,REF009,0.3717,junk,junk_section_share>=0.6,20260918T0131-7dd1a33,discover-1
c0423,25,24,20,17,0.2429,access_connectivity,0.9457,0.0,0.04,"Technical, Economic and Financial Analysis",0.103,0.3676,0.752,REF006,0.3339,shortlist,,20260918T0131-7dd1a33,discover-1
c0437,25,25,20,21,0.3,access_connectivity,0.8322,0.0,0.24,KEY RISKS,0.1173,0.3236,0.8566,REF043,0.3686,shortlist,,20260918T0131-7dd1a33,discover-1
c0481,25,21,2,2,0.0286,dpi,0.6595,0.0,0.28,Timelines and Additional Details of Project Activities,0.0104,0.2527,0.7597,REF068,0.3522,junk,n_projects<3,20260918T0131-7dd1a33,discover-1
c0497,25,23,16,11,0.1571,dpi,0.971,0.12,0.6,PROJECT STATUS AND RATIONALE FOR RESTRUCTURING,0.0803,0.3561,0.7325,REF030,0.2963,junk,junk_section_share>=0.6,20260918T0131-7dd1a33,discover-1
c0603,25,25,5,4,0.0571,submarine_cable,0.0,0.0,0.32,DETAILED CHANGE(S),0.0269,0.1544,0.7859,REF005,0.2288,shortlist,,20260918T0131-7dd1a33,discover-1
c0644,25,25,17,19,0.2714,dpi,0.9112,0.0,0.16,Lessons Learned and Reflected in the Project Design,0.0907,0.2832,0.7792,REF005,0.3312,shortlist,,20260918T0131-7dd1a33,discover-1
c0673,25,23,12,11,0.1571,dpi,0.7973,0.0,0.2,Sectoral and Institutional Context,0.0582,0.2728,0.7081,REF068,0.5441,shortlist,,20260918T0131-7dd1a33,discover-1
c0720,25,21,16,15,0.2143,dpi,1.0,0.04,0.88,Implementation Arrangements and Support Plan,0.0784,0.2066,0.7154,REF066,0.3613,junk,junk_section_share>=0.6,20260918T0131-7dd1a33,discover-1
